name,variant_signature,ligand_smiles,ligand_name,label,enrichment
nitazene_59_A,59A;81V;83V;92M;94E;108V;110I;117L;120A;122G;141E;159A;160V;163V;164V;167N,CCN(CC)CCN1C2=C(C=C(C=C2)[N+](=O)[O-])N=C1CC3=CC=CC=C3,nitazene,0,-5.96
menitazene_59_A,59A;81V;83V;92M;94E;108V;110I;117L;120A;122G;141E;159A;160V;163V;164V;167N,CCN(CC)CCN1C2=C(C=C(C=C2)[N+](=O)[O-])N=C1CC3=CC=C(C=C3)OC,menitazene,0,-5.23
nitazene_59_C,59C;81V;83V;92M;94E;108V;110I;117L;120A;122G;141E;159A;160V;163V;164V;167N,CCN(CC)CCN1C2=C(C=C(C=C2)[N+](=O)[O-])N=C1CC3=CC=CC=C3,nitazene,0,-5.41
menitazene_59_C,59C;81V;83V;92M;94E;108V;110I;117L;120A;122G;141E;159A;160V;163V;164V;167N,CCN(CC)CCN1C2=C(C=C(C=C2)[N+](=O)[O-])N=C1CC3=CC=C(C=C3)OC,menitazene,0,-4.11
nitazene_59_D,59D;81V;83V;92M;94E;108V;110I;117L;120A;122G;141E;159A;160V;163V;164V;167N,CCN(CC)CCN1C2=C(C=C(C=C2)[N+](=O)[O-])N=C1CC3=CC=CC=C3,nitazene,0,-4.28
menitazene_59_D,59D;81V;83V;92M;94E;108V;110I;117L;120A;122G;141E;159A;160V;163V;164V;167N,CCN(CC)CCN1C2=C(C=C(C=C2)[N+](=O)[O-])N=C1CC3=CC=C(C=C3)OC,menitazene,0,-3.33
nitazene_59_E,59E;81V;83V;92M;94E;108V;110I;117L;120A;122G;141E;159A;160V;163V;164V;167N,CCN(CC)CCN1C2=C(C=C(C=C2)[N+](=O)[O-])N=C1CC3=CC=CC=C3,nitazene,0,-3.13
nitazene_59_F,59F;81V;83V;92M;94E;108V;110I;117L;120A;122G;141E;159A;160V;163V;164V;167N,CCN(CC)CCN1C2=C(C=C(C=C2)[N+](=O)[O-])N=C1CC3=CC=CC=C3,nitazene,0,-4.71
menitazene_59_F,59F;81V;83V;92M;94E;108V;110I;117L;120A;122G;141E;159A;160V;163V;164V;167N,CCN(CC)CCN1C2=C(C=C(C=C2)[N+](=O)[O-])N=C1CC3=CC=C(C=C3)OC,menitazene,0,-4.99
nitazene_59_G,59G;81V;83V;92M;94E;108V;110I;117L;120A;122G;141E;159A;160V;163V;164V;167N,CCN(CC)CCN1C2=C(C=C(C=C2)[N+](=O)[O-])N=C1CC3=CC=CC=C3,nitazene,0,-5.23
menitazene_59_G,59G;81V;83V;92M;94E;108V;110I;117L;120A;122G;141E;159A;160V;163V;164V;167N,CCN(CC)CCN1C2=C(C=C(C=C2)[N+](=O)[O-])N=C1CC3=CC=C(C=C3)OC,menitazene,0,-5.77
nitazene_59_H,59H;81V;83V;92M;94E;108V;110I;117L;120A;122G;141E;159A;160V;163V;164V;167N,CCN(CC)CCN1C2=C(C=C(C=C2)[N+](=O)[O-])N=C1CC3=CC=CC=C3,nitazene,0,-4.71
menitazene_59_H,59H;81V;83V;92M;94E;108V;110I;117L;120A;122G;141E;159A;160V;163V;164V;167N,CCN(CC)CCN1C2=C(C=C(C=C2)[N+](=O)[O-])N=C1CC3=CC=C(C=C3)OC,menitazene,0,-4.4
menitazene_59_I,59I;81V;83V;92M;94E;108V;110I;117L;120A;122G;141E;159A;160V;163V;164V;167N,CCN(CC)CCN1C2=C(C=C(C=C2)[N+](=O)[O-])N=C1CC3=CC=C(C=C3)OC,menitazene,0,-4.61
nitazene_59_K,59K;81V;83V;92M;94E;108V;110I;117L;120A;122G;141E;159A;160V;163V;164V;167N,CCN(CC)CCN1C2=C(C=C(C=C2)[N+](=O)[O-])N=C1CC3=CC=CC=C3,nitazene,0,-3.03
nitazene_59_L,59L;81V;83V;92M;94E;108V;110I;117L;120A;122G;141E;159A;160V;163V;164V;167N,CCN(CC)CCN1C2=C(C=C(C=C2)[N+](=O)[O-])N=C1CC3=CC=CC=C3,nitazene,0,-5.28
menitazene_59_L,59L;81V;83V;92M;94E;108V;110I;117L;120A;122G;141E;159A;160V;163V;164V;167N,CCN(CC)CCN1C2=C(C=C(C=C2)[N+](=O)[O-])N=C1CC3=CC=C(C=C3)OC,menitazene,0,-4.89
menitazene_59_M,59M;81V;83V;92M;94E;108V;110I;117L;120A;122G;141E;159A;160V;163V;164V;167N,CCN(CC)CCN1C2=C(C=C(C=C2)[N+](=O)[O-])N=C1CC3=CC=C(C=C3)OC,menitazene,1,-0.1
nitazene_59_N,59N;81V;83V;92M;94E;108V;110I;117L;120A;122G;141E;159A;160V;163V;164V;167N,CCN(CC)CCN1C2=C(C=C(C=C2)[N+](=O)[O-])N=C1CC3=CC=CC=C3,nitazene,0,-7.17
menitazene_59_N,59N;81V;83V;92M;94E;108V;110I;117L;120A;122G;141E;159A;160V;163V;164V;167N,CCN(CC)CCN1C2=C(C=C(C=C2)[N+](=O)[O-])N=C1CC3=CC=C(C=C3)OC,menitazene,0,-4.86
nitazene_59_P,59P;81V;83V;92M;94E;108V;110I;117L;120A;122G;141E;159A;160V;163V;164V;167N,CCN(CC)CCN1C2=C(C=C(C=C2)[N+](=O)[O-])N=C1CC3=CC=CC=C3,nitazene,0,-3.16
menitazene_59_P,59P;81V;83V;92M;94E;108V;110I;117L;120A;122G;141E;159A;160V;163V;164V;167N,CCN(CC)CCN1C2=C(C=C(C=C2)[N+](=O)[O-])N=C1CC3=CC=C(C=C3)OC,menitazene,0,-3.76
nitazene_59_Q,59Q;81V;83V;92M;94E;108V;110I;117L;120A;122G;141E;159A;160V;163V;164V;167N,CCN(CC)CCN1C2=C(C=C(C=C2)[N+](=O)[O-])N=C1CC3=CC=CC=C3,nitazene,1,0.0
menitazene_59_Q,59Q;81V;83V;92M;94E;108V;110I;117L;120A;122G;141E;159A;160V;163V;164V;167N,CCN(CC)CCN1C2=C(C=C(C=C2)[N+](=O)[O-])N=C1CC3=CC=C(C=C3)OC,menitazene,1,0.0
nitazene_59_R,59R;81V;83V;92M;94E;108V;110I;117L;120A;122G;141E;159A;160V;163V;164V;167N,CCN(CC)CCN1C2=C(C=C(C=C2)[N+](=O)[O-])N=C1CC3=CC=CC=C3,nitazene,0,-5.89
menitazene_59_R,59R;81V;83V;92M;94E;108V;110I;117L;120A;122G;141E;159A;160V;163V;164V;167N,CCN(CC)CCN1C2=C(C=C(C=C2)[N+](=O)[O-])N=C1CC3=CC=C(C=C3)OC,menitazene,0,-4.46
nitazene_59_S,59S;81V;83V;92M;94E;108V;110I;117L;120A;122G;141E;159A;160V;163V;164V;167N,CCN(CC)CCN1C2=C(C=C(C=C2)[N+](=O)[O-])N=C1CC3=CC=CC=C3,nitazene,0,-4.72
menitazene_59_S,59S;81V;83V;92M;94E;108V;110I;117L;120A;122G;141E;159A;160V;163V;164V;167N,CCN(CC)CCN1C2=C(C=C(C=C2)[N+](=O)[O-])N=C1CC3=CC=C(C=C3)OC,menitazene,0,-5.32
menitazene_59_T,59T;81V;83V;92M;94E;108V;110I;117L;120A;122G;141E;159A;160V;163V;164V;167N,CCN(CC)CCN1C2=C(C=C(C=C2)[N+](=O)[O-])N=C1CC3=CC=C(C=C3)OC,menitazene,0,-4.56
nitazene_59_V,59V;81V;83V;92M;94E;108V;110I;117L;120A;122G;141E;159A;160V;163V;164V;167N,CCN(CC)CCN1C2=C(C=C(C=C2)[N+](=O)[O-])N=C1CC3=CC=CC=C3,nitazene,0,-5.08
menitazene_59_V,59V;81V;83V;92M;94E;108V;110I;117L;120A;122G;141E;159A;160V;163V;164V;167N,CCN(CC)CCN1C2=C(C=C(C=C2)[N+](=O)[O-])N=C1CC3=CC=C(C=C3)OC,menitazene,0,-5.04
nitazene_59_W,59W;81V;83V;92M;94E;108V;110I;117L;120A;122G;141E;159A;160V;163V;164V;167N,CCN(CC)CCN1C2=C(C=C(C=C2)[N+](=O)[O-])N=C1CC3=CC=CC=C3,nitazene,0,-5.08
menitazene_59_W,59W;81V;83V;92M;94E;108V;110I;117L;120A;122G;141E;159A;160V;163V;164V;167N,CCN(CC)CCN1C2=C(C=C(C=C2)[N+](=O)[O-])N=C1CC3=CC=C(C=C3)OC,menitazene,0,-5.78
nitazene_59_Y,59Y;81V;83V;92M;94E;108V;110I;117L;120A;122G;141E;159A;160V;163V;164V;167N,CCN(CC)CCN1C2=C(C=C(C=C2)[N+](=O)[O-])N=C1CC3=CC=CC=C3,nitazene,0,-6.04
menitazene_59_Y,59Y;81V;83V;92M;94E;108V;110I;117L;120A;122G;141E;159A;160V;163V;164V;167N,CCN(CC)CCN1C2=C(C=C(C=C2)[N+](=O)[O-])N=C1CC3=CC=C(C=C3)OC,menitazene,0,-5.32
nitazene_81_A,59Q;81A;83V;92M;94E;108V;110I;117L;120A;122G;141E;159A;160V;163V;164V;167N,CCN(CC)CCN1C2=C(C=C(C=C2)[N+](=O)[O-])N=C1CC3=CC=CC=C3,nitazene,0,-3.95
menitazene_81_A,59Q;81A;83V;92M;94E;108V;110I;117L;120A;122G;141E;159A;160V;163V;164V;167N,CCN(CC)CCN1C2=C(C=C(C=C2)[N+](=O)[O-])N=C1CC3=CC=C(C=C3)OC,menitazene,0,-3.53
nitazene_81_C,59Q;81C;83V;92M;94E;108V;110I;117L;120A;122G;141E;159A;160V;163V;164V;167N,CCN(CC)CCN1C2=C(C=C(C=C2)[N+](=O)[O-])N=C1CC3=CC=CC=C3,nitazene,1,0.14
menitazene_81_C,59Q;81C;83V;92M;94E;108V;110I;117L;120A;122G;141E;159A;160V;163V;164V;167N,CCN(CC)CCN1C2=C(C=C(C=C2)[N+](=O)[O-])N=C1CC3=CC=C(C=C3)OC,menitazene,1,0.03
nitazene_81_D,59Q;81D;83V;92M;94E;108V;110I;117L;120A;122G;141E;159A;160V;163V;164V;167N,CCN(CC)CCN1C2=C(C=C(C=C2)[N+](=O)[O-])N=C1CC3=CC=CC=C3,nitazene,0,-5.15
menitazene_81_D,59Q;81D;83V;92M;94E;108V;110I;117L;120A;122G;141E;159A;160V;163V;164V;167N,CCN(CC)CCN1C2=C(C=C(C=C2)[N+](=O)[O-])N=C1CC3=CC=C(C=C3)OC,menitazene,0,-6.47
nitazene_81_E,59Q;81E;83V;92M;94E;108V;110I;117L;120A;122G;141E;159A;160V;163V;164V;167N,CCN(CC)CCN1C2=C(C=C(C=C2)[N+](=O)[O-])N=C1CC3=CC=CC=C3,nitazene,0,-5.64
menitazene_81_E,59Q;81E;83V;92M;94E;108V;110I;117L;120A;122G;141E;159A;160V;163V;164V;167N,CCN(CC)CCN1C2=C(C=C(C=C2)[N+](=O)[O-])N=C1CC3=CC=C(C=C3)OC,menitazene,0,-5.53
nitazene_81_F,59Q;81F;83V;92M;94E;108V;110I;117L;120A;122G;141E;159A;160V;163V;164V;167N,CCN(CC)CCN1C2=C(C=C(C=C2)[N+](=O)[O-])N=C1CC3=CC=CC=C3,nitazene,0,-5.17
menitazene_81_F,59Q;81F;83V;92M;94E;108V;110I;117L;120A;122G;141E;159A;160V;163V;164V;167N,CCN(CC)CCN1C2=C(C=C(C=C2)[N+](=O)[O-])N=C1CC3=CC=C(C=C3)OC,menitazene,0,-5.33
nitazene_81_G,59Q;81G;83V;92M;94E;108V;110I;117L;120A;122G;141E;159A;160V;163V;164V;167N,CCN(CC)CCN1C2=C(C=C(C=C2)[N+](=O)[O-])N=C1CC3=CC=CC=C3,nitazene,0,-5.46
menitazene_81_G,59Q;81G;83V;92M;94E;108V;110I;117L;120A;122G;141E;159A;160V;163V;164V;167N,CCN(CC)CCN1C2=C(C=C(C=C2)[N+](=O)[O-])N=C1CC3=CC=C(C=C3)OC,menitazene,0,-5.93
nitazene_81_H,59Q;81H;83V;92M;94E;108V;110I;117L;120A;122G;141E;159A;160V;163V;164V;167N,CCN(CC)CCN1C2=C(C=C(C=C2)[N+](=O)[O-])N=C1CC3=CC=CC=C3,nitazene,0,-5.68
menitazene_81_H,59Q;81H;83V;92M;94E;108V;110I;117L;120A;122G;141E;159A;160V;163V;164V;167N,CCN(CC)CCN1C2=C(C=C(C=C2)[N+](=O)[O-])N=C1CC3=CC=C(C=C3)OC,menitazene,0,-5.15
nitazene_81_I,59Q;81I;83V;92M;94E;108V;110I;117L;120A;122G;141E;159A;160V;163V;164V;167N,CCN(CC)CCN1C2=C(C=C(C=C2)[N+](=O)[O-])N=C1CC3=CC=CC=C3,nitazene,1,1.21
menitazene_81_I,59Q;81I;83V;92M;94E;108V;110I;117L;120A;122G;141E;159A;160V;163V;164V;167N,CCN(CC)CCN1C2=C(C=C(C=C2)[N+](=O)[O-])N=C1CC3=CC=C(C=C3)OC,menitazene,1,0.84
nitazene_81_K,59Q;81K;83V;92M;94E;108V;110I;117L;120A;122G;141E;159A;160V;163V;164V;167N,CCN(CC)CCN1C2=C(C=C(C=C2)[N+](=O)[O-])N=C1CC3=CC=CC=C3,nitazene,0,-5.36
menitazene_81_K,59Q;81K;83V;92M;94E;108V;110I;117L;120A;122G;141E;159A;160V;163V;164V;167N,CCN(CC)CCN1C2=C(C=C(C=C2)[N+](=O)[O-])N=C1CC3=CC=C(C=C3)OC,menitazene,0,-6.11
nitazene_81_L,59Q;81L;83V;92M;94E;108V;110I;117L;120A;122G;141E;159A;160V;163V;164V;167N,CCN(CC)CCN1C2=C(C=C(C=C2)[N+](=O)[O-])N=C1CC3=CC=CC=C3,nitazene,1,1.31
menitazene_81_L,59Q;81L;83V;92M;94E;108V;110I;117L;120A;122G;141E;159A;160V;163V;164V;167N,CCN(CC)CCN1C2=C(C=C(C=C2)[N+](=O)[O-])N=C1CC3=CC=C(C=C3)OC,menitazene,1,0.59
nitazene_81_M,59Q;81M;83V;92M;94E;108V;110I;117L;120A;122G;141E;159A;160V;163V;164V;167N,CCN(CC)CCN1C2=C(C=C(C=C2)[N+](=O)[O-])N=C1CC3=CC=CC=C3,nitazene,1,-0.21
nitazene_81_N,59Q;81N;83V;92M;94E;108V;110I;117L;120A;122G;141E;159A;160V;163V;164V;167N,CCN(CC)CCN1C2=C(C=C(C=C2)[N+](=O)[O-])N=C1CC3=CC=CC=C3,nitazene,0,-6.45
menitazene_81_N,59Q;81N;83V;92M;94E;108V;110I;117L;120A;122G;141E;159A;160V;163V;164V;167N,CCN(CC)CCN1C2=C(C=C(C=C2)[N+](=O)[O-])N=C1CC3=CC=C(C=C3)OC,menitazene,0,-5.6
nitazene_81_P,59Q;81P;83V;92M;94E;108V;110I;117L;120A;122G;141E;159A;160V;163V;164V;167N,CCN(CC)CCN1C2=C(C=C(C=C2)[N+](=O)[O-])N=C1CC3=CC=CC=C3,nitazene,0,-5.37
menitazene_81_P,59Q;81P;83V;92M;94E;108V;110I;117L;120A;122G;141E;159A;160V;163V;164V;167N,CCN(CC)CCN1C2=C(C=C(C=C2)[N+](=O)[O-])N=C1CC3=CC=C(C=C3)OC,menitazene,0,-5.26
nitazene_81_Q,59Q;81Q;83V;92M;94E;108V;110I;117L;120A;122G;141E;159A;160V;163V;164V;167N,CCN(CC)CCN1C2=C(C=C(C=C2)[N+](=O)[O-])N=C1CC3=CC=CC=C3,nitazene,0,-4.82
menitazene_81_Q,59Q;81Q;83V;92M;94E;108V;110I;117L;120A;122G;141E;159A;160V;163V;164V;167N,CCN(CC)CCN1C2=C(C=C(C=C2)[N+](=O)[O-])N=C1CC3=CC=C(C=C3)OC,menitazene,0,-5.65
nitazene_81_R,59Q;81R;83V;92M;94E;108V;110I;117L;120A;122G;141E;159A;160V;163V;164V;167N,CCN(CC)CCN1C2=C(C=C(C=C2)[N+](=O)[O-])N=C1CC3=CC=CC=C3,nitazene,0,-5.3
menitazene_81_R,59Q;81R;83V;92M;94E;108V;110I;117L;120A;122G;141E;159A;160V;163V;164V;167N,CCN(CC)CCN1C2=C(C=C(C=C2)[N+](=O)[O-])N=C1CC3=CC=C(C=C3)OC,menitazene,0,-5.76
nitazene_81_S,59Q;81S;83V;92M;94E;108V;110I;117L;120A;122G;141E;159A;160V;163V;164V;167N,CCN(CC)CCN1C2=C(C=C(C=C2)[N+](=O)[O-])N=C1CC3=CC=CC=C3,nitazene,0,-5.11
menitazene_81_S,59Q;81S;83V;92M;94E;108V;110I;117L;120A;122G;141E;159A;160V;163V;164V;167N,CCN(CC)CCN1C2=C(C=C(C=C2)[N+](=O)[O-])N=C1CC3=CC=C(C=C3)OC,menitazene,0,-5.38
nitazene_81_T,59Q;81T;83V;92M;94E;108V;110I;117L;120A;122G;141E;159A;160V;163V;164V;167N,CCN(CC)CCN1C2=C(C=C(C=C2)[N+](=O)[O-])N=C1CC3=CC=CC=C3,nitazene,0,-5.17
menitazene_81_T,59Q;81T;83V;92M;94E;108V;110I;117L;120A;122G;141E;159A;160V;163V;164V;167N,CCN(CC)CCN1C2=C(C=C(C=C2)[N+](=O)[O-])N=C1CC3=CC=C(C=C3)OC,menitazene,0,-6.05
nitazene_81_V,59Q;81V;83V;92M;94E;108V;110I;117L;120A;122G;141E;159A;160V;163V;164V;167N,CCN(CC)CCN1C2=C(C=C(C=C2)[N+](=O)[O-])N=C1CC3=CC=CC=C3,nitazene,1,0.0
menitazene_81_V,59Q;81V;83V;92M;94E;108V;110I;117L;120A;122G;141E;159A;160V;163V;164V;167N,CCN(CC)CCN1C2=C(C=C(C=C2)[N+](=O)[O-])N=C1CC3=CC=C(C=C3)OC,menitazene,1,0.0
nitazene_81_W,59Q;81W;83V;92M;94E;108V;110I;117L;120A;122G;141E;159A;160V;163V;164V;167N,CCN(CC)CCN1C2=C(C=C(C=C2)[N+](=O)[O-])N=C1CC3=CC=CC=C3,nitazene,0,-5.73
menitazene_81_W,59Q;81W;83V;92M;94E;108V;110I;117L;120A;122G;141E;159A;160V;163V;164V;167N,CCN(CC)CCN1C2=C(C=C(C=C2)[N+](=O)[O-])N=C1CC3=CC=C(C=C3)OC,menitazene,0,-5.25
nitazene_81_Y,59Q;81Y;83V;92M;94E;108V;110I;117L;120A;122G;141E;159A;160V;163V;164V;167N,CCN(CC)CCN1C2=C(C=C(C=C2)[N+](=O)[O-])N=C1CC3=CC=CC=C3,nitazene,0,-6.5
menitazene_81_Y,59Q;81Y;83V;92M;94E;108V;110I;117L;120A;122G;141E;159A;160V;163V;164V;167N,CCN(CC)CCN1C2=C(C=C(C=C2)[N+](=O)[O-])N=C1CC3=CC=C(C=C3)OC,menitazene,0,-5.42
nitazene_83_A,59Q;81V;83A;92M;94E;108V;110I;117L;120A;122G;141E;159A;160V;163V;164V;167N,CCN(CC)CCN1C2=C(C=C(C=C2)[N+](=O)[O-])N=C1CC3=CC=CC=C3,nitazene,0,-3.2
menitazene_83_A,59Q;81V;83A;92M;94E;108V;110I;117L;120A;122G;141E;159A;160V;163V;164V;167N,CCN(CC)CCN1C2=C(C=C(C=C2)[N+](=O)[O-])N=C1CC3=CC=C(C=C3)OC,menitazene,0,-3.35
nitazene_83_C,59Q;81V;83C;92M;94E;108V;110I;117L;120A;122G;141E;159A;160V;163V;164V;167N,CCN(CC)CCN1C2=C(C=C(C=C2)[N+](=O)[O-])N=C1CC3=CC=CC=C3,nitazene,0,-4.74
menitazene_83_C,59Q;81V;83C;92M;94E;108V;110I;117L;120A;122G;141E;159A;160V;163V;164V;167N,CCN(CC)CCN1C2=C(C=C(C=C2)[N+](=O)[O-])N=C1CC3=CC=C(C=C3)OC,menitazene,0,-4.39
nitazene_83_D,59Q;81V;83D;92M;94E;108V;110I;117L;120A;122G;141E;159A;160V;163V;164V;167N,CCN(CC)CCN1C2=C(C=C(C=C2)[N+](=O)[O-])N=C1CC3=CC=CC=C3,nitazene,0,-4.98
menitazene_83_D,59Q;81V;83D;92M;94E;108V;110I;117L;120A;122G;141E;159A;160V;163V;164V;167N,CCN(CC)CCN1C2=C(C=C(C=C2)[N+](=O)[O-])N=C1CC3=CC=C(C=C3)OC,menitazene,0,-4.8
nitazene_83_E,59Q;81V;83E;92M;94E;108V;110I;117L;120A;122G;141E;159A;160V;163V;164V;167N,CCN(CC)CCN1C2=C(C=C(C=C2)[N+](=O)[O-])N=C1CC3=CC=CC=C3,nitazene,0,-4.07
menitazene_83_E,59Q;81V;83E;92M;94E;108V;110I;117L;120A;122G;141E;159A;160V;163V;164V;167N,CCN(CC)CCN1C2=C(C=C(C=C2)[N+](=O)[O-])N=C1CC3=CC=C(C=C3)OC,menitazene,0,-5.52
nitazene_83_F,59Q;81V;83F;92M;94E;108V;110I;117L;120A;122G;141E;159A;160V;163V;164V;167N,CCN(CC)CCN1C2=C(C=C(C=C2)[N+](=O)[O-])N=C1CC3=CC=CC=C3,nitazene,1,1.14
menitazene_83_F,59Q;81V;83F;92M;94E;108V;110I;117L;120A;122G;141E;159A;160V;163V;164V;167N,CCN(CC)CCN1C2=C(C=C(C=C2)[N+](=O)[O-])N=C1CC3=CC=C(C=C3)OC,menitazene,1,0.92
nitazene_83_G,59Q;81V;83G;92M;94E;108V;110I;117L;120A;122G;141E;159A;160V;163V;164V;167N,CCN(CC)CCN1C2=C(C=C(C=C2)[N+](=O)[O-])N=C1CC3=CC=CC=C3,nitazene,0,-4.68
menitazene_83_G,59Q;81V;83G;92M;94E;108V;110I;117L;120A;122G;141E;159A;160V;163V;164V;167N,CCN(CC)CCN1C2=C(C=C(C=C2)[N+](=O)[O-])N=C1CC3=CC=C(C=C3)OC,menitazene,0,-6.86
nitazene_83_H,59Q;81V;83H;92M;94E;108V;110I;117L;120A;122G;141E;159A;160V;163V;164V;167N,CCN(CC)CCN1C2=C(C=C(C=C2)[N+](=O)[O-])N=C1CC3=CC=CC=C3,nitazene,0,-6.41
menitazene_83_H,59Q;81V;83H;92M;94E;108V;110I;117L;120A;122G;141E;159A;160V;163V;164V;167N,CCN(CC)CCN1C2=C(C=C(C=C2)[N+](=O)[O-])N=C1CC3=CC=C(C=C3)OC,menitazene,0,-5.11
menitazene_83_I,59Q;81V;83I;92M;94E;108V;110I;117L;120A;122G;141E;159A;160V;163V;164V;167N,CCN(CC)CCN1C2=C(C=C(C=C2)[N+](=O)[O-])N=C1CC3=CC=C(C=C3)OC,menitazene,1,-0.25
nitazene_83_L,59Q;81V;83L;92M;94E;108V;110I;117L;120A;122G;141E;159A;160V;163V;164V;167N,CCN(CC)CCN1C2=C(C=C(C=C2)[N+](=O)[O-])N=C1CC3=CC=CC=C3,nitazene,1,0.95
menitazene_83_L,59Q;81V;83L;92M;94E;108V;110I;117L;120A;122G;141E;159A;160V;163V;164V;167N,CCN(CC)CCN1C2=C(C=C(C=C2)[N+](=O)[O-])N=C1CC3=CC=C(C=C3)OC,menitazene,1,0.79
nitazene_83_M,59Q;81V;83M;92M;94E;108V;110I;117L;120A;122G;141E;159A;160V;163V;164V;167N,CCN(CC)CCN1C2=C(C=C(C=C2)[N+](=O)[O-])N=C1CC3=CC=CC=C3,nitazene,1,1.19
menitazene_83_M,59Q;81V;83M;92M;94E;108V;110I;117L;120A;122G;141E;159A;160V;163V;164V;167N,CCN(CC)CCN1C2=C(C=C(C=C2)[N+](=O)[O-])N=C1CC3=CC=C(C=C3)OC,menitazene,1,0.75
nitazene_83_N,59Q;81V;83N;92M;94E;108V;110I;117L;120A;122G;141E;159A;160V;163V;164V;167N,CCN(CC)CCN1C2=C(C=C(C=C2)[N+](=O)[O-])N=C1CC3=CC=CC=C3,nitazene,0,-5.08
menitazene_83_N,59Q;81V;83N;92M;94E;108V;110I;117L;120A;122G;141E;159A;160V;163V;164V;167N,CCN(CC)CCN1C2=C(C=C(C=C2)[N+](=O)[O-])N=C1CC3=CC=C(C=C3)OC,menitazene,0,-4.56
nitazene_83_P,59Q;81V;83P;92M;94E;108V;110I;117L;120A;122G;141E;159A;160V;163V;164V;167N,CCN(CC)CCN1C2=C(C=C(C=C2)[N+](=O)[O-])N=C1CC3=CC=CC=C3,nitazene,1,0.1
menitazene_83_P,59Q;81V;83P;92M;94E;108V;110I;117L;120A;122G;141E;159A;160V;163V;164V;167N,CCN(CC)CCN1C2=C(C=C(C=C2)[N+](=O)[O-])N=C1CC3=CC=C(C=C3)OC,menitazene,1,0.81
nitazene_83_Q,59Q;81V;83Q;92M;94E;108V;110I;117L;120A;122G;141E;159A;160V;163V;164V;167N,CCN(CC)CCN1C2=C(C=C(C=C2)[N+](=O)[O-])N=C1CC3=CC=CC=C3,nitazene,0,-3.76
nitazene_83_R,59Q;81V;83R;92M;94E;108V;110I;117L;120A;122G;141E;159A;160V;163V;164V;167N,CCN(CC)CCN1C2=C(C=C(C=C2)[N+](=O)[O-])N=C1CC3=CC=CC=C3,nitazene,0,-5.03
menitazene_83_R,59Q;81V;83R;92M;94E;108V;110I;117L;120A;122G;141E;159A;160V;163V;164V;167N,CCN(CC)CCN1C2=C(C=C(C=C2)[N+](=O)[O-])N=C1CC3=CC=C(C=C3)OC,menitazene,0,-4.78
nitazene_83_S,59Q;81V;83S;92M;94E;108V;110I;117L;120A;122G;141E;159A;160V;163V;164V;167N,CCN(CC)CCN1C2=C(C=C(C=C2)[N+](=O)[O-])N=C1CC3=CC=CC=C3,nitazene,0,-4.54
menitazene_83_S,59Q;81V;83S;92M;94E;108V;110I;117L;120A;122G;141E;159A;160V;163V;164V;167N,CCN(CC)CCN1C2=C(C=C(C=C2)[N+](=O)[O-])N=C1CC3=CC=C(C=C3)OC,menitazene,0,-5.63
nitazene_83_T,59Q;81V;83T;92M;94E;108V;110I;117L;120A;122G;141E;159A;160V;163V;164V;167N,CCN(CC)CCN1C2=C(C=C(C=C2)[N+](=O)[O-])N=C1CC3=CC=CC=C3,nitazene,0,-6.5
menitazene_83_T,59Q;81V;83T;92M;94E;108V;110I;117L;120A;122G;141E;159A;160V;163V;164V;167N,CCN(CC)CCN1C2=C(C=C(C=C2)[N+](=O)[O-])N=C1CC3=CC=C(C=C3)OC,menitazene,0,-6.36
nitazene_83_V,59Q;81V;83V;92M;94E;108V;110I;117L;120A;122G;141E;159A;160V;163V;164V;167N,CCN(CC)CCN1C2=C(C=C(C=C2)[N+](=O)[O-])N=C1CC3=CC=CC=C3,nitazene,1,0.0
menitazene_83_V,59Q;81V;83V;92M;94E;108V;110I;117L;120A;122G;141E;159A;160V;163V;164V;167N,CCN(CC)CCN1C2=C(C=C(C=C2)[N+](=O)[O-])N=C1CC3=CC=C(C=C3)OC,menitazene,1,0.0
menitazene_83_W,59Q;81V;83W;92M;94E;108V;110I;117L;120A;122G;141E;159A;160V;163V;164V;167N,CCN(CC)CCN1C2=C(C=C(C=C2)[N+](=O)[O-])N=C1CC3=CC=C(C=C3)OC,menitazene,0,-5.46
nitazene_83_Y,59Q;81V;83Y;92M;94E;108V;110I;117L;120A;122G;141E;159A;160V;163V;164V;167N,CCN(CC)CCN1C2=C(C=C(C=C2)[N+](=O)[O-])N=C1CC3=CC=CC=C3,nitazene,0,-4.39
menitazene_83_Y,59Q;81V;83Y;92M;94E;108V;110I;117L;120A;122G;141E;159A;160V;163V;164V;167N,CCN(CC)CCN1C2=C(C=C(C=C2)[N+](=O)[O-])N=C1CC3=CC=C(C=C3)OC,menitazene,0,-3.53
nitazene_92_A,59Q;81V;83V;92A;94E;108V;110I;117L;120A;122G;141E;159A;160V;163V;164V;167N,CCN(CC)CCN1C2=C(C=C(C=C2)[N+](=O)[O-])N=C1CC3=CC=CC=C3,nitazene,0,-5.14
menitazene_92_A,59Q;81V;83V;92A;94E;108V;110I;117L;120A;122G;141E;159A;160V;163V;164V;167N,CCN(CC)CCN1C2=C(C=C(C=C2)[N+](=O)[O-])N=C1CC3=CC=C(C=C3)OC,menitazene,0,-5.13
nitazene_92_C,59Q;81V;83V;92C;94E;108V;110I;117L;120A;122G;141E;159A;160V;163V;164V;167N,CCN(CC)CCN1C2=C(C=C(C=C2)[N+](=O)[O-])N=C1CC3=CC=CC=C3,nitazene,0,-5.19
menitazene_92_C,59Q;81V;83V;92C;94E;108V;110I;117L;120A;122G;141E;159A;160V;163V;164V;167N,CCN(CC)CCN1C2=C(C=C(C=C2)[N+](=O)[O-])N=C1CC3=CC=C(C=C3)OC,menitazene,0,-5.2
nitazene_92_D,59Q;81V;83V;92D;94E;108V;110I;117L;120A;122G;141E;159A;160V;163V;164V;167N,CCN(CC)CCN1C2=C(C=C(C=C2)[N+](=O)[O-])N=C1CC3=CC=CC=C3,nitazene,0,-6.28
menitazene_92_D,59Q;81V;83V;92D;94E;108V;110I;117L;120A;122G;141E;159A;160V;163V;164V;167N,CCN(CC)CCN1C2=C(C=C(C=C2)[N+](=O)[O-])N=C1CC3=CC=C(C=C3)OC,menitazene,0,-5.23
menitazene_92_E,59Q;81V;83V;92E;94E;108V;110I;117L;120A;122G;141E;159A;160V;163V;164V;167N,CCN(CC)CCN1C2=C(C=C(C=C2)[N+](=O)[O-])N=C1CC3=CC=C(C=C3)OC,menitazene,0,-4.69
nitazene_92_F,59Q;81V;83V;92F;94E;108V;110I;117L;120A;122G;141E;159A;160V;163V;164V;167N,CCN(CC)CCN1C2=C(C=C(C=C2)[N+](=O)[O-])N=C1CC3=CC=CC=C3,nitazene,1,0.29
menitazene_92_F,59Q;81V;83V;92F;94E;108V;110I;117L;120A;122G;141E;159A;160V;163V;164V;167N,CCN(CC)CCN1C2=C(C=C(C=C2)[N+](=O)[O-])N=C1CC3=CC=C(C=C3)OC,menitazene,1,0.8
nitazene_92_G,59Q;81V;83V;92G;94E;108V;110I;117L;120A;122G;141E;159A;160V;163V;164V;167N,CCN(CC)CCN1C2=C(C=C(C=C2)[N+](=O)[O-])N=C1CC3=CC=CC=C3,nitazene,0,-4.49
menitazene_92_G,59Q;81V;83V;92G;94E;108V;110I;117L;120A;122G;141E;159A;160V;163V;164V;167N,CCN(CC)CCN1C2=C(C=C(C=C2)[N+](=O)[O-])N=C1CC3=CC=C(C=C3)OC,menitazene,0,-6.51
nitazene_92_H,59Q;81V;83V;92H;94E;108V;110I;117L;120A;122G;141E;159A;160V;163V;164V;167N,CCN(CC)CCN1C2=C(C=C(C=C2)[N+](=O)[O-])N=C1CC3=CC=CC=C3,nitazene,0,-4.48
menitazene_92_H,59Q;81V;83V;92H;94E;108V;110I;117L;120A;122G;141E;159A;160V;163V;164V;167N,CCN(CC)CCN1C2=C(C=C(C=C2)[N+](=O)[O-])N=C1CC3=CC=C(C=C3)OC,menitazene,0,-5.76
nitazene_92_I,59Q;81V;83V;92I;94E;108V;110I;117L;120A;122G;141E;159A;160V;163V;164V;167N,CCN(CC)CCN1C2=C(C=C(C=C2)[N+](=O)[O-])N=C1CC3=CC=CC=C3,nitazene,1,0.43
menitazene_92_I,59Q;81V;83V;92I;94E;108V;110I;117L;120A;122G;141E;159A;160V;163V;164V;167N,CCN(CC)CCN1C2=C(C=C(C=C2)[N+](=O)[O-])N=C1CC3=CC=C(C=C3)OC,menitazene,1,-0.02
nitazene_92_K,59Q;81V;83V;92K;94E;108V;110I;117L;120A;122G;141E;159A;160V;163V;164V;167N,CCN(CC)CCN1C2=C(C=C(C=C2)[N+](=O)[O-])N=C1CC3=CC=CC=C3,nitazene,0,-7.2
menitazene_92_K,59Q;81V;83V;92K;94E;108V;110I;117L;120A;122G;141E;159A;160V;163V;164V;167N,CCN(CC)CCN1C2=C(C=C(C=C2)[N+](=O)[O-])N=C1CC3=CC=C(C=C3)OC,menitazene,0,-5.16
nitazene_92_L,59Q;81V;83V;92L;94E;108V;110I;117L;120A;122G;141E;159A;160V;163V;164V;167N,CCN(CC)CCN1C2=C(C=C(C=C2)[N+](=O)[O-])N=C1CC3=CC=CC=C3,nitazene,1,0.37
menitazene_92_L,59Q;81V;83V;92L;94E;108V;110I;117L;120A;122G;141E;159A;160V;163V;164V;167N,CCN(CC)CCN1C2=C(C=C(C=C2)[N+](=O)[O-])N=C1CC3=CC=C(C=C3)OC,menitazene,1,0.18
nitazene_92_M,59Q;81V;83V;92M;94E;108V;110I;117L;120A;122G;141E;159A;160V;163V;164V;167N,CCN(CC)CCN1C2=C(C=C(C=C2)[N+](=O)[O-])N=C1CC3=CC=CC=C3,nitazene,1,0.0
menitazene_92_M,59Q;81V;83V;92M;94E;108V;110I;117L;120A;122G;141E;159A;160V;163V;164V;167N,CCN(CC)CCN1C2=C(C=C(C=C2)[N+](=O)[O-])N=C1CC3=CC=C(C=C3)OC,menitazene,1,0.0
nitazene_92_N,59Q;81V;83V;92N;94E;108V;110I;117L;120A;122G;141E;159A;160V;163V;164V;167N,CCN(CC)CCN1C2=C(C=C(C=C2)[N+](=O)[O-])N=C1CC3=CC=CC=C3,nitazene,0,-6.41
nitazene_92_P,59Q;81V;83V;92P;94E;108V;110I;117L;120A;122G;141E;159A;160V;163V;164V;167N,CCN(CC)CCN1C2=C(C=C(C=C2)[N+](=O)[O-])N=C1CC3=CC=CC=C3,nitazene,0,-5.54
menitazene_92_P,59Q;81V;83V;92P;94E;108V;110I;117L;120A;122G;141E;159A;160V;163V;164V;167N,CCN(CC)CCN1C2=C(C=C(C=C2)[N+](=O)[O-])N=C1CC3=CC=C(C=C3)OC,menitazene,0,-5.82
nitazene_92_Q,59Q;81V;83V;92Q;94E;108V;110I;117L;120A;122G;141E;159A;160V;163V;164V;167N,CCN(CC)CCN1C2=C(C=C(C=C2)[N+](=O)[O-])N=C1CC3=CC=CC=C3,nitazene,0,-3.54
nitazene_92_R,59Q;81V;83V;92R;94E;108V;110I;117L;120A;122G;141E;159A;160V;163V;164V;167N,CCN(CC)CCN1C2=C(C=C(C=C2)[N+](=O)[O-])N=C1CC3=CC=CC=C3,nitazene,0,-5.06
menitazene_92_R,59Q;81V;83V;92R;94E;108V;110I;117L;120A;122G;141E;159A;160V;163V;164V;167N,CCN(CC)CCN1C2=C(C=C(C=C2)[N+](=O)[O-])N=C1CC3=CC=C(C=C3)OC,menitazene,0,-5.17
nitazene_92_S,59Q;81V;83V;92S;94E;108V;110I;117L;120A;122G;141E;159A;160V;163V;164V;167N,CCN(CC)CCN1C2=C(C=C(C=C2)[N+](=O)[O-])N=C1CC3=CC=CC=C3,nitazene,0,-5.84
menitazene_92_S,59Q;81V;83V;92S;94E;108V;110I;117L;120A;122G;141E;159A;160V;163V;164V;167N,CCN(CC)CCN1C2=C(C=C(C=C2)[N+](=O)[O-])N=C1CC3=CC=C(C=C3)OC,menitazene,0,-5.12
nitazene_92_T,59Q;81V;83V;92T;94E;108V;110I;117L;120A;122G;141E;159A;160V;163V;164V;167N,CCN(CC)CCN1C2=C(C=C(C=C2)[N+](=O)[O-])N=C1CC3=CC=CC=C3,nitazene,0,-3.25
menitazene_92_T,59Q;81V;83V;92T;94E;108V;110I;117L;120A;122G;141E;159A;160V;163V;164V;167N,CCN(CC)CCN1C2=C(C=C(C=C2)[N+](=O)[O-])N=C1CC3=CC=C(C=C3)OC,menitazene,0,-3.53
nitazene_92_V,59Q;81V;83V;92V;94E;108V;110I;117L;120A;122G;141E;159A;160V;163V;164V;167N,CCN(CC)CCN1C2=C(C=C(C=C2)[N+](=O)[O-])N=C1CC3=CC=CC=C3,nitazene,0,-5.39
menitazene_92_V,59Q;81V;83V;92V;94E;108V;110I;117L;120A;122G;141E;159A;160V;163V;164V;167N,CCN(CC)CCN1C2=C(C=C(C=C2)[N+](=O)[O-])N=C1CC3=CC=C(C=C3)OC,menitazene,0,-4.4
nitazene_92_W,59Q;81V;83V;92W;94E;108V;110I;117L;120A;122G;141E;159A;160V;163V;164V;167N,CCN(CC)CCN1C2=C(C=C(C=C2)[N+](=O)[O-])N=C1CC3=CC=CC=C3,nitazene,0,-5.28
menitazene_92_W,59Q;81V;83V;92W;94E;108V;110I;117L;120A;122G;141E;159A;160V;163V;164V;167N,CCN(CC)CCN1C2=C(C=C(C=C2)[N+](=O)[O-])N=C1CC3=CC=C(C=C3)OC,menitazene,0,-5.56
nitazene_92_Y,59Q;81V;83V;92Y;94E;108V;110I;117L;120A;122G;141E;159A;160V;163V;164V;167N,CCN(CC)CCN1C2=C(C=C(C=C2)[N+](=O)[O-])N=C1CC3=CC=CC=C3,nitazene,0,-4.76
menitazene_92_Y,59Q;81V;83V;92Y;94E;108V;110I;117L;120A;122G;141E;159A;160V;163V;164V;167N,CCN(CC)CCN1C2=C(C=C(C=C2)[N+](=O)[O-])N=C1CC3=CC=C(C=C3)OC,menitazene,0,-3.04
nitazene_94_A,59Q;81V;83V;92M;94A;108V;110I;117L;120A;122G;141E;159A;160V;163V;164V;167N,CCN(CC)CCN1C2=C(C=C(C=C2)[N+](=O)[O-])N=C1CC3=CC=CC=C3,nitazene,0,-4.89
menitazene_94_A,59Q;81V;83V;92M;94A;108V;110I;117L;120A;122G;141E;159A;160V;163V;164V;167N,CCN(CC)CCN1C2=C(C=C(C=C2)[N+](=O)[O-])N=C1CC3=CC=C(C=C3)OC,menitazene,0,-5.59
nitazene_94_C,59Q;81V;83V;92M;94C;108V;110I;117L;120A;122G;141E;159A;160V;163V;164V;167N,CCN(CC)CCN1C2=C(C=C(C=C2)[N+](=O)[O-])N=C1CC3=CC=CC=C3,nitazene,0,-5.02
menitazene_94_C,59Q;81V;83V;92M;94C;108V;110I;117L;120A;122G;141E;159A;160V;163V;164V;167N,CCN(CC)CCN1C2=C(C=C(C=C2)[N+](=O)[O-])N=C1CC3=CC=C(C=C3)OC,menitazene,0,-5.3
nitazene_94_D,59Q;81V;83V;92M;94D;108V;110I;117L;120A;122G;141E;159A;160V;163V;164V;167N,CCN(CC)CCN1C2=C(C=C(C=C2)[N+](=O)[O-])N=C1CC3=CC=CC=C3,nitazene,0,-4.68
menitazene_94_D,59Q;81V;83V;92M;94D;108V;110I;117L;120A;122G;141E;159A;160V;163V;164V;167N,CCN(CC)CCN1C2=C(C=C(C=C2)[N+](=O)[O-])N=C1CC3=CC=C(C=C3)OC,menitazene,0,-5.79
nitazene_94_E,59Q;81V;83V;92M;94E;108V;110I;117L;120A;122G;141E;159A;160V;163V;164V;167N,CCN(CC)CCN1C2=C(C=C(C=C2)[N+](=O)[O-])N=C1CC3=CC=CC=C3,nitazene,1,0.0
menitazene_94_E,59Q;81V;83V;92M;94E;108V;110I;117L;120A;122G;141E;159A;160V;163V;164V;167N,CCN(CC)CCN1C2=C(C=C(C=C2)[N+](=O)[O-])N=C1CC3=CC=C(C=C3)OC,menitazene,1,0.0
nitazene_94_F,59Q;81V;83V;92M;94F;108V;110I;117L;120A;122G;141E;159A;160V;163V;164V;167N,CCN(CC)CCN1C2=C(C=C(C=C2)[N+](=O)[O-])N=C1CC3=CC=CC=C3,nitazene,0,-5.34
menitazene_94_F,59Q;81V;83V;92M;94F;108V;110I;117L;120A;122G;141E;159A;160V;163V;164V;167N,CCN(CC)CCN1C2=C(C=C(C=C2)[N+](=O)[O-])N=C1CC3=CC=C(C=C3)OC,menitazene,0,-5.79
nitazene_94_G,59Q;81V;83V;92M;94G;108V;110I;117L;120A;122G;141E;159A;160V;163V;164V;167N,CCN(CC)CCN1C2=C(C=C(C=C2)[N+](=O)[O-])N=C1CC3=CC=CC=C3,nitazene,0,-5.07
menitazene_94_G,59Q;81V;83V;92M;94G;108V;110I;117L;120A;122G;141E;159A;160V;163V;164V;167N,CCN(CC)CCN1C2=C(C=C(C=C2)[N+](=O)[O-])N=C1CC3=CC=C(C=C3)OC,menitazene,0,-5.55
nitazene_94_H,59Q;81V;83V;92M;94H;108V;110I;117L;120A;122G;141E;159A;160V;163V;164V;167N,CCN(CC)CCN1C2=C(C=C(C=C2)[N+](=O)[O-])N=C1CC3=CC=CC=C3,nitazene,0,-5.93
menitazene_94_H,59Q;81V;83V;92M;94H;108V;110I;117L;120A;122G;141E;159A;160V;163V;164V;167N,CCN(CC)CCN1C2=C(C=C(C=C2)[N+](=O)[O-])N=C1CC3=CC=C(C=C3)OC,menitazene,0,-4.47
nitazene_94_I,59Q;81V;83V;92M;94I;108V;110I;117L;120A;122G;141E;159A;160V;163V;164V;167N,CCN(CC)CCN1C2=C(C=C(C=C2)[N+](=O)[O-])N=C1CC3=CC=CC=C3,nitazene,0,-5.92
menitazene_94_I,59Q;81V;83V;92M;94I;108V;110I;117L;120A;122G;141E;159A;160V;163V;164V;167N,CCN(CC)CCN1C2=C(C=C(C=C2)[N+](=O)[O-])N=C1CC3=CC=C(C=C3)OC,menitazene,0,-5.68
nitazene_94_K,59Q;81V;83V;92M;94K;108V;110I;117L;120A;122G;141E;159A;160V;163V;164V;167N,CCN(CC)CCN1C2=C(C=C(C=C2)[N+](=O)[O-])N=C1CC3=CC=CC=C3,nitazene,0,-4.71
menitazene_94_K,59Q;81V;83V;92M;94K;108V;110I;117L;120A;122G;141E;159A;160V;163V;164V;167N,CCN(CC)CCN1C2=C(C=C(C=C2)[N+](=O)[O-])N=C1CC3=CC=C(C=C3)OC,menitazene,0,-3.99
nitazene_94_L,59Q;81V;83V;92M;94L;108V;110I;117L;120A;122G;141E;159A;160V;163V;164V;167N,CCN(CC)CCN1C2=C(C=C(C=C2)[N+](=O)[O-])N=C1CC3=CC=CC=C3,nitazene,0,-5.25
menitazene_94_L,59Q;81V;83V;92M;94L;108V;110I;117L;120A;122G;141E;159A;160V;163V;164V;167N,CCN(CC)CCN1C2=C(C=C(C=C2)[N+](=O)[O-])N=C1CC3=CC=C(C=C3)OC,menitazene,0,-5.33
nitazene_94_M,59Q;81V;83V;92M;94M;108V;110I;117L;120A;122G;141E;159A;160V;163V;164V;167N,CCN(CC)CCN1C2=C(C=C(C=C2)[N+](=O)[O-])N=C1CC3=CC=CC=C3,nitazene,0,-6.07
menitazene_94_M,59Q;81V;83V;92M;94M;108V;110I;117L;120A;122G;141E;159A;160V;163V;164V;167N,CCN(CC)CCN1C2=C(C=C(C=C2)[N+](=O)[O-])N=C1CC3=CC=C(C=C3)OC,menitazene,0,-5.23
nitazene_94_N,59Q;81V;83V;92M;94N;108V;110I;117L;120A;122G;141E;159A;160V;163V;164V;167N,CCN(CC)CCN1C2=C(C=C(C=C2)[N+](=O)[O-])N=C1CC3=CC=CC=C3,nitazene,0,-4.54
menitazene_94_N,59Q;81V;83V;92M;94N;108V;110I;117L;120A;122G;141E;159A;160V;163V;164V;167N,CCN(CC)CCN1C2=C(C=C(C=C2)[N+](=O)[O-])N=C1CC3=CC=C(C=C3)OC,menitazene,0,-6.14
nitazene_94_P,59Q;81V;83V;92M;94P;108V;110I;117L;120A;122G;141E;159A;160V;163V;164V;167N,CCN(CC)CCN1C2=C(C=C(C=C2)[N+](=O)[O-])N=C1CC3=CC=CC=C3,nitazene,0,-7.51
menitazene_94_P,59Q;81V;83V;92M;94P;108V;110I;117L;120A;122G;141E;159A;160V;163V;164V;167N,CCN(CC)CCN1C2=C(C=C(C=C2)[N+](=O)[O-])N=C1CC3=CC=C(C=C3)OC,menitazene,0,-6.2
nitazene_94_Q,59Q;81V;83V;92M;94Q;108V;110I;117L;120A;122G;141E;159A;160V;163V;164V;167N,CCN(CC)CCN1C2=C(C=C(C=C2)[N+](=O)[O-])N=C1CC3=CC=CC=C3,nitazene,0,-4.93
menitazene_94_Q,59Q;81V;83V;92M;94Q;108V;110I;117L;120A;122G;141E;159A;160V;163V;164V;167N,CCN(CC)CCN1C2=C(C=C(C=C2)[N+](=O)[O-])N=C1CC3=CC=C(C=C3)OC,menitazene,0,-5.79
nitazene_94_R,59Q;81V;83V;92M;94R;108V;110I;117L;120A;122G;141E;159A;160V;163V;164V;167N,CCN(CC)CCN1C2=C(C=C(C=C2)[N+](=O)[O-])N=C1CC3=CC=CC=C3,nitazene,0,-5.49
menitazene_94_R,59Q;81V;83V;92M;94R;108V;110I;117L;120A;122G;141E;159A;160V;163V;164V;167N,CCN(CC)CCN1C2=C(C=C(C=C2)[N+](=O)[O-])N=C1CC3=CC=C(C=C3)OC,menitazene,0,-5.59
nitazene_94_S,59Q;81V;83V;92M;94S;108V;110I;117L;120A;122G;141E;159A;160V;163V;164V;167N,CCN(CC)CCN1C2=C(C=C(C=C2)[N+](=O)[O-])N=C1CC3=CC=CC=C3,nitazene,0,-6.38
menitazene_94_S,59Q;81V;83V;92M;94S;108V;110I;117L;120A;122G;141E;159A;160V;163V;164V;167N,CCN(CC)CCN1C2=C(C=C(C=C2)[N+](=O)[O-])N=C1CC3=CC=C(C=C3)OC,menitazene,0,-5.5
nitazene_94_T,59Q;81V;83V;92M;94T;108V;110I;117L;120A;122G;141E;159A;160V;163V;164V;167N,CCN(CC)CCN1C2=C(C=C(C=C2)[N+](=O)[O-])N=C1CC3=CC=CC=C3,nitazene,0,-5.88
menitazene_94_T,59Q;81V;83V;92M;94T;108V;110I;117L;120A;122G;141E;159A;160V;163V;164V;167N,CCN(CC)CCN1C2=C(C=C(C=C2)[N+](=O)[O-])N=C1CC3=CC=C(C=C3)OC,menitazene,0,-4.93
nitazene_94_V,59Q;81V;83V;92M;94V;108V;110I;117L;120A;122G;141E;159A;160V;163V;164V;167N,CCN(CC)CCN1C2=C(C=C(C=C2)[N+](=O)[O-])N=C1CC3=CC=CC=C3,nitazene,0,-4.81
menitazene_94_V,59Q;81V;83V;92M;94V;108V;110I;117L;120A;122G;141E;159A;160V;163V;164V;167N,CCN(CC)CCN1C2=C(C=C(C=C2)[N+](=O)[O-])N=C1CC3=CC=C(C=C3)OC,menitazene,0,-6.0
nitazene_94_W,59Q;81V;83V;92M;94W;108V;110I;117L;120A;122G;141E;159A;160V;163V;164V;167N,CCN(CC)CCN1C2=C(C=C(C=C2)[N+](=O)[O-])N=C1CC3=CC=CC=C3,nitazene,0,-5.24
menitazene_94_W,59Q;81V;83V;92M;94W;108V;110I;117L;120A;122G;141E;159A;160V;163V;164V;167N,CCN(CC)CCN1C2=C(C=C(C=C2)[N+](=O)[O-])N=C1CC3=CC=C(C=C3)OC,menitazene,0,-5.22
nitazene_94_Y,59Q;81V;83V;92M;94Y;108V;110I;117L;120A;122G;141E;159A;160V;163V;164V;167N,CCN(CC)CCN1C2=C(C=C(C=C2)[N+](=O)[O-])N=C1CC3=CC=CC=C3,nitazene,0,-5.8
menitazene_94_Y,59Q;81V;83V;92M;94Y;108V;110I;117L;120A;122G;141E;159A;160V;163V;164V;167N,CCN(CC)CCN1C2=C(C=C(C=C2)[N+](=O)[O-])N=C1CC3=CC=C(C=C3)OC,menitazene,0,-4.99
nitazene_108_A,59Q;81V;83V;92M;94E;108A;110I;117L;120A;122G;141E;159A;160V;163V;164V;167N,CCN(CC)CCN1C2=C(C=C(C=C2)[N+](=O)[O-])N=C1CC3=CC=CC=C3,nitazene,0,-3.82
menitazene_108_A,59Q;81V;83V;92M;94E;108A;110I;117L;120A;122G;141E;159A;160V;163V;164V;167N,CCN(CC)CCN1C2=C(C=C(C=C2)[N+](=O)[O-])N=C1CC3=CC=C(C=C3)OC,menitazene,0,-3.74
nitazene_108_C,59Q;81V;83V;92M;94E;108C;110I;117L;120A;122G;141E;159A;160V;163V;164V;167N,CCN(CC)CCN1C2=C(C=C(C=C2)[N+](=O)[O-])N=C1CC3=CC=CC=C3,nitazene,0,-5.69
menitazene_108_C,59Q;81V;83V;92M;94E;108C;110I;117L;120A;122G;141E;159A;160V;163V;164V;167N,CCN(CC)CCN1C2=C(C=C(C=C2)[N+](=O)[O-])N=C1CC3=CC=C(C=C3)OC,menitazene,0,-4.97
nitazene_108_D,59Q;81V;83V;92M;94E;108D;110I;117L;120A;122G;141E;159A;160V;163V;164V;167N,CCN(CC)CCN1C2=C(C=C(C=C2)[N+](=O)[O-])N=C1CC3=CC=CC=C3,nitazene,0,-4.13
menitazene_108_D,59Q;81V;83V;92M;94E;108D;110I;117L;120A;122G;141E;159A;160V;163V;164V;167N,CCN(CC)CCN1C2=C(C=C(C=C2)[N+](=O)[O-])N=C1CC3=CC=C(C=C3)OC,menitazene,0,-3.99
menitazene_108_E,59Q;81V;83V;92M;94E;108E;110I;117L;120A;122G;141E;159A;160V;163V;164V;167N,CCN(CC)CCN1C2=C(C=C(C=C2)[N+](=O)[O-])N=C1CC3=CC=C(C=C3)OC,menitazene,0,-4.93
nitazene_108_F,59Q;81V;83V;92M;94E;108F;110I;117L;120A;122G;141E;159A;160V;163V;164V;167N,CCN(CC)CCN1C2=C(C=C(C=C2)[N+](=O)[O-])N=C1CC3=CC=CC=C3,nitazene,0,-4.61
menitazene_108_F,59Q;81V;83V;92M;94E;108F;110I;117L;120A;122G;141E;159A;160V;163V;164V;167N,CCN(CC)CCN1C2=C(C=C(C=C2)[N+](=O)[O-])N=C1CC3=CC=C(C=C3)OC,menitazene,0,-6.11
nitazene_108_G,59Q;81V;83V;92M;94E;108G;110I;117L;120A;122G;141E;159A;160V;163V;164V;167N,CCN(CC)CCN1C2=C(C=C(C=C2)[N+](=O)[O-])N=C1CC3=CC=CC=C3,nitazene,0,-5.01
menitazene_108_G,59Q;81V;83V;92M;94E;108G;110I;117L;120A;122G;141E;159A;160V;163V;164V;167N,CCN(CC)CCN1C2=C(C=C(C=C2)[N+](=O)[O-])N=C1CC3=CC=C(C=C3)OC,menitazene,0,-5.07
nitazene_108_H,59Q;81V;83V;92M;94E;108H;110I;117L;120A;122G;141E;159A;160V;163V;164V;167N,CCN(CC)CCN1C2=C(C=C(C=C2)[N+](=O)[O-])N=C1CC3=CC=CC=C3,nitazene,0,-3.28
nitazene_108_I,59Q;81V;83V;92M;94E;108I;110I;117L;120A;122G;141E;159A;160V;163V;164V;167N,CCN(CC)CCN1C2=C(C=C(C=C2)[N+](=O)[O-])N=C1CC3=CC=CC=C3,nitazene,1,-0.44
menitazene_108_I,59Q;81V;83V;92M;94E;108I;110I;117L;120A;122G;141E;159A;160V;163V;164V;167N,CCN(CC)CCN1C2=C(C=C(C=C2)[N+](=O)[O-])N=C1CC3=CC=C(C=C3)OC,menitazene,1,0.28
nitazene_108_K,59Q;81V;83V;92M;94E;108K;110I;117L;120A;122G;141E;159A;160V;163V;164V;167N,CCN(CC)CCN1C2=C(C=C(C=C2)[N+](=O)[O-])N=C1CC3=CC=CC=C3,nitazene,0,-3.54
menitazene_108_K,59Q;81V;83V;92M;94E;108K;110I;117L;120A;122G;141E;159A;160V;163V;164V;167N,CCN(CC)CCN1C2=C(C=C(C=C2)[N+](=O)[O-])N=C1CC3=CC=C(C=C3)OC,menitazene,0,-3.82
nitazene_108_L,59Q;81V;83V;92M;94E;108L;110I;117L;120A;122G;141E;159A;160V;163V;164V;167N,CCN(CC)CCN1C2=C(C=C(C=C2)[N+](=O)[O-])N=C1CC3=CC=CC=C3,nitazene,0,-5.17
menitazene_108_L,59Q;81V;83V;92M;94E;108L;110I;117L;120A;122G;141E;159A;160V;163V;164V;167N,CCN(CC)CCN1C2=C(C=C(C=C2)[N+](=O)[O-])N=C1CC3=CC=C(C=C3)OC,menitazene,0,-4.97
nitazene_108_M,59Q;81V;83V;92M;94E;108M;110I;117L;120A;122G;141E;159A;160V;163V;164V;167N,CCN(CC)CCN1C2=C(C=C(C=C2)[N+](=O)[O-])N=C1CC3=CC=CC=C3,nitazene,0,-4.89
menitazene_108_M,59Q;81V;83V;92M;94E;108M;110I;117L;120A;122G;141E;159A;160V;163V;164V;167N,CCN(CC)CCN1C2=C(C=C(C=C2)[N+](=O)[O-])N=C1CC3=CC=C(C=C3)OC,menitazene,0,-5.76
nitazene_108_N,59Q;81V;83V;92M;94E;108N;110I;117L;120A;122G;141E;159A;160V;163V;164V;167N,CCN(CC)CCN1C2=C(C=C(C=C2)[N+](=O)[O-])N=C1CC3=CC=CC=C3,nitazene,0,-4.28
menitazene_108_N,59Q;81V;83V;92M;94E;108N;110I;117L;120A;122G;141E;159A;160V;163V;164V;167N,CCN(CC)CCN1C2=C(C=C(C=C2)[N+](=O)[O-])N=C1CC3=CC=C(C=C3)OC,menitazene,0,-5.56
nitazene_108_P,59Q;81V;83V;92M;94E;108P;110I;117L;120A;122G;141E;159A;160V;163V;164V;167N,CCN(CC)CCN1C2=C(C=C(C=C2)[N+](=O)[O-])N=C1CC3=CC=CC=C3,nitazene,0,-5.41
menitazene_108_P,59Q;81V;83V;92M;94E;108P;110I;117L;120A;122G;141E;159A;160V;163V;164V;167N,CCN(CC)CCN1C2=C(C=C(C=C2)[N+](=O)[O-])N=C1CC3=CC=C(C=C3)OC,menitazene,0,-5.69
nitazene_108_R,59Q;81V;83V;92M;94E;108R;110I;117L;120A;122G;141E;159A;160V;163V;164V;167N,CCN(CC)CCN1C2=C(C=C(C=C2)[N+](=O)[O-])N=C1CC3=CC=CC=C3,nitazene,0,-6.6
menitazene_108_R,59Q;81V;83V;92M;94E;108R;110I;117L;120A;122G;141E;159A;160V;163V;164V;167N,CCN(CC)CCN1C2=C(C=C(C=C2)[N+](=O)[O-])N=C1CC3=CC=C(C=C3)OC,menitazene,0,-5.88
nitazene_108_S,59Q;81V;83V;92M;94E;108S;110I;117L;120A;122G;141E;159A;160V;163V;164V;167N,CCN(CC)CCN1C2=C(C=C(C=C2)[N+](=O)[O-])N=C1CC3=CC=CC=C3,nitazene,0,-4.59
menitazene_108_S,59Q;81V;83V;92M;94E;108S;110I;117L;120A;122G;141E;159A;160V;163V;164V;167N,CCN(CC)CCN1C2=C(C=C(C=C2)[N+](=O)[O-])N=C1CC3=CC=C(C=C3)OC,menitazene,0,-7.19
nitazene_108_T,59Q;81V;83V;92M;94E;108T;110I;117L;120A;122G;141E;159A;160V;163V;164V;167N,CCN(CC)CCN1C2=C(C=C(C=C2)[N+](=O)[O-])N=C1CC3=CC=CC=C3,nitazene,0,-4.66
menitazene_108_T,59Q;81V;83V;92M;94E;108T;110I;117L;120A;122G;141E;159A;160V;163V;164V;167N,CCN(CC)CCN1C2=C(C=C(C=C2)[N+](=O)[O-])N=C1CC3=CC=C(C=C3)OC,menitazene,0,-4.93
nitazene_108_V,59Q;81V;83V;92M;94E;108V;110I;117L;120A;122G;141E;159A;160V;163V;164V;167N,CCN(CC)CCN1C2=C(C=C(C=C2)[N+](=O)[O-])N=C1CC3=CC=CC=C3,nitazene,1,0.0
menitazene_108_V,59Q;81V;83V;92M;94E;108V;110I;117L;120A;122G;141E;159A;160V;163V;164V;167N,CCN(CC)CCN1C2=C(C=C(C=C2)[N+](=O)[O-])N=C1CC3=CC=C(C=C3)OC,menitazene,1,0.0
nitazene_108_W,59Q;81V;83V;92M;94E;108W;110I;117L;120A;122G;141E;159A;160V;163V;164V;167N,CCN(CC)CCN1C2=C(C=C(C=C2)[N+](=O)[O-])N=C1CC3=CC=CC=C3,nitazene,0,-4.07
menitazene_108_W,59Q;81V;83V;92M;94E;108W;110I;117L;120A;122G;141E;159A;160V;163V;164V;167N,CCN(CC)CCN1C2=C(C=C(C=C2)[N+](=O)[O-])N=C1CC3=CC=C(C=C3)OC,menitazene,0,-4.93
nitazene_108_Y,59Q;81V;83V;92M;94E;108Y;110I;117L;120A;122G;141E;159A;160V;163V;164V;167N,CCN(CC)CCN1C2=C(C=C(C=C2)[N+](=O)[O-])N=C1CC3=CC=CC=C3,nitazene,0,-4.41
menitazene_108_Y,59Q;81V;83V;92M;94E;108Y;110I;117L;120A;122G;141E;159A;160V;163V;164V;167N,CCN(CC)CCN1C2=C(C=C(C=C2)[N+](=O)[O-])N=C1CC3=CC=C(C=C3)OC,menitazene,0,-5.11
nitazene_110_A,59Q;81V;83V;92M;94E;108V;110A;117L;120A;122G;141E;159A;160V;163V;164V;167N,CCN(CC)CCN1C2=C(C=C(C=C2)[N+](=O)[O-])N=C1CC3=CC=CC=C3,nitazene,0,-5.06
menitazene_110_A,59Q;81V;83V;92M;94E;108V;110A;117L;120A;122G;141E;159A;160V;163V;164V;167N,CCN(CC)CCN1C2=C(C=C(C=C2)[N+](=O)[O-])N=C1CC3=CC=C(C=C3)OC,menitazene,0,-5.93
nitazene_110_C,59Q;81V;83V;92M;94E;108V;110C;117L;120A;122G;141E;159A;160V;163V;164V;167N,CCN(CC)CCN1C2=C(C=C(C=C2)[N+](=O)[O-])N=C1CC3=CC=CC=C3,nitazene,0,-5.53
menitazene_110_C,59Q;81V;83V;92M;94E;108V;110C;117L;120A;122G;141E;159A;160V;163V;164V;167N,CCN(CC)CCN1C2=C(C=C(C=C2)[N+](=O)[O-])N=C1CC3=CC=C(C=C3)OC,menitazene,0,-4.95
nitazene_110_D,59Q;81V;83V;92M;94E;108V;110D;117L;120A;122G;141E;159A;160V;163V;164V;167N,CCN(CC)CCN1C2=C(C=C(C=C2)[N+](=O)[O-])N=C1CC3=CC=CC=C3,nitazene,0,-5.59
menitazene_110_D,59Q;81V;83V;92M;94E;108V;110D;117L;120A;122G;141E;159A;160V;163V;164V;167N,CCN(CC)CCN1C2=C(C=C(C=C2)[N+](=O)[O-])N=C1CC3=CC=C(C=C3)OC,menitazene,0,-5.46
nitazene_110_E,59Q;81V;83V;92M;94E;108V;110E;117L;120A;122G;141E;159A;160V;163V;164V;167N,CCN(CC)CCN1C2=C(C=C(C=C2)[N+](=O)[O-])N=C1CC3=CC=CC=C3,nitazene,0,-4.96
menitazene_110_E,59Q;81V;83V;92M;94E;108V;110E;117L;120A;122G;141E;159A;160V;163V;164V;167N,CCN(CC)CCN1C2=C(C=C(C=C2)[N+](=O)[O-])N=C1CC3=CC=C(C=C3)OC,menitazene,0,-4.5
nitazene_110_F,59Q;81V;83V;92M;94E;108V;110F;117L;120A;122G;141E;159A;160V;163V;164V;167N,CCN(CC)CCN1C2=C(C=C(C=C2)[N+](=O)[O-])N=C1CC3=CC=CC=C3,nitazene,0,-5.18
menitazene_110_F,59Q;81V;83V;92M;94E;108V;110F;117L;120A;122G;141E;159A;160V;163V;164V;167N,CCN(CC)CCN1C2=C(C=C(C=C2)[N+](=O)[O-])N=C1CC3=CC=C(C=C3)OC,menitazene,0,-5.51
nitazene_110_G,59Q;81V;83V;92M;94E;108V;110G;117L;120A;122G;141E;159A;160V;163V;164V;167N,CCN(CC)CCN1C2=C(C=C(C=C2)[N+](=O)[O-])N=C1CC3=CC=CC=C3,nitazene,0,-5.59
menitazene_110_G,59Q;81V;83V;92M;94E;108V;110G;117L;120A;122G;141E;159A;160V;163V;164V;167N,CCN(CC)CCN1C2=C(C=C(C=C2)[N+](=O)[O-])N=C1CC3=CC=C(C=C3)OC,menitazene,0,-5.69
nitazene_110_H,59Q;81V;83V;92M;94E;108V;110H;117L;120A;122G;141E;159A;160V;163V;164V;167N,CCN(CC)CCN1C2=C(C=C(C=C2)[N+](=O)[O-])N=C1CC3=CC=CC=C3,nitazene,0,-6.64
menitazene_110_H,59Q;81V;83V;92M;94E;108V;110H;117L;120A;122G;141E;159A;160V;163V;164V;167N,CCN(CC)CCN1C2=C(C=C(C=C2)[N+](=O)[O-])N=C1CC3=CC=C(C=C3)OC,menitazene,0,-5.92
nitazene_110_I,59Q;81V;83V;92M;94E;108V;110I;117L;120A;122G;141E;159A;160V;163V;164V;167N,CCN(CC)CCN1C2=C(C=C(C=C2)[N+](=O)[O-])N=C1CC3=CC=CC=C3,nitazene,1,0.0
menitazene_110_I,59Q;81V;83V;92M;94E;108V;110I;117L;120A;122G;141E;159A;160V;163V;164V;167N,CCN(CC)CCN1C2=C(C=C(C=C2)[N+](=O)[O-])N=C1CC3=CC=C(C=C3)OC,menitazene,1,0.0
nitazene_110_K,59Q;81V;83V;92M;94E;108V;110K;117L;120A;122G;141E;159A;160V;163V;164V;167N,CCN(CC)CCN1C2=C(C=C(C=C2)[N+](=O)[O-])N=C1CC3=CC=CC=C3,nitazene,0,-5.15
menitazene_110_K,59Q;81V;83V;92M;94E;108V;110K;117L;120A;122G;141E;159A;160V;163V;164V;167N,CCN(CC)CCN1C2=C(C=C(C=C2)[N+](=O)[O-])N=C1CC3=CC=C(C=C3)OC,menitazene,0,-5.43
nitazene_110_L,59Q;81V;83V;92M;94E;108V;110L;117L;120A;122G;141E;159A;160V;163V;164V;167N,CCN(CC)CCN1C2=C(C=C(C=C2)[N+](=O)[O-])N=C1CC3=CC=CC=C3,nitazene,0,-4.83
menitazene_110_L,59Q;81V;83V;92M;94E;108V;110L;117L;120A;122G;141E;159A;160V;163V;164V;167N,CCN(CC)CCN1C2=C(C=C(C=C2)[N+](=O)[O-])N=C1CC3=CC=C(C=C3)OC,menitazene,0,-4.94
nitazene_110_M,59Q;81V;83V;92M;94E;108V;110M;117L;120A;122G;141E;159A;160V;163V;164V;167N,CCN(CC)CCN1C2=C(C=C(C=C2)[N+](=O)[O-])N=C1CC3=CC=CC=C3,nitazene,0,-6.91
menitazene_110_M,59Q;81V;83V;92M;94E;108V;110M;117L;120A;122G;141E;159A;160V;163V;164V;167N,CCN(CC)CCN1C2=C(C=C(C=C2)[N+](=O)[O-])N=C1CC3=CC=C(C=C3)OC,menitazene,0,-7.77
nitazene_110_N,59Q;81V;83V;92M;94E;108V;110N;117L;120A;122G;141E;159A;160V;163V;164V;167N,CCN(CC)CCN1C2=C(C=C(C=C2)[N+](=O)[O-])N=C1CC3=CC=CC=C3,nitazene,0,-5.76
menitazene_110_N,59Q;81V;83V;92M;94E;108V;110N;117L;120A;122G;141E;159A;160V;163V;164V;167N,CCN(CC)CCN1C2=C(C=C(C=C2)[N+](=O)[O-])N=C1CC3=CC=C(C=C3)OC,menitazene,0,-6.26
nitazene_110_P,59Q;81V;83V;92M;94E;108V;110P;117L;120A;122G;141E;159A;160V;163V;164V;167N,CCN(CC)CCN1C2=C(C=C(C=C2)[N+](=O)[O-])N=C1CC3=CC=CC=C3,nitazene,0,-4.88
menitazene_110_P,59Q;81V;83V;92M;94E;108V;110P;117L;120A;122G;141E;159A;160V;163V;164V;167N,CCN(CC)CCN1C2=C(C=C(C=C2)[N+](=O)[O-])N=C1CC3=CC=C(C=C3)OC,menitazene,0,-5.28
nitazene_110_Q,59Q;81V;83V;92M;94E;108V;110Q;117L;120A;122G;141E;159A;160V;163V;164V;167N,CCN(CC)CCN1C2=C(C=C(C=C2)[N+](=O)[O-])N=C1CC3=CC=CC=C3,nitazene,0,-4.13
menitazene_110_Q,59Q;81V;83V;92M;94E;108V;110Q;117L;120A;122G;141E;159A;160V;163V;164V;167N,CCN(CC)CCN1C2=C(C=C(C=C2)[N+](=O)[O-])N=C1CC3=CC=C(C=C3)OC,menitazene,0,-4.4
nitazene_110_R,59Q;81V;83V;92M;94E;108V;110R;117L;120A;122G;141E;159A;160V;163V;164V;167N,CCN(CC)CCN1C2=C(C=C(C=C2)[N+](=O)[O-])N=C1CC3=CC=CC=C3,nitazene,0,-5.71
menitazene_110_R,59Q;81V;83V;92M;94E;108V;110R;117L;120A;122G;141E;159A;160V;163V;164V;167N,CCN(CC)CCN1C2=C(C=C(C=C2)[N+](=O)[O-])N=C1CC3=CC=C(C=C3)OC,menitazene,0,-4.99
nitazene_110_S,59Q;81V;83V;92M;94E;108V;110S;117L;120A;122G;141E;159A;160V;163V;164V;167N,CCN(CC)CCN1C2=C(C=C(C=C2)[N+](=O)[O-])N=C1CC3=CC=CC=C3,nitazene,0,-4.86
menitazene_110_S,59Q;81V;83V;92M;94E;108V;110S;117L;120A;122G;141E;159A;160V;163V;164V;167N,CCN(CC)CCN1C2=C(C=C(C=C2)[N+](=O)[O-])N=C1CC3=CC=C(C=C3)OC,menitazene,0,-6.33
nitazene_110_T,59Q;81V;83V;92M;94E;108V;110T;117L;120A;122G;141E;159A;160V;163V;164V;167N,CCN(CC)CCN1C2=C(C=C(C=C2)[N+](=O)[O-])N=C1CC3=CC=CC=C3,nitazene,0,-4.5
menitazene_110_T,59Q;81V;83V;92M;94E;108V;110T;117L;120A;122G;141E;159A;160V;163V;164V;167N,CCN(CC)CCN1C2=C(C=C(C=C2)[N+](=O)[O-])N=C1CC3=CC=C(C=C3)OC,menitazene,0,-5.09
nitazene_110_V,59Q;81V;83V;92M;94E;108V;110V;117L;120A;122G;141E;159A;160V;163V;164V;167N,CCN(CC)CCN1C2=C(C=C(C=C2)[N+](=O)[O-])N=C1CC3=CC=CC=C3,nitazene,0,-4.55
menitazene_110_V,59Q;81V;83V;92M;94E;108V;110V;117L;120A;122G;141E;159A;160V;163V;164V;167N,CCN(CC)CCN1C2=C(C=C(C=C2)[N+](=O)[O-])N=C1CC3=CC=C(C=C3)OC,menitazene,0,-3.57
nitazene_110_W,59Q;81V;83V;92M;94E;108V;110W;117L;120A;122G;141E;159A;160V;163V;164V;167N,CCN(CC)CCN1C2=C(C=C(C=C2)[N+](=O)[O-])N=C1CC3=CC=CC=C3,nitazene,0,-4.88
menitazene_110_W,59Q;81V;83V;92M;94E;108V;110W;117L;120A;122G;141E;159A;160V;163V;164V;167N,CCN(CC)CCN1C2=C(C=C(C=C2)[N+](=O)[O-])N=C1CC3=CC=C(C=C3)OC,menitazene,0,-5.75
nitazene_110_Y,59Q;81V;83V;92M;94E;108V;110Y;117L;120A;122G;141E;159A;160V;163V;164V;167N,CCN(CC)CCN1C2=C(C=C(C=C2)[N+](=O)[O-])N=C1CC3=CC=CC=C3,nitazene,0,-5.31
menitazene_110_Y,59Q;81V;83V;92M;94E;108V;110Y;117L;120A;122G;141E;159A;160V;163V;164V;167N,CCN(CC)CCN1C2=C(C=C(C=C2)[N+](=O)[O-])N=C1CC3=CC=C(C=C3)OC,menitazene,0,-5.69
nitazene_117_A,59Q;81V;83V;92M;94E;108V;110I;117A;120A;122G;141E;159A;160V;163V;164V;167N,CCN(CC)CCN1C2=C(C=C(C=C2)[N+](=O)[O-])N=C1CC3=CC=CC=C3,nitazene,0,-3.69
menitazene_117_A,59Q;81V;83V;92M;94E;108V;110I;117A;120A;122G;141E;159A;160V;163V;164V;167N,CCN(CC)CCN1C2=C(C=C(C=C2)[N+](=O)[O-])N=C1CC3=CC=C(C=C3)OC,menitazene,0,-6.14
nitazene_117_C,59Q;81V;83V;92M;94E;108V;110I;117C;120A;122G;141E;159A;160V;163V;164V;167N,CCN(CC)CCN1C2=C(C=C(C=C2)[N+](=O)[O-])N=C1CC3=CC=CC=C3,nitazene,0,-6.86
menitazene_117_C,59Q;81V;83V;92M;94E;108V;110I;117C;120A;122G;141E;159A;160V;163V;164V;167N,CCN(CC)CCN1C2=C(C=C(C=C2)[N+](=O)[O-])N=C1CC3=CC=C(C=C3)OC,menitazene,0,-5.56
nitazene_117_E,59Q;81V;83V;92M;94E;108V;110I;117E;120A;122G;141E;159A;160V;163V;164V;167N,CCN(CC)CCN1C2=C(C=C(C=C2)[N+](=O)[O-])N=C1CC3=CC=CC=C3,nitazene,0,-4.28
nitazene_117_F,59Q;81V;83V;92M;94E;108V;110I;117F;120A;122G;141E;159A;160V;163V;164V;167N,CCN(CC)CCN1C2=C(C=C(C=C2)[N+](=O)[O-])N=C1CC3=CC=CC=C3,nitazene,0,-5.19
menitazene_117_F,59Q;81V;83V;92M;94E;108V;110I;117F;120A;122G;141E;159A;160V;163V;164V;167N,CCN(CC)CCN1C2=C(C=C(C=C2)[N+](=O)[O-])N=C1CC3=CC=C(C=C3)OC,menitazene,0,-4.98
nitazene_117_G,59Q;81V;83V;92M;94E;108V;110I;117G;120A;122G;141E;159A;160V;163V;164V;167N,CCN(CC)CCN1C2=C(C=C(C=C2)[N+](=O)[O-])N=C1CC3=CC=CC=C3,nitazene,0,-4.96
menitazene_117_G,59Q;81V;83V;92M;94E;108V;110I;117G;120A;122G;141E;159A;160V;163V;164V;167N,CCN(CC)CCN1C2=C(C=C(C=C2)[N+](=O)[O-])N=C1CC3=CC=C(C=C3)OC,menitazene,0,-5.23
menitazene_117_H,59Q;81V;83V;92M;94E;108V;110I;117H;120A;122G;141E;159A;160V;163V;164V;167N,CCN(CC)CCN1C2=C(C=C(C=C2)[N+](=O)[O-])N=C1CC3=CC=C(C=C3)OC,menitazene,0,-4.4
nitazene_117_I,59Q;81V;83V;92M;94E;108V;110I;117I;120A;122G;141E;159A;160V;163V;164V;167N,CCN(CC)CCN1C2=C(C=C(C=C2)[N+](=O)[O-])N=C1CC3=CC=CC=C3,nitazene,0,-5.09
menitazene_117_I,59Q;81V;83V;92M;94E;108V;110I;117I;120A;122G;141E;159A;160V;163V;164V;167N,CCN(CC)CCN1C2=C(C=C(C=C2)[N+](=O)[O-])N=C1CC3=CC=C(C=C3)OC,menitazene,0,-5.69
nitazene_117_K,59Q;81V;83V;92M;94E;108V;110I;117K;120A;122G;141E;159A;160V;163V;164V;167N,CCN(CC)CCN1C2=C(C=C(C=C2)[N+](=O)[O-])N=C1CC3=CC=CC=C3,nitazene,0,-4.13
menitazene_117_K,59Q;81V;83V;92M;94E;108V;110I;117K;120A;122G;141E;159A;160V;163V;164V;167N,CCN(CC)CCN1C2=C(C=C(C=C2)[N+](=O)[O-])N=C1CC3=CC=C(C=C3)OC,menitazene,0,-4.67
nitazene_117_L,59Q;81V;83V;92M;94E;108V;110I;117L;120A;122G;141E;159A;160V;163V;164V;167N,CCN(CC)CCN1C2=C(C=C(C=C2)[N+](=O)[O-])N=C1CC3=CC=CC=C3,nitazene,1,0.0
menitazene_117_L,59Q;81V;83V;92M;94E;108V;110I;117L;120A;122G;141E;159A;160V;163V;164V;167N,CCN(CC)CCN1C2=C(C=C(C=C2)[N+](=O)[O-])N=C1CC3=CC=C(C=C3)OC,menitazene,1,0.0
nitazene_117_M,59Q;81V;83V;92M;94E;108V;110I;117M;120A;122G;141E;159A;160V;163V;164V;167N,CCN(CC)CCN1C2=C(C=C(C=C2)[N+](=O)[O-])N=C1CC3=CC=CC=C3,nitazene,0,-4.51
menitazene_117_M,59Q;81V;83V;92M;94E;108V;110I;117M;120A;122G;141E;159A;160V;163V;164V;167N,CCN(CC)CCN1C2=C(C=C(C=C2)[N+](=O)[O-])N=C1CC3=CC=C(C=C3)OC,menitazene,0,-5.2
nitazene_117_N,59Q;81V;83V;92M;94E;108V;110I;117N;120A;122G;141E;159A;160V;163V;164V;167N,CCN(CC)CCN1C2=C(C=C(C=C2)[N+](=O)[O-])N=C1CC3=CC=CC=C3,nitazene,0,-6.08
menitazene_117_N,59Q;81V;83V;92M;94E;108V;110I;117N;120A;122G;141E;159A;160V;163V;164V;167N,CCN(CC)CCN1C2=C(C=C(C=C2)[N+](=O)[O-])N=C1CC3=CC=C(C=C3)OC,menitazene,0,-5.36
nitazene_117_P,59Q;81V;83V;92M;94E;108V;110I;117P;120A;122G;141E;159A;160V;163V;164V;167N,CCN(CC)CCN1C2=C(C=C(C=C2)[N+](=O)[O-])N=C1CC3=CC=CC=C3,nitazene,0,-4.6
menitazene_117_P,59Q;81V;83V;92M;94E;108V;110I;117P;120A;122G;141E;159A;160V;163V;164V;167N,CCN(CC)CCN1C2=C(C=C(C=C2)[N+](=O)[O-])N=C1CC3=CC=C(C=C3)OC,menitazene,0,-3.79
nitazene_117_Q,59Q;81V;83V;92M;94E;108V;110I;117Q;120A;122G;141E;159A;160V;163V;164V;167N,CCN(CC)CCN1C2=C(C=C(C=C2)[N+](=O)[O-])N=C1CC3=CC=CC=C3,nitazene,0,-3.44
menitazene_117_Q,59Q;81V;83V;92M;94E;108V;110I;117Q;120A;122G;141E;159A;160V;163V;164V;167N,CCN(CC)CCN1C2=C(C=C(C=C2)[N+](=O)[O-])N=C1CC3=CC=C(C=C3)OC,menitazene,0,-4.46
nitazene_117_R,59Q;81V;83V;92M;94E;108V;110I;117R;120A;122G;141E;159A;160V;163V;164V;167N,CCN(CC)CCN1C2=C(C=C(C=C2)[N+](=O)[O-])N=C1CC3=CC=CC=C3,nitazene,0,-5.35
menitazene_117_R,59Q;81V;83V;92M;94E;108V;110I;117R;120A;122G;141E;159A;160V;163V;164V;167N,CCN(CC)CCN1C2=C(C=C(C=C2)[N+](=O)[O-])N=C1CC3=CC=C(C=C3)OC,menitazene,0,-5.82
nitazene_117_S,59Q;81V;83V;92M;94E;108V;110I;117S;120A;122G;141E;159A;160V;163V;164V;167N,CCN(CC)CCN1C2=C(C=C(C=C2)[N+](=O)[O-])N=C1CC3=CC=CC=C3,nitazene,0,-4.62
menitazene_117_S,59Q;81V;83V;92M;94E;108V;110I;117S;120A;122G;141E;159A;160V;163V;164V;167N,CCN(CC)CCN1C2=C(C=C(C=C2)[N+](=O)[O-])N=C1CC3=CC=C(C=C3)OC,menitazene,0,-6.42
nitazene_117_T,59Q;81V;83V;92M;94E;108V;110I;117T;120A;122G;141E;159A;160V;163V;164V;167N,CCN(CC)CCN1C2=C(C=C(C=C2)[N+](=O)[O-])N=C1CC3=CC=CC=C3,nitazene,0,-6.41
menitazene_117_T,59Q;81V;83V;92M;94E;108V;110I;117T;120A;122G;141E;159A;160V;163V;164V;167N,CCN(CC)CCN1C2=C(C=C(C=C2)[N+](=O)[O-])N=C1CC3=CC=C(C=C3)OC,menitazene,0,-5.69
nitazene_117_V,59Q;81V;83V;92M;94E;108V;110I;117V;120A;122G;141E;159A;160V;163V;164V;167N,CCN(CC)CCN1C2=C(C=C(C=C2)[N+](=O)[O-])N=C1CC3=CC=CC=C3,nitazene,0,-4.25
menitazene_117_V,59Q;81V;83V;92M;94E;108V;110I;117V;120A;122G;141E;159A;160V;163V;164V;167N,CCN(CC)CCN1C2=C(C=C(C=C2)[N+](=O)[O-])N=C1CC3=CC=C(C=C3)OC,menitazene,0,-6.26
menitazene_117_W,59Q;81V;83V;92M;94E;108V;110I;117W;120A;122G;141E;159A;160V;163V;164V;167N,CCN(CC)CCN1C2=C(C=C(C=C2)[N+](=O)[O-])N=C1CC3=CC=C(C=C3)OC,menitazene,0,-4.5
nitazene_117_Y,59Q;81V;83V;92M;94E;108V;110I;117Y;120A;122G;141E;159A;160V;163V;164V;167N,CCN(CC)CCN1C2=C(C=C(C=C2)[N+](=O)[O-])N=C1CC3=CC=CC=C3,nitazene,0,-4.66
menitazene_117_Y,59Q;81V;83V;92M;94E;108V;110I;117Y;120A;122G;141E;159A;160V;163V;164V;167N,CCN(CC)CCN1C2=C(C=C(C=C2)[N+](=O)[O-])N=C1CC3=CC=C(C=C3)OC,menitazene,0,-6.52
nitazene_120_A,59Q;81V;83V;92M;94E;108V;110I;117L;120A;122G;141E;159A;160V;163V;164V;167N,CCN(CC)CCN1C2=C(C=C(C=C2)[N+](=O)[O-])N=C1CC3=CC=CC=C3,nitazene,1,0.0
menitazene_120_A,59Q;81V;83V;92M;94E;108V;110I;117L;120A;122G;141E;159A;160V;163V;164V;167N,CCN(CC)CCN1C2=C(C=C(C=C2)[N+](=O)[O-])N=C1CC3=CC=C(C=C3)OC,menitazene,1,0.0
nitazene_120_C,59Q;81V;83V;92M;94E;108V;110I;117L;120C;122G;141E;159A;160V;163V;164V;167N,CCN(CC)CCN1C2=C(C=C(C=C2)[N+](=O)[O-])N=C1CC3=CC=CC=C3,nitazene,0,-3.88
menitazene_120_C,59Q;81V;83V;92M;94E;108V;110I;117L;120C;122G;141E;159A;160V;163V;164V;167N,CCN(CC)CCN1C2=C(C=C(C=C2)[N+](=O)[O-])N=C1CC3=CC=C(C=C3)OC,menitazene,0,-4.9
nitazene_120_D,59Q;81V;83V;92M;94E;108V;110I;117L;120D;122G;141E;159A;160V;163V;164V;167N,CCN(CC)CCN1C2=C(C=C(C=C2)[N+](=O)[O-])N=C1CC3=CC=CC=C3,nitazene,0,-3.66
menitazene_120_D,59Q;81V;83V;92M;94E;108V;110I;117L;120D;122G;141E;159A;160V;163V;164V;167N,CCN(CC)CCN1C2=C(C=C(C=C2)[N+](=O)[O-])N=C1CC3=CC=C(C=C3)OC,menitazene,0,-4.13
nitazene_120_E,59Q;81V;83V;92M;94E;108V;110I;117L;120E;122G;141E;159A;160V;163V;164V;167N,CCN(CC)CCN1C2=C(C=C(C=C2)[N+](=O)[O-])N=C1CC3=CC=CC=C3,nitazene,0,-3.87
menitazene_120_E,59Q;81V;83V;92M;94E;108V;110I;117L;120E;122G;141E;159A;160V;163V;164V;167N,CCN(CC)CCN1C2=C(C=C(C=C2)[N+](=O)[O-])N=C1CC3=CC=C(C=C3)OC,menitazene,0,-4.32
nitazene_120_F,59Q;81V;83V;92M;94E;108V;110I;117L;120F;122G;141E;159A;160V;163V;164V;167N,CCN(CC)CCN1C2=C(C=C(C=C2)[N+](=O)[O-])N=C1CC3=CC=CC=C3,nitazene,0,-7.41
menitazene_120_F,59Q;81V;83V;92M;94E;108V;110I;117L;120F;122G;141E;159A;160V;163V;164V;167N,CCN(CC)CCN1C2=C(C=C(C=C2)[N+](=O)[O-])N=C1CC3=CC=C(C=C3)OC,menitazene,0,-5.89
nitazene_120_G,59Q;81V;83V;92M;94E;108V;110I;117L;120G;122G;141E;159A;160V;163V;164V;167N,CCN(CC)CCN1C2=C(C=C(C=C2)[N+](=O)[O-])N=C1CC3=CC=CC=C3,nitazene,1,0.71
menitazene_120_G,59Q;81V;83V;92M;94E;108V;110I;117L;120G;122G;141E;159A;160V;163V;164V;167N,CCN(CC)CCN1C2=C(C=C(C=C2)[N+](=O)[O-])N=C1CC3=CC=C(C=C3)OC,menitazene,1,0.54
nitazene_120_H,59Q;81V;83V;92M;94E;108V;110I;117L;120H;122G;141E;159A;160V;163V;164V;167N,CCN(CC)CCN1C2=C(C=C(C=C2)[N+](=O)[O-])N=C1CC3=CC=CC=C3,nitazene,0,-4.89
menitazene_120_H,59Q;81V;83V;92M;94E;108V;110I;117L;120H;122G;141E;159A;160V;163V;164V;167N,CCN(CC)CCN1C2=C(C=C(C=C2)[N+](=O)[O-])N=C1CC3=CC=C(C=C3)OC,menitazene,0,-5.76
nitazene_120_I,59Q;81V;83V;92M;94E;108V;110I;117L;120I;122G;141E;159A;160V;163V;164V;167N,CCN(CC)CCN1C2=C(C=C(C=C2)[N+](=O)[O-])N=C1CC3=CC=CC=C3,nitazene,0,-5.31
menitazene_120_I,59Q;81V;83V;92M;94E;108V;110I;117L;120I;122G;141E;159A;160V;163V;164V;167N,CCN(CC)CCN1C2=C(C=C(C=C2)[N+](=O)[O-])N=C1CC3=CC=C(C=C3)OC,menitazene,0,-4.89
nitazene_120_K,59Q;81V;83V;92M;94E;108V;110I;117L;120K;122G;141E;159A;160V;163V;164V;167N,CCN(CC)CCN1C2=C(C=C(C=C2)[N+](=O)[O-])N=C1CC3=CC=CC=C3,nitazene,0,-3.28
menitazene_120_K,59Q;81V;83V;92M;94E;108V;110I;117L;120K;122G;141E;159A;160V;163V;164V;167N,CCN(CC)CCN1C2=C(C=C(C=C2)[N+](=O)[O-])N=C1CC3=CC=C(C=C3)OC,menitazene,0,-3.97
nitazene_120_L,59Q;81V;83V;92M;94E;108V;110I;117L;120L;122G;141E;159A;160V;163V;164V;167N,CCN(CC)CCN1C2=C(C=C(C=C2)[N+](=O)[O-])N=C1CC3=CC=CC=C3,nitazene,0,-6.07
menitazene_120_L,59Q;81V;83V;92M;94E;108V;110I;117L;120L;122G;141E;159A;160V;163V;164V;167N,CCN(CC)CCN1C2=C(C=C(C=C2)[N+](=O)[O-])N=C1CC3=CC=C(C=C3)OC,menitazene,0,-4.93
nitazene_120_M,59Q;81V;83V;92M;94E;108V;110I;117L;120M;122G;141E;159A;160V;163V;164V;167N,CCN(CC)CCN1C2=C(C=C(C=C2)[N+](=O)[O-])N=C1CC3=CC=CC=C3,nitazene,0,-6.06
menitazene_120_M,59Q;81V;83V;92M;94E;108V;110I;117L;120M;122G;141E;159A;160V;163V;164V;167N,CCN(CC)CCN1C2=C(C=C(C=C2)[N+](=O)[O-])N=C1CC3=CC=C(C=C3)OC,menitazene,0,-5.34
nitazene_120_N,59Q;81V;83V;92M;94E;108V;110I;117L;120N;122G;141E;159A;160V;163V;164V;167N,CCN(CC)CCN1C2=C(C=C(C=C2)[N+](=O)[O-])N=C1CC3=CC=CC=C3,nitazene,0,-5.26
menitazene_120_N,59Q;81V;83V;92M;94E;108V;110I;117L;120N;122G;141E;159A;160V;163V;164V;167N,CCN(CC)CCN1C2=C(C=C(C=C2)[N+](=O)[O-])N=C1CC3=CC=C(C=C3)OC,menitazene,0,-5.73
nitazene_120_P,59Q;81V;83V;92M;94E;108V;110I;117L;120P;122G;141E;159A;160V;163V;164V;167N,CCN(CC)CCN1C2=C(C=C(C=C2)[N+](=O)[O-])N=C1CC3=CC=CC=C3,nitazene,0,-4.54
menitazene_120_P,59Q;81V;83V;92M;94E;108V;110I;117L;120P;122G;141E;159A;160V;163V;164V;167N,CCN(CC)CCN1C2=C(C=C(C=C2)[N+](=O)[O-])N=C1CC3=CC=C(C=C3)OC,menitazene,0,-4.99
nitazene_120_Q,59Q;81V;83V;92M;94E;108V;110I;117L;120Q;122G;141E;159A;160V;163V;164V;167N,CCN(CC)CCN1C2=C(C=C(C=C2)[N+](=O)[O-])N=C1CC3=CC=CC=C3,nitazene,0,-5.24
menitazene_120_Q,59Q;81V;83V;92M;94E;108V;110I;117L;120Q;122G;141E;159A;160V;163V;164V;167N,CCN(CC)CCN1C2=C(C=C(C=C2)[N+](=O)[O-])N=C1CC3=CC=C(C=C3)OC,menitazene,0,-7.52
nitazene_120_R,59Q;81V;83V;92M;94E;108V;110I;117L;120R;122G;141E;159A;160V;163V;164V;167N,CCN(CC)CCN1C2=C(C=C(C=C2)[N+](=O)[O-])N=C1CC3=CC=CC=C3,nitazene,0,-5.85
menitazene_120_R,59Q;81V;83V;92M;94E;108V;110I;117L;120R;122G;141E;159A;160V;163V;164V;167N,CCN(CC)CCN1C2=C(C=C(C=C2)[N+](=O)[O-])N=C1CC3=CC=C(C=C3)OC,menitazene,0,-5.54
nitazene_120_S,59Q;81V;83V;92M;94E;108V;110I;117L;120S;122G;141E;159A;160V;163V;164V;167N,CCN(CC)CCN1C2=C(C=C(C=C2)[N+](=O)[O-])N=C1CC3=CC=CC=C3,nitazene,0,-5.07
menitazene_120_S,59Q;81V;83V;92M;94E;108V;110I;117L;120S;122G;141E;159A;160V;163V;164V;167N,CCN(CC)CCN1C2=C(C=C(C=C2)[N+](=O)[O-])N=C1CC3=CC=C(C=C3)OC,menitazene,0,-5.6
nitazene_120_T,59Q;81V;83V;92M;94E;108V;110I;117L;120T;122G;141E;159A;160V;163V;164V;167N,CCN(CC)CCN1C2=C(C=C(C=C2)[N+](=O)[O-])N=C1CC3=CC=CC=C3,nitazene,0,-4.18
menitazene_120_T,59Q;81V;83V;92M;94E;108V;110I;117L;120T;122G;141E;159A;160V;163V;164V;167N,CCN(CC)CCN1C2=C(C=C(C=C2)[N+](=O)[O-])N=C1CC3=CC=C(C=C3)OC,menitazene,0,-4.46
nitazene_120_V,59Q;81V;83V;92M;94E;108V;110I;117L;120V;122G;141E;159A;160V;163V;164V;167N,CCN(CC)CCN1C2=C(C=C(C=C2)[N+](=O)[O-])N=C1CC3=CC=CC=C3,nitazene,0,-5.08
menitazene_120_V,59Q;81V;83V;92M;94E;108V;110I;117L;120V;122G;141E;159A;160V;163V;164V;167N,CCN(CC)CCN1C2=C(C=C(C=C2)[N+](=O)[O-])N=C1CC3=CC=C(C=C3)OC,menitazene,0,-5.3
nitazene_120_W,59Q;81V;83V;92M;94E;108V;110I;117L;120W;122G;141E;159A;160V;163V;164V;167N,CCN(CC)CCN1C2=C(C=C(C=C2)[N+](=O)[O-])N=C1CC3=CC=CC=C3,nitazene,0,-5.36
menitazene_120_W,59Q;81V;83V;92M;94E;108V;110I;117L;120W;122G;141E;159A;160V;163V;164V;167N,CCN(CC)CCN1C2=C(C=C(C=C2)[N+](=O)[O-])N=C1CC3=CC=C(C=C3)OC,menitazene,0,-5.64
nitazene_120_Y,59Q;81V;83V;92M;94E;108V;110I;117L;120Y;122G;141E;159A;160V;163V;164V;167N,CCN(CC)CCN1C2=C(C=C(C=C2)[N+](=O)[O-])N=C1CC3=CC=CC=C3,nitazene,1,-0.71
nitazene_122_A,59Q;81V;83V;92M;94E;108V;110I;117L;120A;122A;141E;159A;160V;163V;164V;167N,CCN(CC)CCN1C2=C(C=C(C=C2)[N+](=O)[O-])N=C1CC3=CC=CC=C3,nitazene,1,1.57
menitazene_122_A,59Q;81V;83V;92M;94E;108V;110I;117L;120A;122A;141E;159A;160V;163V;164V;167N,CCN(CC)CCN1C2=C(C=C(C=C2)[N+](=O)[O-])N=C1CC3=CC=C(C=C3)OC,menitazene,0,-4.4
nitazene_122_C,59Q;81V;83V;92M;94E;108V;110I;117L;120A;122C;141E;159A;160V;163V;164V;167N,CCN(CC)CCN1C2=C(C=C(C=C2)[N+](=O)[O-])N=C1CC3=CC=CC=C3,nitazene,0,-3.58
menitazene_122_C,59Q;81V;83V;92M;94E;108V;110I;117L;120A;122C;141E;159A;160V;163V;164V;167N,CCN(CC)CCN1C2=C(C=C(C=C2)[N+](=O)[O-])N=C1CC3=CC=C(C=C3)OC,menitazene,0,-5.18
nitazene_122_D,59Q;81V;83V;92M;94E;108V;110I;117L;120A;122D;141E;159A;160V;163V;164V;167N,CCN(CC)CCN1C2=C(C=C(C=C2)[N+](=O)[O-])N=C1CC3=CC=CC=C3,nitazene,1,1.26
menitazene_122_D,59Q;81V;83V;92M;94E;108V;110I;117L;120A;122D;141E;159A;160V;163V;164V;167N,CCN(CC)CCN1C2=C(C=C(C=C2)[N+](=O)[O-])N=C1CC3=CC=C(C=C3)OC,menitazene,0,-3.29
nitazene_122_E,59Q;81V;83V;92M;94E;108V;110I;117L;120A;122E;141E;159A;160V;163V;164V;167N,CCN(CC)CCN1C2=C(C=C(C=C2)[N+](=O)[O-])N=C1CC3=CC=CC=C3,nitazene,1,1.5
menitazene_122_E,59Q;81V;83V;92M;94E;108V;110I;117L;120A;122E;141E;159A;160V;163V;164V;167N,CCN(CC)CCN1C2=C(C=C(C=C2)[N+](=O)[O-])N=C1CC3=CC=C(C=C3)OC,menitazene,0,-3.3
nitazene_122_F,59Q;81V;83V;92M;94E;108V;110I;117L;120A;122F;141E;159A;160V;163V;164V;167N,CCN(CC)CCN1C2=C(C=C(C=C2)[N+](=O)[O-])N=C1CC3=CC=CC=C3,nitazene,0,-5.52
menitazene_122_F,59Q;81V;83V;92M;94E;108V;110I;117L;120A;122F;141E;159A;160V;163V;164V;167N,CCN(CC)CCN1C2=C(C=C(C=C2)[N+](=O)[O-])N=C1CC3=CC=C(C=C3)OC,menitazene,0,-5.92
nitazene_122_G,59Q;81V;83V;92M;94E;108V;110I;117L;120A;122G;141E;159A;160V;163V;164V;167N,CCN(CC)CCN1C2=C(C=C(C=C2)[N+](=O)[O-])N=C1CC3=CC=CC=C3,nitazene,1,0.0
menitazene_122_G,59Q;81V;83V;92M;94E;108V;110I;117L;120A;122G;141E;159A;160V;163V;164V;167N,CCN(CC)CCN1C2=C(C=C(C=C2)[N+](=O)[O-])N=C1CC3=CC=C(C=C3)OC,menitazene,1,0.0
nitazene_122_H,59Q;81V;83V;92M;94E;108V;110I;117L;120A;122H;141E;159A;160V;163V;164V;167N,CCN(CC)CCN1C2=C(C=C(C=C2)[N+](=O)[O-])N=C1CC3=CC=CC=C3,nitazene,0,-5.28
menitazene_122_H,59Q;81V;83V;92M;94E;108V;110I;117L;120A;122H;141E;159A;160V;163V;164V;167N,CCN(CC)CCN1C2=C(C=C(C=C2)[N+](=O)[O-])N=C1CC3=CC=C(C=C3)OC,menitazene,0,-5.56
nitazene_122_I,59Q;81V;83V;92M;94E;108V;110I;117L;120A;122I;141E;159A;160V;163V;164V;167N,CCN(CC)CCN1C2=C(C=C(C=C2)[N+](=O)[O-])N=C1CC3=CC=CC=C3,nitazene,0,-4.86
menitazene_122_I,59Q;81V;83V;92M;94E;108V;110I;117L;120A;122I;141E;159A;160V;163V;164V;167N,CCN(CC)CCN1C2=C(C=C(C=C2)[N+](=O)[O-])N=C1CC3=CC=C(C=C3)OC,menitazene,0,-4.73
nitazene_122_K,59Q;81V;83V;92M;94E;108V;110I;117L;120A;122K;141E;159A;160V;163V;164V;167N,CCN(CC)CCN1C2=C(C=C(C=C2)[N+](=O)[O-])N=C1CC3=CC=CC=C3,nitazene,0,-4.6
menitazene_122_K,59Q;81V;83V;92M;94E;108V;110I;117L;120A;122K;141E;159A;160V;163V;164V;167N,CCN(CC)CCN1C2=C(C=C(C=C2)[N+](=O)[O-])N=C1CC3=CC=C(C=C3)OC,menitazene,0,-5.29
nitazene_122_L,59Q;81V;83V;92M;94E;108V;110I;117L;120A;122L;141E;159A;160V;163V;164V;167N,CCN(CC)CCN1C2=C(C=C(C=C2)[N+](=O)[O-])N=C1CC3=CC=CC=C3,nitazene,0,-4.98
menitazene_122_L,59Q;81V;83V;92M;94E;108V;110I;117L;120A;122L;141E;159A;160V;163V;164V;167N,CCN(CC)CCN1C2=C(C=C(C=C2)[N+](=O)[O-])N=C1CC3=CC=C(C=C3)OC,menitazene,0,-4.98
nitazene_122_M,59Q;81V;83V;92M;94E;108V;110I;117L;120A;122M;141E;159A;160V;163V;164V;167N,CCN(CC)CCN1C2=C(C=C(C=C2)[N+](=O)[O-])N=C1CC3=CC=CC=C3,nitazene,0,-5.31
menitazene_122_M,59Q;81V;83V;92M;94E;108V;110I;117L;120A;122M;141E;159A;160V;163V;164V;167N,CCN(CC)CCN1C2=C(C=C(C=C2)[N+](=O)[O-])N=C1CC3=CC=C(C=C3)OC,menitazene,0,-4.45
nitazene_122_N,59Q;81V;83V;92M;94E;108V;110I;117L;120A;122N;141E;159A;160V;163V;164V;167N,CCN(CC)CCN1C2=C(C=C(C=C2)[N+](=O)[O-])N=C1CC3=CC=CC=C3,nitazene,0,-5.13
menitazene_122_N,59Q;81V;83V;92M;94E;108V;110I;117L;120A;122N;141E;159A;160V;163V;164V;167N,CCN(CC)CCN1C2=C(C=C(C=C2)[N+](=O)[O-])N=C1CC3=CC=C(C=C3)OC,menitazene,0,-4.89
nitazene_122_P,59Q;81V;83V;92M;94E;108V;110I;117L;120A;122P;141E;159A;160V;163V;164V;167N,CCN(CC)CCN1C2=C(C=C(C=C2)[N+](=O)[O-])N=C1CC3=CC=CC=C3,nitazene,0,-5.07
menitazene_122_P,59Q;81V;83V;92M;94E;108V;110I;117L;120A;122P;141E;159A;160V;163V;164V;167N,CCN(CC)CCN1C2=C(C=C(C=C2)[N+](=O)[O-])N=C1CC3=CC=C(C=C3)OC,menitazene,0,-5.52
nitazene_122_Q,59Q;81V;83V;92M;94E;108V;110I;117L;120A;122Q;141E;159A;160V;163V;164V;167N,CCN(CC)CCN1C2=C(C=C(C=C2)[N+](=O)[O-])N=C1CC3=CC=CC=C3,nitazene,1,-0.69
menitazene_122_Q,59Q;81V;83V;92M;94E;108V;110I;117L;120A;122Q;141E;159A;160V;163V;164V;167N,CCN(CC)CCN1C2=C(C=C(C=C2)[N+](=O)[O-])N=C1CC3=CC=C(C=C3)OC,menitazene,0,-5.04
nitazene_122_R,59Q;81V;83V;92M;94E;108V;110I;117L;120A;122R;141E;159A;160V;163V;164V;167N,CCN(CC)CCN1C2=C(C=C(C=C2)[N+](=O)[O-])N=C1CC3=CC=CC=C3,nitazene,0,-6.29
menitazene_122_R,59Q;81V;83V;92M;94E;108V;110I;117L;120A;122R;141E;159A;160V;163V;164V;167N,CCN(CC)CCN1C2=C(C=C(C=C2)[N+](=O)[O-])N=C1CC3=CC=C(C=C3)OC,menitazene,0,-5.17
nitazene_122_S,59Q;81V;83V;92M;94E;108V;110I;117L;120A;122S;141E;159A;160V;163V;164V;167N,CCN(CC)CCN1C2=C(C=C(C=C2)[N+](=O)[O-])N=C1CC3=CC=CC=C3,nitazene,1,0.69
menitazene_122_S,59Q;81V;83V;92M;94E;108V;110I;117L;120A;122S;141E;159A;160V;163V;164V;167N,CCN(CC)CCN1C2=C(C=C(C=C2)[N+](=O)[O-])N=C1CC3=CC=C(C=C3)OC,menitazene,0,-5.22
nitazene_122_T,59Q;81V;83V;92M;94E;108V;110I;117L;120A;122T;141E;159A;160V;163V;164V;167N,CCN(CC)CCN1C2=C(C=C(C=C2)[N+](=O)[O-])N=C1CC3=CC=CC=C3,nitazene,0,-6.18
menitazene_122_T,59Q;81V;83V;92M;94E;108V;110I;117L;120A;122T;141E;159A;160V;163V;164V;167N,CCN(CC)CCN1C2=C(C=C(C=C2)[N+](=O)[O-])N=C1CC3=CC=C(C=C3)OC,menitazene,0,-5.57
nitazene_122_V,59Q;81V;83V;92M;94E;108V;110I;117L;120A;122V;141E;159A;160V;163V;164V;167N,CCN(CC)CCN1C2=C(C=C(C=C2)[N+](=O)[O-])N=C1CC3=CC=CC=C3,nitazene,0,-5.5
menitazene_122_V,59Q;81V;83V;92M;94E;108V;110I;117L;120A;122V;141E;159A;160V;163V;164V;167N,CCN(CC)CCN1C2=C(C=C(C=C2)[N+](=O)[O-])N=C1CC3=CC=C(C=C3)OC,menitazene,0,-5.35
nitazene_122_W,59Q;81V;83V;92M;94E;108V;110I;117L;120A;122W;141E;159A;160V;163V;164V;167N,CCN(CC)CCN1C2=C(C=C(C=C2)[N+](=O)[O-])N=C1CC3=CC=CC=C3,nitazene,0,-7.96
menitazene_122_W,59Q;81V;83V;92M;94E;108V;110I;117L;120A;122W;141E;159A;160V;163V;164V;167N,CCN(CC)CCN1C2=C(C=C(C=C2)[N+](=O)[O-])N=C1CC3=CC=C(C=C3)OC,menitazene,0,-5.91
nitazene_122_Y,59Q;81V;83V;92M;94E;108V;110I;117L;120A;122Y;141E;159A;160V;163V;164V;167N,CCN(CC)CCN1C2=C(C=C(C=C2)[N+](=O)[O-])N=C1CC3=CC=CC=C3,nitazene,0,-4.43
menitazene_122_Y,59Q;81V;83V;92M;94E;108V;110I;117L;120A;122Y;141E;159A;160V;163V;164V;167N,CCN(CC)CCN1C2=C(C=C(C=C2)[N+](=O)[O-])N=C1CC3=CC=C(C=C3)OC,menitazene,0,-5.77
nitazene_141_A,59Q;81V;83V;92M;94E;108V;110I;117L;120A;122G;141A;159A;160V;163V;164V;167N,CCN(CC)CCN1C2=C(C=C(C=C2)[N+](=O)[O-])N=C1CC3=CC=CC=C3,nitazene,0,-4.2
menitazene_141_A,59Q;81V;83V;92M;94E;108V;110I;117L;120A;122G;141A;159A;160V;163V;164V;167N,CCN(CC)CCN1C2=C(C=C(C=C2)[N+](=O)[O-])N=C1CC3=CC=C(C=C3)OC,menitazene,0,-5.02
nitazene_141_C,59Q;81V;83V;92M;94E;108V;110I;117L;120A;122G;141C;159A;160V;163V;164V;167N,CCN(CC)CCN1C2=C(C=C(C=C2)[N+](=O)[O-])N=C1CC3=CC=CC=C3,nitazene,0,-4.28
menitazene_141_C,59Q;81V;83V;92M;94E;108V;110I;117L;120A;122G;141C;159A;160V;163V;164V;167N,CCN(CC)CCN1C2=C(C=C(C=C2)[N+](=O)[O-])N=C1CC3=CC=C(C=C3)OC,menitazene,0,-4.92
nitazene_141_D,59Q;81V;83V;92M;94E;108V;110I;117L;120A;122G;141D;159A;160V;163V;164V;167N,CCN(CC)CCN1C2=C(C=C(C=C2)[N+](=O)[O-])N=C1CC3=CC=CC=C3,nitazene,1,-0.26
menitazene_141_D,59Q;81V;83V;92M;94E;108V;110I;117L;120A;122G;141D;159A;160V;163V;164V;167N,CCN(CC)CCN1C2=C(C=C(C=C2)[N+](=O)[O-])N=C1CC3=CC=C(C=C3)OC,menitazene,1,0.37
nitazene_141_E,59Q;81V;83V;92M;94E;108V;110I;117L;120A;122G;141E;159A;160V;163V;164V;167N,CCN(CC)CCN1C2=C(C=C(C=C2)[N+](=O)[O-])N=C1CC3=CC=CC=C3,nitazene,1,0.0
menitazene_141_E,59Q;81V;83V;92M;94E;108V;110I;117L;120A;122G;141E;159A;160V;163V;164V;167N,CCN(CC)CCN1C2=C(C=C(C=C2)[N+](=O)[O-])N=C1CC3=CC=C(C=C3)OC,menitazene,1,0.0
nitazene_141_F,59Q;81V;83V;92M;94E;108V;110I;117L;120A;122G;141F;159A;160V;163V;164V;167N,CCN(CC)CCN1C2=C(C=C(C=C2)[N+](=O)[O-])N=C1CC3=CC=CC=C3,nitazene,0,-7.72
menitazene_141_F,59Q;81V;83V;92M;94E;108V;110I;117L;120A;122G;141F;159A;160V;163V;164V;167N,CCN(CC)CCN1C2=C(C=C(C=C2)[N+](=O)[O-])N=C1CC3=CC=C(C=C3)OC,menitazene,0,-5.83
nitazene_141_G,59Q;81V;83V;92M;94E;108V;110I;117L;120A;122G;141G;159A;160V;163V;164V;167N,CCN(CC)CCN1C2=C(C=C(C=C2)[N+](=O)[O-])N=C1CC3=CC=CC=C3,nitazene,0,-3.01
menitazene_141_G,59Q;81V;83V;92M;94E;108V;110I;117L;120A;122G;141G;159A;160V;163V;164V;167N,CCN(CC)CCN1C2=C(C=C(C=C2)[N+](=O)[O-])N=C1CC3=CC=C(C=C3)OC,menitazene,0,-3.71
nitazene_141_H,59Q;81V;83V;92M;94E;108V;110I;117L;120A;122G;141H;159A;160V;163V;164V;167N,CCN(CC)CCN1C2=C(C=C(C=C2)[N+](=O)[O-])N=C1CC3=CC=CC=C3,nitazene,0,-5.24
menitazene_141_H,59Q;81V;83V;92M;94E;108V;110I;117L;120A;122G;141H;159A;160V;163V;164V;167N,CCN(CC)CCN1C2=C(C=C(C=C2)[N+](=O)[O-])N=C1CC3=CC=C(C=C3)OC,menitazene,0,-4.71
nitazene_141_I,59Q;81V;83V;92M;94E;108V;110I;117L;120A;122G;141I;159A;160V;163V;164V;167N,CCN(CC)CCN1C2=C(C=C(C=C2)[N+](=O)[O-])N=C1CC3=CC=CC=C3,nitazene,0,-5.41
menitazene_141_I,59Q;81V;83V;92M;94E;108V;110I;117L;120A;122G;141I;159A;160V;163V;164V;167N,CCN(CC)CCN1C2=C(C=C(C=C2)[N+](=O)[O-])N=C1CC3=CC=C(C=C3)OC,menitazene,0,-5.47
menitazene_141_K,59Q;81V;83V;92M;94E;108V;110I;117L;120A;122G;141K;159A;160V;163V;164V;167N,CCN(CC)CCN1C2=C(C=C(C=C2)[N+](=O)[O-])N=C1CC3=CC=C(C=C3)OC,menitazene,0,-4.04
nitazene_141_L,59Q;81V;83V;92M;94E;108V;110I;117L;120A;122G;141L;159A;160V;163V;164V;167N,CCN(CC)CCN1C2=C(C=C(C=C2)[N+](=O)[O-])N=C1CC3=CC=CC=C3,nitazene,0,-4.69
menitazene_141_L,59Q;81V;83V;92M;94E;108V;110I;117L;120A;122G;141L;159A;160V;163V;164V;167N,CCN(CC)CCN1C2=C(C=C(C=C2)[N+](=O)[O-])N=C1CC3=CC=C(C=C3)OC,menitazene,0,-5.07
nitazene_141_M,59Q;81V;83V;92M;94E;108V;110I;117L;120A;122G;141M;159A;160V;163V;164V;167N,CCN(CC)CCN1C2=C(C=C(C=C2)[N+](=O)[O-])N=C1CC3=CC=CC=C3,nitazene,0,-6.04
menitazene_141_M,59Q;81V;83V;92M;94E;108V;110I;117L;120A;122G;141M;159A;160V;163V;164V;167N,CCN(CC)CCN1C2=C(C=C(C=C2)[N+](=O)[O-])N=C1CC3=CC=C(C=C3)OC,menitazene,0,-6.32
nitazene_141_N,59Q;81V;83V;92M;94E;108V;110I;117L;120A;122G;141N;159A;160V;163V;164V;167N,CCN(CC)CCN1C2=C(C=C(C=C2)[N+](=O)[O-])N=C1CC3=CC=CC=C3,nitazene,0,-4.18
menitazene_141_N,59Q;81V;83V;92M;94E;108V;110I;117L;120A;122G;141N;159A;160V;163V;164V;167N,CCN(CC)CCN1C2=C(C=C(C=C2)[N+](=O)[O-])N=C1CC3=CC=C(C=C3)OC,menitazene,0,-6.04
menitazene_141_Q,59Q;81V;83V;92M;94E;108V;110I;117L;120A;122G;141Q;159A;160V;163V;164V;167N,CCN(CC)CCN1C2=C(C=C(C=C2)[N+](=O)[O-])N=C1CC3=CC=C(C=C3)OC,menitazene,1,-0.09
menitazene_141_S,59Q;81V;83V;92M;94E;108V;110I;117L;120A;122G;141S;159A;160V;163V;164V;167N,CCN(CC)CCN1C2=C(C=C(C=C2)[N+](=O)[O-])N=C1CC3=CC=C(C=C3)OC,menitazene,0,-4.56
menitazene_141_T,59Q;81V;83V;92M;94E;108V;110I;117L;120A;122G;141T;159A;160V;163V;164V;167N,CCN(CC)CCN1C2=C(C=C(C=C2)[N+](=O)[O-])N=C1CC3=CC=C(C=C3)OC,menitazene,0,-4.75
nitazene_141_V,59Q;81V;83V;92M;94E;108V;110I;117L;120A;122G;141V;159A;160V;163V;164V;167N,CCN(CC)CCN1C2=C(C=C(C=C2)[N+](=O)[O-])N=C1CC3=CC=CC=C3,nitazene,0,-5.54
menitazene_141_V,59Q;81V;83V;92M;94E;108V;110I;117L;120A;122G;141V;159A;160V;163V;164V;167N,CCN(CC)CCN1C2=C(C=C(C=C2)[N+](=O)[O-])N=C1CC3=CC=C(C=C3)OC,menitazene,0,-5.11
nitazene_141_W,59Q;81V;83V;92M;94E;108V;110I;117L;120A;122G;141W;159A;160V;163V;164V;167N,CCN(CC)CCN1C2=C(C=C(C=C2)[N+](=O)[O-])N=C1CC3=CC=CC=C3,nitazene,0,-7.38
menitazene_141_W,59Q;81V;83V;92M;94E;108V;110I;117L;120A;122G;141W;159A;160V;163V;164V;167N,CCN(CC)CCN1C2=C(C=C(C=C2)[N+](=O)[O-])N=C1CC3=CC=C(C=C3)OC,menitazene,0,-5.34
nitazene_141_Y,59Q;81V;83V;92M;94E;108V;110I;117L;120A;122G;141Y;159A;160V;163V;164V;167N,CCN(CC)CCN1C2=C(C=C(C=C2)[N+](=O)[O-])N=C1CC3=CC=CC=C3,nitazene,0,-4.09
menitazene_141_Y,59Q;81V;83V;92M;94E;108V;110I;117L;120A;122G;141Y;159A;160V;163V;164V;167N,CCN(CC)CCN1C2=C(C=C(C=C2)[N+](=O)[O-])N=C1CC3=CC=C(C=C3)OC,menitazene,0,-5.26
nitazene_159_A,59Q;81V;83V;92M;94E;108V;110I;117L;120A;122G;141E;159A;160V;163V;164V;167N,CCN(CC)CCN1C2=C(C=C(C=C2)[N+](=O)[O-])N=C1CC3=CC=CC=C3,nitazene,1,0.0
menitazene_159_A,59Q;81V;83V;92M;94E;108V;110I;117L;120A;122G;141E;159A;160V;163V;164V;167N,CCN(CC)CCN1C2=C(C=C(C=C2)[N+](=O)[O-])N=C1CC3=CC=C(C=C3)OC,menitazene,1,0.0
nitazene_159_C,59Q;81V;83V;92M;94E;108V;110I;117L;120A;122G;141E;159C;160V;163V;164V;167N,CCN(CC)CCN1C2=C(C=C(C=C2)[N+](=O)[O-])N=C1CC3=CC=CC=C3,nitazene,0,-4.09
nitazene_159_D,59Q;81V;83V;92M;94E;108V;110I;117L;120A;122G;141E;159D;160V;163V;164V;167N,CCN(CC)CCN1C2=C(C=C(C=C2)[N+](=O)[O-])N=C1CC3=CC=CC=C3,nitazene,0,-3.54
nitazene_159_F,59Q;81V;83V;92M;94E;108V;110I;117L;120A;122G;141E;159F;160V;163V;164V;167N,CCN(CC)CCN1C2=C(C=C(C=C2)[N+](=O)[O-])N=C1CC3=CC=CC=C3,nitazene,0,-4.18
menitazene_159_F,59Q;81V;83V;92M;94E;108V;110I;117L;120A;122G;141E;159F;160V;163V;164V;167N,CCN(CC)CCN1C2=C(C=C(C=C2)[N+](=O)[O-])N=C1CC3=CC=C(C=C3)OC,menitazene,0,-4.58
nitazene_159_G,59Q;81V;83V;92M;94E;108V;110I;117L;120A;122G;141E;159G;160V;163V;164V;167N,CCN(CC)CCN1C2=C(C=C(C=C2)[N+](=O)[O-])N=C1CC3=CC=CC=C3,nitazene,0,-4.13
nitazene_159_H,59Q;81V;83V;92M;94E;108V;110I;117L;120A;122G;141E;159H;160V;163V;164V;167N,CCN(CC)CCN1C2=C(C=C(C=C2)[N+](=O)[O-])N=C1CC3=CC=CC=C3,nitazene,1,1.98
menitazene_159_H,59Q;81V;83V;92M;94E;108V;110I;117L;120A;122G;141E;159H;160V;163V;164V;167N,CCN(CC)CCN1C2=C(C=C(C=C2)[N+](=O)[O-])N=C1CC3=CC=C(C=C3)OC,menitazene,1,1.54
nitazene_159_I,59Q;81V;83V;92M;94E;108V;110I;117L;120A;122G;141E;159I;160V;163V;164V;167N,CCN(CC)CCN1C2=C(C=C(C=C2)[N+](=O)[O-])N=C1CC3=CC=CC=C3,nitazene,0,-5.37
menitazene_159_I,59Q;81V;83V;92M;94E;108V;110I;117L;120A;122G;141E;159I;160V;163V;164V;167N,CCN(CC)CCN1C2=C(C=C(C=C2)[N+](=O)[O-])N=C1CC3=CC=C(C=C3)OC,menitazene,0,-5.65
nitazene_159_L,59Q;81V;83V;92M;94E;108V;110I;117L;120A;122G;141E;159L;160V;163V;164V;167N,CCN(CC)CCN1C2=C(C=C(C=C2)[N+](=O)[O-])N=C1CC3=CC=CC=C3,nitazene,0,-4.88
menitazene_159_L,59Q;81V;83V;92M;94E;108V;110I;117L;120A;122G;141E;159L;160V;163V;164V;167N,CCN(CC)CCN1C2=C(C=C(C=C2)[N+](=O)[O-])N=C1CC3=CC=C(C=C3)OC,menitazene,0,-5.31
nitazene_159_M,59Q;81V;83V;92M;94E;108V;110I;117L;120A;122G;141E;159M;160V;163V;164V;167N,CCN(CC)CCN1C2=C(C=C(C=C2)[N+](=O)[O-])N=C1CC3=CC=CC=C3,nitazene,0,-4.88
menitazene_159_M,59Q;81V;83V;92M;94E;108V;110I;117L;120A;122G;141E;159M;160V;163V;164V;167N,CCN(CC)CCN1C2=C(C=C(C=C2)[N+](=O)[O-])N=C1CC3=CC=C(C=C3)OC,menitazene,0,-4.48
nitazene_159_N,59Q;81V;83V;92M;94E;108V;110I;117L;120A;122G;141E;159N;160V;163V;164V;167N,CCN(CC)CCN1C2=C(C=C(C=C2)[N+](=O)[O-])N=C1CC3=CC=CC=C3,nitazene,0,-4.86
menitazene_159_N,59Q;81V;83V;92M;94E;108V;110I;117L;120A;122G;141E;159N;160V;163V;164V;167N,CCN(CC)CCN1C2=C(C=C(C=C2)[N+](=O)[O-])N=C1CC3=CC=C(C=C3)OC,menitazene,0,-6.14
nitazene_159_Q,59Q;81V;83V;92M;94E;108V;110I;117L;120A;122G;141E;159Q;160V;163V;164V;167N,CCN(CC)CCN1C2=C(C=C(C=C2)[N+](=O)[O-])N=C1CC3=CC=CC=C3,nitazene,1,-0.67
menitazene_159_Q,59Q;81V;83V;92M;94E;108V;110I;117L;120A;122G;141E;159Q;160V;163V;164V;167N,CCN(CC)CCN1C2=C(C=C(C=C2)[N+](=O)[O-])N=C1CC3=CC=C(C=C3)OC,menitazene,0,-5.4
nitazene_159_R,59Q;81V;83V;92M;94E;108V;110I;117L;120A;122G;141E;159R;160V;163V;164V;167N,CCN(CC)CCN1C2=C(C=C(C=C2)[N+](=O)[O-])N=C1CC3=CC=CC=C3,nitazene,0,-5.66
menitazene_159_R,59Q;81V;83V;92M;94E;108V;110I;117L;120A;122G;141E;159R;160V;163V;164V;167N,CCN(CC)CCN1C2=C(C=C(C=C2)[N+](=O)[O-])N=C1CC3=CC=C(C=C3)OC,menitazene,0,-4.93
nitazene_159_S,59Q;81V;83V;92M;94E;108V;110I;117L;120A;122G;141E;159S;160V;163V;164V;167N,CCN(CC)CCN1C2=C(C=C(C=C2)[N+](=O)[O-])N=C1CC3=CC=CC=C3,nitazene,0,-4.39
menitazene_159_S,59Q;81V;83V;92M;94E;108V;110I;117L;120A;122G;141E;159S;160V;163V;164V;167N,CCN(CC)CCN1C2=C(C=C(C=C2)[N+](=O)[O-])N=C1CC3=CC=C(C=C3)OC,menitazene,0,-4.18
nitazene_159_T,59Q;81V;83V;92M;94E;108V;110I;117L;120A;122G;141E;159T;160V;163V;164V;167N,CCN(CC)CCN1C2=C(C=C(C=C2)[N+](=O)[O-])N=C1CC3=CC=CC=C3,nitazene,1,-0.63
menitazene_159_T,59Q;81V;83V;92M;94E;108V;110I;117L;120A;122G;141E;159T;160V;163V;164V;167N,CCN(CC)CCN1C2=C(C=C(C=C2)[N+](=O)[O-])N=C1CC3=CC=C(C=C3)OC,menitazene,1,-0.33
nitazene_159_V,59Q;81V;83V;92M;94E;108V;110I;117L;120A;122G;141E;159V;160V;163V;164V;167N,CCN(CC)CCN1C2=C(C=C(C=C2)[N+](=O)[O-])N=C1CC3=CC=CC=C3,nitazene,1,-0.59
menitazene_159_V,59Q;81V;83V;92M;94E;108V;110I;117L;120A;122G;141E;159V;160V;163V;164V;167N,CCN(CC)CCN1C2=C(C=C(C=C2)[N+](=O)[O-])N=C1CC3=CC=C(C=C3)OC,menitazene,1,-0.2
nitazene_159_W,59Q;81V;83V;92M;94E;108V;110I;117L;120A;122G;141E;159W;160V;163V;164V;167N,CCN(CC)CCN1C2=C(C=C(C=C2)[N+](=O)[O-])N=C1CC3=CC=CC=C3,nitazene,0,-6.13
menitazene_159_W,59Q;81V;83V;92M;94E;108V;110I;117L;120A;122G;141E;159W;160V;163V;164V;167N,CCN(CC)CCN1C2=C(C=C(C=C2)[N+](=O)[O-])N=C1CC3=CC=C(C=C3)OC,menitazene,0,-3.08
nitazene_159_Y,59Q;81V;83V;92M;94E;108V;110I;117L;120A;122G;141E;159Y;160V;163V;164V;167N,CCN(CC)CCN1C2=C(C=C(C=C2)[N+](=O)[O-])N=C1CC3=CC=CC=C3,nitazene,0,-4.96
menitazene_159_Y,59Q;81V;83V;92M;94E;108V;110I;117L;120A;122G;141E;159Y;160V;163V;164V;167N,CCN(CC)CCN1C2=C(C=C(C=C2)[N+](=O)[O-])N=C1CC3=CC=C(C=C3)OC,menitazene,0,-3.65
nitazene_160_A,59Q;81V;83V;92M;94E;108V;110I;117L;120A;122G;141E;159A;160A;163V;164V;167N,CCN(CC)CCN1C2=C(C=C(C=C2)[N+](=O)[O-])N=C1CC3=CC=CC=C3,nitazene,0,-3.4
menitazene_160_A,59Q;81V;83V;92M;94E;108V;110I;117L;120A;122G;141E;159A;160A;163V;164V;167N,CCN(CC)CCN1C2=C(C=C(C=C2)[N+](=O)[O-])N=C1CC3=CC=C(C=C3)OC,menitazene,0,-4.16
nitazene_160_C,59Q;81V;83V;92M;94E;108V;110I;117L;120A;122G;141E;159A;160C;163V;164V;167N,CCN(CC)CCN1C2=C(C=C(C=C2)[N+](=O)[O-])N=C1CC3=CC=CC=C3,nitazene,0,-3.96
menitazene_160_C,59Q;81V;83V;92M;94E;108V;110I;117L;120A;122G;141E;159A;160C;163V;164V;167N,CCN(CC)CCN1C2=C(C=C(C=C2)[N+](=O)[O-])N=C1CC3=CC=C(C=C3)OC,menitazene,0,-5.56
menitazene_160_D,59Q;81V;83V;92M;94E;108V;110I;117L;120A;122G;141E;159A;160D;163V;164V;167N,CCN(CC)CCN1C2=C(C=C(C=C2)[N+](=O)[O-])N=C1CC3=CC=C(C=C3)OC,menitazene,0,-3.65
nitazene_160_E,59Q;81V;83V;92M;94E;108V;110I;117L;120A;122G;141E;159A;160E;163V;164V;167N,CCN(CC)CCN1C2=C(C=C(C=C2)[N+](=O)[O-])N=C1CC3=CC=CC=C3,nitazene,0,-4.96
menitazene_160_E,59Q;81V;83V;92M;94E;108V;110I;117L;120A;122G;141E;159A;160E;163V;164V;167N,CCN(CC)CCN1C2=C(C=C(C=C2)[N+](=O)[O-])N=C1CC3=CC=C(C=C3)OC,menitazene,0,-4.5
nitazene_160_F,59Q;81V;83V;92M;94E;108V;110I;117L;120A;122G;141E;159A;160F;163V;164V;167N,CCN(CC)CCN1C2=C(C=C(C=C2)[N+](=O)[O-])N=C1CC3=CC=CC=C3,nitazene,0,-6.66
menitazene_160_F,59Q;81V;83V;92M;94E;108V;110I;117L;120A;122G;141E;159A;160F;163V;164V;167N,CCN(CC)CCN1C2=C(C=C(C=C2)[N+](=O)[O-])N=C1CC3=CC=C(C=C3)OC,menitazene,0,-4.61
nitazene_160_G,59Q;81V;83V;92M;94E;108V;110I;117L;120A;122G;141E;159A;160G;163V;164V;167N,CCN(CC)CCN1C2=C(C=C(C=C2)[N+](=O)[O-])N=C1CC3=CC=CC=C3,nitazene,0,-5.08
menitazene_160_G,59Q;81V;83V;92M;94E;108V;110I;117L;120A;122G;141E;159A;160G;163V;164V;167N,CCN(CC)CCN1C2=C(C=C(C=C2)[N+](=O)[O-])N=C1CC3=CC=C(C=C3)OC,menitazene,0,-5.36
menitazene_160_I,59Q;81V;83V;92M;94E;108V;110I;117L;120A;122G;141E;159A;160I;163V;164V;167N,CCN(CC)CCN1C2=C(C=C(C=C2)[N+](=O)[O-])N=C1CC3=CC=C(C=C3)OC,menitazene,0,-3.13
menitazene_160_K,59Q;81V;83V;92M;94E;108V;110I;117L;120A;122G;141E;159A;160K;163V;164V;167N,CCN(CC)CCN1C2=C(C=C(C=C2)[N+](=O)[O-])N=C1CC3=CC=C(C=C3)OC,menitazene,0,-5.56
nitazene_160_L,59Q;81V;83V;92M;94E;108V;110I;117L;120A;122G;141E;159A;160L;163V;164V;167N,CCN(CC)CCN1C2=C(C=C(C=C2)[N+](=O)[O-])N=C1CC3=CC=CC=C3,nitazene,0,-4.98
menitazene_160_L,59Q;81V;83V;92M;94E;108V;110I;117L;120A;122G;141E;159A;160L;163V;164V;167N,CCN(CC)CCN1C2=C(C=C(C=C2)[N+](=O)[O-])N=C1CC3=CC=C(C=C3)OC,menitazene,0,-4.16
nitazene_160_M,59Q;81V;83V;92M;94E;108V;110I;117L;120A;122G;141E;159A;160M;163V;164V;167N,CCN(CC)CCN1C2=C(C=C(C=C2)[N+](=O)[O-])N=C1CC3=CC=CC=C3,nitazene,0,-4.13
menitazene_160_M,59Q;81V;83V;92M;94E;108V;110I;117L;120A;122G;141E;159A;160M;163V;164V;167N,CCN(CC)CCN1C2=C(C=C(C=C2)[N+](=O)[O-])N=C1CC3=CC=C(C=C3)OC,menitazene,0,-5.4
menitazene_160_N,59Q;81V;83V;92M;94E;108V;110I;117L;120A;122G;141E;159A;160N;163V;164V;167N,CCN(CC)CCN1C2=C(C=C(C=C2)[N+](=O)[O-])N=C1CC3=CC=C(C=C3)OC,menitazene,0,-3.65
nitazene_160_P,59Q;81V;83V;92M;94E;108V;110I;117L;120A;122G;141E;159A;160P;163V;164V;167N,CCN(CC)CCN1C2=C(C=C(C=C2)[N+](=O)[O-])N=C1CC3=CC=CC=C3,nitazene,0,-5.66
menitazene_160_P,59Q;81V;83V;92M;94E;108V;110I;117L;120A;122G;141E;159A;160P;163V;164V;167N,CCN(CC)CCN1C2=C(C=C(C=C2)[N+](=O)[O-])N=C1CC3=CC=C(C=C3)OC,menitazene,0,-5.93
nitazene_160_Q,59Q;81V;83V;92M;94E;108V;110I;117L;120A;122G;141E;159A;160Q;163V;164V;167N,CCN(CC)CCN1C2=C(C=C(C=C2)[N+](=O)[O-])N=C1CC3=CC=CC=C3,nitazene,0,-3.54
nitazene_160_R,59Q;81V;83V;92M;94E;108V;110I;117L;120A;122G;141E;159A;160R;163V;164V;167N,CCN(CC)CCN1C2=C(C=C(C=C2)[N+](=O)[O-])N=C1CC3=CC=CC=C3,nitazene,0,-5.49
menitazene_160_R,59Q;81V;83V;92M;94E;108V;110I;117L;120A;122G;141E;159A;160R;163V;164V;167N,CCN(CC)CCN1C2=C(C=C(C=C2)[N+](=O)[O-])N=C1CC3=CC=C(C=C3)OC,menitazene,0,-6.09
nitazene_160_S,59Q;81V;83V;92M;94E;108V;110I;117L;120A;122G;141E;159A;160S;163V;164V;167N,CCN(CC)CCN1C2=C(C=C(C=C2)[N+](=O)[O-])N=C1CC3=CC=CC=C3,nitazene,0,-4.69
menitazene_160_S,59Q;81V;83V;92M;94E;108V;110I;117L;120A;122G;141E;159A;160S;163V;164V;167N,CCN(CC)CCN1C2=C(C=C(C=C2)[N+](=O)[O-])N=C1CC3=CC=C(C=C3)OC,menitazene,0,-4.23
nitazene_160_T,59Q;81V;83V;92M;94E;108V;110I;117L;120A;122G;141E;159A;160T;163V;164V;167N,CCN(CC)CCN1C2=C(C=C(C=C2)[N+](=O)[O-])N=C1CC3=CC=CC=C3,nitazene,0,-4.68
menitazene_160_T,59Q;81V;83V;92M;94E;108V;110I;117L;120A;122G;141E;159A;160T;163V;164V;167N,CCN(CC)CCN1C2=C(C=C(C=C2)[N+](=O)[O-])N=C1CC3=CC=C(C=C3)OC,menitazene,0,-3.96
nitazene_160_V,59Q;81V;83V;92M;94E;108V;110I;117L;120A;122G;141E;159A;160V;163V;164V;167N,CCN(CC)CCN1C2=C(C=C(C=C2)[N+](=O)[O-])N=C1CC3=CC=CC=C3,nitazene,1,0.0
menitazene_160_V,59Q;81V;83V;92M;94E;108V;110I;117L;120A;122G;141E;159A;160V;163V;164V;167N,CCN(CC)CCN1C2=C(C=C(C=C2)[N+](=O)[O-])N=C1CC3=CC=C(C=C3)OC,menitazene,1,0.0
nitazene_160_W,59Q;81V;83V;92M;94E;108V;110I;117L;120A;122G;141E;159A;160W;163V;164V;167N,CCN(CC)CCN1C2=C(C=C(C=C2)[N+](=O)[O-])N=C1CC3=CC=CC=C3,nitazene,0,-3.86
menitazene_160_W,59Q;81V;83V;92M;94E;108V;110I;117L;120A;122G;141E;159A;160W;163V;164V;167N,CCN(CC)CCN1C2=C(C=C(C=C2)[N+](=O)[O-])N=C1CC3=CC=C(C=C3)OC,menitazene,0,-6.14
nitazene_160_Y,59Q;81V;83V;92M;94E;108V;110I;117L;120A;122G;141E;159A;160Y;163V;164V;167N,CCN(CC)CCN1C2=C(C=C(C=C2)[N+](=O)[O-])N=C1CC3=CC=CC=C3,nitazene,0,-5.07
menitazene_160_Y,59Q;81V;83V;92M;94E;108V;110I;117L;120A;122G;141E;159A;160Y;163V;164V;167N,CCN(CC)CCN1C2=C(C=C(C=C2)[N+](=O)[O-])N=C1CC3=CC=C(C=C3)OC,menitazene,0,-4.35
nitazene_163_A,59Q;81V;83V;92M;94E;108V;110I;117L;120A;122G;141E;159A;160V;163A;164V;167N,CCN(CC)CCN1C2=C(C=C(C=C2)[N+](=O)[O-])N=C1CC3=CC=CC=C3,nitazene,0,-4.2
menitazene_163_A,59Q;81V;83V;92M;94E;108V;110I;117L;120A;122G;141E;159A;160V;163A;164V;167N,CCN(CC)CCN1C2=C(C=C(C=C2)[N+](=O)[O-])N=C1CC3=CC=C(C=C3)OC,menitazene,0,-3.92
nitazene_163_C,59Q;81V;83V;92M;94E;108V;110I;117L;120A;122G;141E;159A;160V;163C;164V;167N,CCN(CC)CCN1C2=C(C=C(C=C2)[N+](=O)[O-])N=C1CC3=CC=CC=C3,nitazene,0,-5.78
menitazene_163_C,59Q;81V;83V;92M;94E;108V;110I;117L;120A;122G;141E;159A;160V;163C;164V;167N,CCN(CC)CCN1C2=C(C=C(C=C2)[N+](=O)[O-])N=C1CC3=CC=C(C=C3)OC,menitazene,0,-6.8
nitazene_163_D,59Q;81V;83V;92M;94E;108V;110I;117L;120A;122G;141E;159A;160V;163D;164V;167N,CCN(CC)CCN1C2=C(C=C(C=C2)[N+](=O)[O-])N=C1CC3=CC=CC=C3,nitazene,0,-4.22
menitazene_163_D,59Q;81V;83V;92M;94E;108V;110I;117L;120A;122G;141E;159A;160V;163D;164V;167N,CCN(CC)CCN1C2=C(C=C(C=C2)[N+](=O)[O-])N=C1CC3=CC=C(C=C3)OC,menitazene,0,-5.23
nitazene_163_E,59Q;81V;83V;92M;94E;108V;110I;117L;120A;122G;141E;159A;160V;163E;164V;167N,CCN(CC)CCN1C2=C(C=C(C=C2)[N+](=O)[O-])N=C1CC3=CC=CC=C3,nitazene,0,-4.74
menitazene_163_E,59Q;81V;83V;92M;94E;108V;110I;117L;120A;122G;141E;159A;160V;163E;164V;167N,CCN(CC)CCN1C2=C(C=C(C=C2)[N+](=O)[O-])N=C1CC3=CC=C(C=C3)OC,menitazene,0,-4.85
nitazene_163_F,59Q;81V;83V;92M;94E;108V;110I;117L;120A;122G;141E;159A;160V;163F;164V;167N,CCN(CC)CCN1C2=C(C=C(C=C2)[N+](=O)[O-])N=C1CC3=CC=CC=C3,nitazene,0,-5.52
menitazene_163_F,59Q;81V;83V;92M;94E;108V;110I;117L;120A;122G;141E;159A;160V;163F;164V;167N,CCN(CC)CCN1C2=C(C=C(C=C2)[N+](=O)[O-])N=C1CC3=CC=C(C=C3)OC,menitazene,0,-5.67
nitazene_163_G,59Q;81V;83V;92M;94E;108V;110I;117L;120A;122G;141E;159A;160V;163G;164V;167N,CCN(CC)CCN1C2=C(C=C(C=C2)[N+](=O)[O-])N=C1CC3=CC=CC=C3,nitazene,0,-5.24
menitazene_163_G,59Q;81V;83V;92M;94E;108V;110I;117L;120A;122G;141E;159A;160V;163G;164V;167N,CCN(CC)CCN1C2=C(C=C(C=C2)[N+](=O)[O-])N=C1CC3=CC=C(C=C3)OC,menitazene,0,-5.93
nitazene_163_H,59Q;81V;83V;92M;94E;108V;110I;117L;120A;122G;141E;159A;160V;163H;164V;167N,CCN(CC)CCN1C2=C(C=C(C=C2)[N+](=O)[O-])N=C1CC3=CC=CC=C3,nitazene,0,-3.76
nitazene_163_I,59Q;81V;83V;92M;94E;108V;110I;117L;120A;122G;141E;159A;160V;163I;164V;167N,CCN(CC)CCN1C2=C(C=C(C=C2)[N+](=O)[O-])N=C1CC3=CC=CC=C3,nitazene,0,-3.9
menitazene_163_I,59Q;81V;83V;92M;94E;108V;110I;117L;120A;122G;141E;159A;160V;163I;164V;167N,CCN(CC)CCN1C2=C(C=C(C=C2)[N+](=O)[O-])N=C1CC3=CC=C(C=C3)OC,menitazene,0,-4.5
nitazene_163_K,59Q;81V;83V;92M;94E;108V;110I;117L;120A;122G;141E;159A;160V;163K;164V;167N,CCN(CC)CCN1C2=C(C=C(C=C2)[N+](=O)[O-])N=C1CC3=CC=CC=C3,nitazene,0,-5.79
menitazene_163_K,59Q;81V;83V;92M;94E;108V;110I;117L;120A;122G;141E;159A;160V;163K;164V;167N,CCN(CC)CCN1C2=C(C=C(C=C2)[N+](=O)[O-])N=C1CC3=CC=C(C=C3)OC,menitazene,0,-6.07
nitazene_163_L,59Q;81V;83V;92M;94E;108V;110I;117L;120A;122G;141E;159A;160V;163L;164V;167N,CCN(CC)CCN1C2=C(C=C(C=C2)[N+](=O)[O-])N=C1CC3=CC=CC=C3,nitazene,0,-5.6
menitazene_163_L,59Q;81V;83V;92M;94E;108V;110I;117L;120A;122G;141E;159A;160V;163L;164V;167N,CCN(CC)CCN1C2=C(C=C(C=C2)[N+](=O)[O-])N=C1CC3=CC=C(C=C3)OC,menitazene,0,-5.63
nitazene_163_M,59Q;81V;83V;92M;94E;108V;110I;117L;120A;122G;141E;159A;160V;163M;164V;167N,CCN(CC)CCN1C2=C(C=C(C=C2)[N+](=O)[O-])N=C1CC3=CC=CC=C3,nitazene,0,-5.02
menitazene_163_M,59Q;81V;83V;92M;94E;108V;110I;117L;120A;122G;141E;159A;160V;163M;164V;167N,CCN(CC)CCN1C2=C(C=C(C=C2)[N+](=O)[O-])N=C1CC3=CC=C(C=C3)OC,menitazene,0,-4.98
nitazene_163_N,59Q;81V;83V;92M;94E;108V;110I;117L;120A;122G;141E;159A;160V;163N;164V;167N,CCN(CC)CCN1C2=C(C=C(C=C2)[N+](=O)[O-])N=C1CC3=CC=CC=C3,nitazene,0,-4.49
menitazene_163_N,59Q;81V;83V;92M;94E;108V;110I;117L;120A;122G;141E;159A;160V;163N;164V;167N,CCN(CC)CCN1C2=C(C=C(C=C2)[N+](=O)[O-])N=C1CC3=CC=C(C=C3)OC,menitazene,0,-5.77
nitazene_163_P,59Q;81V;83V;92M;94E;108V;110I;117L;120A;122G;141E;159A;160V;163P;164V;167N,CCN(CC)CCN1C2=C(C=C(C=C2)[N+](=O)[O-])N=C1CC3=CC=CC=C3,nitazene,0,-6.96
menitazene_163_P,59Q;81V;83V;92M;94E;108V;110I;117L;120A;122G;141E;159A;160V;163P;164V;167N,CCN(CC)CCN1C2=C(C=C(C=C2)[N+](=O)[O-])N=C1CC3=CC=C(C=C3)OC,menitazene,0,-4.91
nitazene_163_Q,59Q;81V;83V;92M;94E;108V;110I;117L;120A;122G;141E;159A;160V;163Q;164V;167N,CCN(CC)CCN1C2=C(C=C(C=C2)[N+](=O)[O-])N=C1CC3=CC=CC=C3,nitazene,0,-4.19
nitazene_163_R,59Q;81V;83V;92M;94E;108V;110I;117L;120A;122G;141E;159A;160V;163R;164V;167N,CCN(CC)CCN1C2=C(C=C(C=C2)[N+](=O)[O-])N=C1CC3=CC=CC=C3,nitazene,0,-4.13
menitazene_163_R,59Q;81V;83V;92M;94E;108V;110I;117L;120A;122G;141E;159A;160V;163R;164V;167N,CCN(CC)CCN1C2=C(C=C(C=C2)[N+](=O)[O-])N=C1CC3=CC=C(C=C3)OC,menitazene,0,-4.82
nitazene_163_S,59Q;81V;83V;92M;94E;108V;110I;117L;120A;122G;141E;159A;160V;163S;164V;167N,CCN(CC)CCN1C2=C(C=C(C=C2)[N+](=O)[O-])N=C1CC3=CC=CC=C3,nitazene,0,-5.77
menitazene_163_S,59Q;81V;83V;92M;94E;108V;110I;117L;120A;122G;141E;159A;160V;163S;164V;167N,CCN(CC)CCN1C2=C(C=C(C=C2)[N+](=O)[O-])N=C1CC3=CC=C(C=C3)OC,menitazene,0,-5.79
nitazene_163_T,59Q;81V;83V;92M;94E;108V;110I;117L;120A;122G;141E;159A;160V;163T;164V;167N,CCN(CC)CCN1C2=C(C=C(C=C2)[N+](=O)[O-])N=C1CC3=CC=CC=C3,nitazene,0,-5.19
menitazene_163_T,59Q;81V;83V;92M;94E;108V;110I;117L;120A;122G;141E;159A;160V;163T;164V;167N,CCN(CC)CCN1C2=C(C=C(C=C2)[N+](=O)[O-])N=C1CC3=CC=C(C=C3)OC,menitazene,0,-4.03
nitazene_163_V,59Q;81V;83V;92M;94E;108V;110I;117L;120A;122G;141E;159A;160V;163V;164V;167N,CCN(CC)CCN1C2=C(C=C(C=C2)[N+](=O)[O-])N=C1CC3=CC=CC=C3,nitazene,1,0.0
menitazene_163_V,59Q;81V;83V;92M;94E;108V;110I;117L;120A;122G;141E;159A;160V;163V;164V;167N,CCN(CC)CCN1C2=C(C=C(C=C2)[N+](=O)[O-])N=C1CC3=CC=C(C=C3)OC,menitazene,1,0.0
nitazene_163_W,59Q;81V;83V;92M;94E;108V;110I;117L;120A;122G;141E;159A;160V;163W;164V;167N,CCN(CC)CCN1C2=C(C=C(C=C2)[N+](=O)[O-])N=C1CC3=CC=CC=C3,nitazene,0,-4.91
menitazene_163_W,59Q;81V;83V;92M;94E;108V;110I;117L;120A;122G;141E;159A;160V;163W;164V;167N,CCN(CC)CCN1C2=C(C=C(C=C2)[N+](=O)[O-])N=C1CC3=CC=C(C=C3)OC,menitazene,0,-5.04
nitazene_163_Y,59Q;81V;83V;92M;94E;108V;110I;117L;120A;122G;141E;159A;160V;163Y;164V;167N,CCN(CC)CCN1C2=C(C=C(C=C2)[N+](=O)[O-])N=C1CC3=CC=CC=C3,nitazene,0,-4.75
menitazene_163_Y,59Q;81V;83V;92M;94E;108V;110I;117L;120A;122G;141E;159A;160V;163Y;164V;167N,CCN(CC)CCN1C2=C(C=C(C=C2)[N+](=O)[O-])N=C1CC3=CC=C(C=C3)OC,menitazene,0,-5.57
nitazene_164_A,59Q;81V;83V;92M;94E;108V;110I;117L;120A;122G;141E;159A;160V;163V;164A;167N,CCN(CC)CCN1C2=C(C=C(C=C2)[N+](=O)[O-])N=C1CC3=CC=CC=C3,nitazene,0,-3.37
menitazene_164_A,59Q;81V;83V;92M;94E;108V;110I;117L;120A;122G;141E;159A;160V;163V;164A;167N,CCN(CC)CCN1C2=C(C=C(C=C2)[N+](=O)[O-])N=C1CC3=CC=C(C=C3)OC,menitazene,0,-4.23
nitazene_164_C,59Q;81V;83V;92M;94E;108V;110I;117L;120A;122G;141E;159A;160V;163V;164C;167N,CCN(CC)CCN1C2=C(C=C(C=C2)[N+](=O)[O-])N=C1CC3=CC=CC=C3,nitazene,0,-4.79
menitazene_164_C,59Q;81V;83V;92M;94E;108V;110I;117L;120A;122G;141E;159A;160V;163V;164C;167N,CCN(CC)CCN1C2=C(C=C(C=C2)[N+](=O)[O-])N=C1CC3=CC=C(C=C3)OC,menitazene,0,-4.77
nitazene_164_D,59Q;81V;83V;92M;94E;108V;110I;117L;120A;122G;141E;159A;160V;163V;164D;167N,CCN(CC)CCN1C2=C(C=C(C=C2)[N+](=O)[O-])N=C1CC3=CC=CC=C3,nitazene,0,-6.3
menitazene_164_D,59Q;81V;83V;92M;94E;108V;110I;117L;120A;122G;141E;159A;160V;163V;164D;167N,CCN(CC)CCN1C2=C(C=C(C=C2)[N+](=O)[O-])N=C1CC3=CC=C(C=C3)OC,menitazene,0,-4.57
nitazene_164_E,59Q;81V;83V;92M;94E;108V;110I;117L;120A;122G;141E;159A;160V;163V;164E;167N,CCN(CC)CCN1C2=C(C=C(C=C2)[N+](=O)[O-])N=C1CC3=CC=CC=C3,nitazene,0,-4.48
menitazene_164_E,59Q;81V;83V;92M;94E;108V;110I;117L;120A;122G;141E;159A;160V;163V;164E;167N,CCN(CC)CCN1C2=C(C=C(C=C2)[N+](=O)[O-])N=C1CC3=CC=C(C=C3)OC,menitazene,0,-5.76
nitazene_164_F,59Q;81V;83V;92M;94E;108V;110I;117L;120A;122G;141E;159A;160V;163V;164F;167N,CCN(CC)CCN1C2=C(C=C(C=C2)[N+](=O)[O-])N=C1CC3=CC=CC=C3,nitazene,0,-5.29
menitazene_164_F,59Q;81V;83V;92M;94E;108V;110I;117L;120A;122G;141E;159A;160V;163V;164F;167N,CCN(CC)CCN1C2=C(C=C(C=C2)[N+](=O)[O-])N=C1CC3=CC=C(C=C3)OC,menitazene,0,-5.57
nitazene_164_G,59Q;81V;83V;92M;94E;108V;110I;117L;120A;122G;141E;159A;160V;163V;164G;167N,CCN(CC)CCN1C2=C(C=C(C=C2)[N+](=O)[O-])N=C1CC3=CC=CC=C3,nitazene,0,-5.17
menitazene_164_G,59Q;81V;83V;92M;94E;108V;110I;117L;120A;122G;141E;159A;160V;163V;164G;167N,CCN(CC)CCN1C2=C(C=C(C=C2)[N+](=O)[O-])N=C1CC3=CC=C(C=C3)OC,menitazene,0,-5.64
nitazene_164_H,59Q;81V;83V;92M;94E;108V;110I;117L;120A;122G;141E;159A;160V;163V;164H;167N,CCN(CC)CCN1C2=C(C=C(C=C2)[N+](=O)[O-])N=C1CC3=CC=CC=C3,nitazene,0,-5.6
menitazene_164_H,59Q;81V;83V;92M;94E;108V;110I;117L;120A;122G;141E;159A;160V;163V;164H;167N,CCN(CC)CCN1C2=C(C=C(C=C2)[N+](=O)[O-])N=C1CC3=CC=C(C=C3)OC,menitazene,0,-5.88
nitazene_164_I,59Q;81V;83V;92M;94E;108V;110I;117L;120A;122G;141E;159A;160V;163V;164I;167N,CCN(CC)CCN1C2=C(C=C(C=C2)[N+](=O)[O-])N=C1CC3=CC=CC=C3,nitazene,1,0.46
menitazene_164_I,59Q;81V;83V;92M;94E;108V;110I;117L;120A;122G;141E;159A;160V;163V;164I;167N,CCN(CC)CCN1C2=C(C=C(C=C2)[N+](=O)[O-])N=C1CC3=CC=C(C=C3)OC,menitazene,1,0.8
menitazene_164_K,59Q;81V;83V;92M;94E;108V;110I;117L;120A;122G;141E;159A;160V;163V;164K;167N,CCN(CC)CCN1C2=C(C=C(C=C2)[N+](=O)[O-])N=C1CC3=CC=C(C=C3)OC,menitazene,0,-6.88
nitazene_164_L,59Q;81V;83V;92M;94E;108V;110I;117L;120A;122G;141E;159A;160V;163V;164L;167N,CCN(CC)CCN1C2=C(C=C(C=C2)[N+](=O)[O-])N=C1CC3=CC=CC=C3,nitazene,0,-5.39
nitazene_164_M,59Q;81V;83V;92M;94E;108V;110I;117L;120A;122G;141E;159A;160V;163V;164M;167N,CCN(CC)CCN1C2=C(C=C(C=C2)[N+](=O)[O-])N=C1CC3=CC=CC=C3,nitazene,0,-4.06
nitazene_164_N,59Q;81V;83V;92M;94E;108V;110I;117L;120A;122G;141E;159A;160V;163V;164N;167N,CCN(CC)CCN1C2=C(C=C(C=C2)[N+](=O)[O-])N=C1CC3=CC=CC=C3,nitazene,0,-4.59
menitazene_164_N,59Q;81V;83V;92M;94E;108V;110I;117L;120A;122G;141E;159A;160V;163V;164N;167N,CCN(CC)CCN1C2=C(C=C(C=C2)[N+](=O)[O-])N=C1CC3=CC=C(C=C3)OC,menitazene,0,-5.19
nitazene_164_P,59Q;81V;83V;92M;94E;108V;110I;117L;120A;122G;141E;159A;160V;163V;164P;167N,CCN(CC)CCN1C2=C(C=C(C=C2)[N+](=O)[O-])N=C1CC3=CC=CC=C3,nitazene,0,-5.32
menitazene_164_P,59Q;81V;83V;92M;94E;108V;110I;117L;120A;122G;141E;159A;160V;163V;164P;167N,CCN(CC)CCN1C2=C(C=C(C=C2)[N+](=O)[O-])N=C1CC3=CC=C(C=C3)OC,menitazene,0,-5.77
nitazene_164_Q,59Q;81V;83V;92M;94E;108V;110I;117L;120A;122G;141E;159A;160V;163V;164Q;167N,CCN(CC)CCN1C2=C(C=C(C=C2)[N+](=O)[O-])N=C1CC3=CC=CC=C3,nitazene,0,-4.06
menitazene_164_Q,59Q;81V;83V;92M;94E;108V;110I;117L;120A;122G;141E;159A;160V;163V;164Q;167N,CCN(CC)CCN1C2=C(C=C(C=C2)[N+](=O)[O-])N=C1CC3=CC=C(C=C3)OC,menitazene,0,-7.14
nitazene_164_R,59Q;81V;83V;92M;94E;108V;110I;117L;120A;122G;141E;159A;160V;163V;164R;167N,CCN(CC)CCN1C2=C(C=C(C=C2)[N+](=O)[O-])N=C1CC3=CC=CC=C3,nitazene,0,-5.54
menitazene_164_R,59Q;81V;83V;92M;94E;108V;110I;117L;120A;122G;141E;159A;160V;163V;164R;167N,CCN(CC)CCN1C2=C(C=C(C=C2)[N+](=O)[O-])N=C1CC3=CC=C(C=C3)OC,menitazene,0,-5.97
nitazene_164_S,59Q;81V;83V;92M;94E;108V;110I;117L;120A;122G;141E;159A;160V;163V;164S;167N,CCN(CC)CCN1C2=C(C=C(C=C2)[N+](=O)[O-])N=C1CC3=CC=CC=C3,nitazene,0,-5.04
menitazene_164_S,59Q;81V;83V;92M;94E;108V;110I;117L;120A;122G;141E;159A;160V;163V;164S;167N,CCN(CC)CCN1C2=C(C=C(C=C2)[N+](=O)[O-])N=C1CC3=CC=C(C=C3)OC,menitazene,0,-5.26
nitazene_164_T,59Q;81V;83V;92M;94E;108V;110I;117L;120A;122G;141E;159A;160V;163V;164T;167N,CCN(CC)CCN1C2=C(C=C(C=C2)[N+](=O)[O-])N=C1CC3=CC=CC=C3,nitazene,0,-6.08
menitazene_164_T,59Q;81V;83V;92M;94E;108V;110I;117L;120A;122G;141E;159A;160V;163V;164T;167N,CCN(CC)CCN1C2=C(C=C(C=C2)[N+](=O)[O-])N=C1CC3=CC=C(C=C3)OC,menitazene,0,-5.04
nitazene_164_V,59Q;81V;83V;92M;94E;108V;110I;117L;120A;122G;141E;159A;160V;163V;164V;167N,CCN(CC)CCN1C2=C(C=C(C=C2)[N+](=O)[O-])N=C1CC3=CC=CC=C3,nitazene,1,0.0
menitazene_164_V,59Q;81V;83V;92M;94E;108V;110I;117L;120A;122G;141E;159A;160V;163V;164V;167N,CCN(CC)CCN1C2=C(C=C(C=C2)[N+](=O)[O-])N=C1CC3=CC=C(C=C3)OC,menitazene,1,0.0
nitazene_164_W,59Q;81V;83V;92M;94E;108V;110I;117L;120A;122G;141E;159A;160V;163V;164W;167N,CCN(CC)CCN1C2=C(C=C(C=C2)[N+](=O)[O-])N=C1CC3=CC=CC=C3,nitazene,0,-4.93
menitazene_164_W,59Q;81V;83V;92M;94E;108V;110I;117L;120A;122G;141E;159A;160V;163V;164W;167N,CCN(CC)CCN1C2=C(C=C(C=C2)[N+](=O)[O-])N=C1CC3=CC=C(C=C3)OC,menitazene,0,-4.75
nitazene_164_Y,59Q;81V;83V;92M;94E;108V;110I;117L;120A;122G;141E;159A;160V;163V;164Y;167N,CCN(CC)CCN1C2=C(C=C(C=C2)[N+](=O)[O-])N=C1CC3=CC=CC=C3,nitazene,0,-6.5
menitazene_164_Y,59Q;81V;83V;92M;94E;108V;110I;117L;120A;122G;141E;159A;160V;163V;164Y;167N,CCN(CC)CCN1C2=C(C=C(C=C2)[N+](=O)[O-])N=C1CC3=CC=C(C=C3)OC,menitazene,0,-5.3
nitazene_167_A,59Q;81V;83V;92M;94E;108V;110I;117L;120A;122G;141E;159A;160V;163V;164V;167A,CCN(CC)CCN1C2=C(C=C(C=C2)[N+](=O)[O-])N=C1CC3=CC=CC=C3,nitazene,1,-0.76
menitazene_167_A,59Q;81V;83V;92M;94E;108V;110I;117L;120A;122G;141E;159A;160V;163V;164V;167A,CCN(CC)CCN1C2=C(C=C(C=C2)[N+](=O)[O-])N=C1CC3=CC=C(C=C3)OC,menitazene,1,0.34
nitazene_167_C,59Q;81V;83V;92M;94E;108V;110I;117L;120A;122G;141E;159A;160V;163V;164V;167C,CCN(CC)CCN1C2=C(C=C(C=C2)[N+](=O)[O-])N=C1CC3=CC=CC=C3,nitazene,0,-6.48
menitazene_167_C,59Q;81V;83V;92M;94E;108V;110I;117L;120A;122G;141E;159A;160V;163V;164V;167C,CCN(CC)CCN1C2=C(C=C(C=C2)[N+](=O)[O-])N=C1CC3=CC=C(C=C3)OC,menitazene,0,-3.3
menitazene_167_D,59Q;81V;83V;92M;94E;108V;110I;117L;120A;122G;141E;159A;160V;163V;164V;167D,CCN(CC)CCN1C2=C(C=C(C=C2)[N+](=O)[O-])N=C1CC3=CC=C(C=C3)OC,menitazene,0,-4.35
nitazene_167_E,59Q;81V;83V;92M;94E;108V;110I;117L;120A;122G;141E;159A;160V;163V;164V;167E,CCN(CC)CCN1C2=C(C=C(C=C2)[N+](=O)[O-])N=C1CC3=CC=CC=C3,nitazene,0,-4.76
menitazene_167_E,59Q;81V;83V;92M;94E;108V;110I;117L;120A;122G;141E;159A;160V;163V;164V;167E,CCN(CC)CCN1C2=C(C=C(C=C2)[N+](=O)[O-])N=C1CC3=CC=C(C=C3)OC,menitazene,0,-4.72
menitazene_167_F,59Q;81V;83V;92M;94E;108V;110I;117L;120A;122G;141E;159A;160V;163V;164V;167F,CCN(CC)CCN1C2=C(C=C(C=C2)[N+](=O)[O-])N=C1CC3=CC=C(C=C3)OC,menitazene,0,-5.4
menitazene_167_G,59Q;81V;83V;92M;94E;108V;110I;117L;120A;122G;141E;159A;160V;163V;164V;167G,CCN(CC)CCN1C2=C(C=C(C=C2)[N+](=O)[O-])N=C1CC3=CC=C(C=C3)OC,menitazene,1,0.01
nitazene_167_H,59Q;81V;83V;92M;94E;108V;110I;117L;120A;122G;141E;159A;160V;163V;164V;167H,CCN(CC)CCN1C2=C(C=C(C=C2)[N+](=O)[O-])N=C1CC3=CC=CC=C3,nitazene,0,-4.07
nitazene_167_I,59Q;81V;83V;92M;94E;108V;110I;117L;120A;122G;141E;159A;160V;163V;164V;167I,CCN(CC)CCN1C2=C(C=C(C=C2)[N+](=O)[O-])N=C1CC3=CC=CC=C3,nitazene,0,-5.08
menitazene_167_I,59Q;81V;83V;92M;94E;108V;110I;117L;120A;122G;141E;159A;160V;163V;164V;167I,CCN(CC)CCN1C2=C(C=C(C=C2)[N+](=O)[O-])N=C1CC3=CC=C(C=C3)OC,menitazene,0,-4.56
nitazene_167_K,59Q;81V;83V;92M;94E;108V;110I;117L;120A;122G;141E;159A;160V;163V;164V;167K,CCN(CC)CCN1C2=C(C=C(C=C2)[N+](=O)[O-])N=C1CC3=CC=CC=C3,nitazene,0,-5.8
menitazene_167_K,59Q;81V;83V;92M;94E;108V;110I;117L;120A;122G;141E;159A;160V;163V;164V;167K,CCN(CC)CCN1C2=C(C=C(C=C2)[N+](=O)[O-])N=C1CC3=CC=C(C=C3)OC,menitazene,0,-4.49
nitazene_167_L,59Q;81V;83V;92M;94E;108V;110I;117L;120A;122G;141E;159A;160V;163V;164V;167L,CCN(CC)CCN1C2=C(C=C(C=C2)[N+](=O)[O-])N=C1CC3=CC=CC=C3,nitazene,0,-4.97
menitazene_167_L,59Q;81V;83V;92M;94E;108V;110I;117L;120A;122G;141E;159A;160V;163V;164V;167L,CCN(CC)CCN1C2=C(C=C(C=C2)[N+](=O)[O-])N=C1CC3=CC=C(C=C3)OC,menitazene,0,-5.54
nitazene_167_M,59Q;81V;83V;92M;94E;108V;110I;117L;120A;122G;141E;159A;160V;163V;164V;167M,CCN(CC)CCN1C2=C(C=C(C=C2)[N+](=O)[O-])N=C1CC3=CC=CC=C3,nitazene,0,-6.45
menitazene_167_M,59Q;81V;83V;92M;94E;108V;110I;117L;120A;122G;141E;159A;160V;163V;164V;167M,CCN(CC)CCN1C2=C(C=C(C=C2)[N+](=O)[O-])N=C1CC3=CC=C(C=C3)OC,menitazene,0,-6.14
nitazene_167_N,59Q;81V;83V;92M;94E;108V;110I;117L;120A;122G;141E;159A;160V;163V;164V;167N,CCN(CC)CCN1C2=C(C=C(C=C2)[N+](=O)[O-])N=C1CC3=CC=CC=C3,nitazene,1,0.0
menitazene_167_N,59Q;81V;83V;92M;94E;108V;110I;117L;120A;122G;141E;159A;160V;163V;164V;167N,CCN(CC)CCN1C2=C(C=C(C=C2)[N+](=O)[O-])N=C1CC3=CC=C(C=C3)OC,menitazene,1,0.0
nitazene_167_P,59Q;81V;83V;92M;94E;108V;110I;117L;120A;122G;141E;159A;160V;163V;164V;167P,CCN(CC)CCN1C2=C(C=C(C=C2)[N+](=O)[O-])N=C1CC3=CC=CC=C3,nitazene,0,-4.41
menitazene_167_P,59Q;81V;83V;92M;94E;108V;110I;117L;120A;122G;141E;159A;160V;163V;164V;167P,CCN(CC)CCN1C2=C(C=C(C=C2)[N+](=O)[O-])N=C1CC3=CC=C(C=C3)OC,menitazene,0,-4.43
nitazene_167_Q,59Q;81V;83V;92M;94E;108V;110I;117L;120A;122G;141E;159A;160V;163V;164V;167Q,CCN(CC)CCN1C2=C(C=C(C=C2)[N+](=O)[O-])N=C1CC3=CC=CC=C3,nitazene,0,-6.1
menitazene_167_Q,59Q;81V;83V;92M;94E;108V;110I;117L;120A;122G;141E;159A;160V;163V;164V;167Q,CCN(CC)CCN1C2=C(C=C(C=C2)[N+](=O)[O-])N=C1CC3=CC=C(C=C3)OC,menitazene,0,-5.96
nitazene_167_R,59Q;81V;83V;92M;94E;108V;110I;117L;120A;122G;141E;159A;160V;163V;164V;167R,CCN(CC)CCN1C2=C(C=C(C=C2)[N+](=O)[O-])N=C1CC3=CC=CC=C3,nitazene,0,-5.7
menitazene_167_R,59Q;81V;83V;92M;94E;108V;110I;117L;120A;122G;141E;159A;160V;163V;164V;167R,CCN(CC)CCN1C2=C(C=C(C=C2)[N+](=O)[O-])N=C1CC3=CC=C(C=C3)OC,menitazene,0,-5.49
nitazene_167_S,59Q;81V;83V;92M;94E;108V;110I;117L;120A;122G;141E;159A;160V;163V;164V;167S,CCN(CC)CCN1C2=C(C=C(C=C2)[N+](=O)[O-])N=C1CC3=CC=CC=C3,nitazene,0,-3.93
menitazene_167_S,59Q;81V;83V;92M;94E;108V;110I;117L;120A;122G;141E;159A;160V;163V;164V;167S,CCN(CC)CCN1C2=C(C=C(C=C2)[N+](=O)[O-])N=C1CC3=CC=C(C=C3)OC,menitazene,1,0.01
nitazene_167_T,59Q;81V;83V;92M;94E;108V;110I;117L;120A;122G;141E;159A;160V;163V;164V;167T,CCN(CC)CCN1C2=C(C=C(C=C2)[N+](=O)[O-])N=C1CC3=CC=CC=C3,nitazene,0,-4.54
menitazene_167_T,59Q;81V;83V;92M;94E;108V;110I;117L;120A;122G;141E;159A;160V;163V;164V;167T,CCN(CC)CCN1C2=C(C=C(C=C2)[N+](=O)[O-])N=C1CC3=CC=C(C=C3)OC,menitazene,0,-4.6
nitazene_167_V,59Q;81V;83V;92M;94E;108V;110I;117L;120A;122G;141E;159A;160V;163V;164V;167V,CCN(CC)CCN1C2=C(C=C(C=C2)[N+](=O)[O-])N=C1CC3=CC=CC=C3,nitazene,0,-5.47
menitazene_167_V,59Q;81V;83V;92M;94E;108V;110I;117L;120A;122G;141E;159A;160V;163V;164V;167V,CCN(CC)CCN1C2=C(C=C(C=C2)[N+](=O)[O-])N=C1CC3=CC=C(C=C3)OC,menitazene,0,-4.48
nitazene_167_W,59Q;81V;83V;92M;94E;108V;110I;117L;120A;122G;141E;159A;160V;163V;164V;167W,CCN(CC)CCN1C2=C(C=C(C=C2)[N+](=O)[O-])N=C1CC3=CC=CC=C3,nitazene,0,-4.13
menitazene_167_W,59Q;81V;83V;92M;94E;108V;110I;117L;120A;122G;141E;159A;160V;163V;164V;167W,CCN(CC)CCN1C2=C(C=C(C=C2)[N+](=O)[O-])N=C1CC3=CC=C(C=C3)OC,menitazene,0,-4.82
nitazene_167_Y,59Q;81V;83V;92M;94E;108V;110I;117L;120A;122G;141E;159A;160V;163V;164V;167Y,CCN(CC)CCN1C2=C(C=C(C=C2)[N+](=O)[O-])N=C1CC3=CC=CC=C3,nitazene,0,-4.13
menitazene_167_Y,59Q;81V;83V;92M;94E;108V;110I;117L;120A;122G;141E;159A;160V;163V;164V;167Y,CCN(CC)CCN1C2=C(C=C(C=C2)[N+](=O)[O-])N=C1CC3=CC=C(C=C3)OC,menitazene,0,-3.4
