name,variant_signature,ligand_smiles,ligand_name,label,mutant_type
nitazene_base,59Q;81V;83V;92M;94E;108V;110I;117L;120A;122G;141E;159A;160V;163V;164V;167N,CCN(CC)CCN1C2=C(C=C(C=C2)[N+](=O)[O-])N=C1CC3=CC=CC=C3,nitazene,1,base
nitazene_ssm_59_Q,59Q;81V;83V;92M;94E;108V;110I;117L;120A;122G;141E;159A;160V;163V;164V;167N,CCN(CC)CCN1C2=C(C=C(C=C2)[N+](=O)[O-])N=C1CC3=CC=CC=C3,nitazene,1,single_binder
nitazene_ssm_81_C,59Q;81C;83V;92M;94E;108V;110I;117L;120A;122G;141E;159A;160V;163V;164V;167N,CCN(CC)CCN1C2=C(C=C(C=C2)[N+](=O)[O-])N=C1CC3=CC=CC=C3,nitazene,1,single_binder
nitazene_ssm_81_I,59Q;81I;83V;92M;94E;108V;110I;117L;120A;122G;141E;159A;160V;163V;164V;167N,CCN(CC)CCN1C2=C(C=C(C=C2)[N+](=O)[O-])N=C1CC3=CC=CC=C3,nitazene,1,single_binder
nitazene_ssm_81_L,59Q;81L;83V;92M;94E;108V;110I;117L;120A;122G;141E;159A;160V;163V;164V;167N,CCN(CC)CCN1C2=C(C=C(C=C2)[N+](=O)[O-])N=C1CC3=CC=CC=C3,nitazene,1,single_binder
nitazene_ssm_81_M,59Q;81M;83V;92M;94E;108V;110I;117L;120A;122G;141E;159A;160V;163V;164V;167N,CCN(CC)CCN1C2=C(C=C(C=C2)[N+](=O)[O-])N=C1CC3=CC=CC=C3,nitazene,1,single_binder
nitazene_ssm_81_V,59Q;81V;83V;92M;94E;108V;110I;117L;120A;122G;141E;159A;160V;163V;164V;167N,CCN(CC)CCN1C2=C(C=C(C=C2)[N+](=O)[O-])N=C1CC3=CC=CC=C3,nitazene,1,single_binder
nitazene_ssm_83_F,59Q;81V;83F;92M;94E;108V;110I;117L;120A;122G;141E;159A;160V;163V;164V;167N,CCN(CC)CCN1C2=C(C=C(C=C2)[N+](=O)[O-])N=C1CC3=CC=CC=C3,nitazene,1,single_binder
nitazene_ssm_83_L,59Q;81V;83L;92M;94E;108V;110I;117L;120A;122G;141E;159A;160V;163V;164V;167N,CCN(CC)CCN1C2=C(C=C(C=C2)[N+](=O)[O-])N=C1CC3=CC=CC=C3,nitazene,1,single_binder
nitazene_ssm_83_M,59Q;81V;83M;92M;94E;108V;110I;117L;120A;122G;141E;159A;160V;163V;164V;167N,CCN(CC)CCN1C2=C(C=C(C=C2)[N+](=O)[O-])N=C1CC3=CC=CC=C3,nitazene,1,single_binder
nitazene_ssm_83_P,59Q;81V;83P;92M;94E;108V;110I;117L;120A;122G;141E;159A;160V;163V;164V;167N,CCN(CC)CCN1C2=C(C=C(C=C2)[N+](=O)[O-])N=C1CC3=CC=CC=C3,nitazene,1,single_binder
nitazene_ssm_83_V,59Q;81V;83V;92M;94E;108V;110I;117L;120A;122G;141E;159A;160V;163V;164V;167N,CCN(CC)CCN1C2=C(C=C(C=C2)[N+](=O)[O-])N=C1CC3=CC=CC=C3,nitazene,1,single_binder
nitazene_ssm_92_F,59Q;81V;83V;92F;94E;108V;110I;117L;120A;122G;141E;159A;160V;163V;164V;167N,CCN(CC)CCN1C2=C(C=C(C=C2)[N+](=O)[O-])N=C1CC3=CC=CC=C3,nitazene,1,single_binder
nitazene_ssm_92_I,59Q;81V;83V;92I;94E;108V;110I;117L;120A;122G;141E;159A;160V;163V;164V;167N,CCN(CC)CCN1C2=C(C=C(C=C2)[N+](=O)[O-])N=C1CC3=CC=CC=C3,nitazene,1,single_binder
nitazene_ssm_92_L,59Q;81V;83V;92L;94E;108V;110I;117L;120A;122G;141E;159A;160V;163V;164V;167N,CCN(CC)CCN1C2=C(C=C(C=C2)[N+](=O)[O-])N=C1CC3=CC=CC=C3,nitazene,1,single_binder
nitazene_ssm_92_M,59Q;81V;83V;92M;94E;108V;110I;117L;120A;122G;141E;159A;160V;163V;164V;167N,CCN(CC)CCN1C2=C(C=C(C=C2)[N+](=O)[O-])N=C1CC3=CC=CC=C3,nitazene,1,single_binder
nitazene_ssm_94_E,59Q;81V;83V;92M;94E;108V;110I;117L;120A;122G;141E;159A;160V;163V;164V;167N,CCN(CC)CCN1C2=C(C=C(C=C2)[N+](=O)[O-])N=C1CC3=CC=CC=C3,nitazene,1,single_binder
nitazene_ssm_108_I,59Q;81V;83V;92M;94E;108I;110I;117L;120A;122G;141E;159A;160V;163V;164V;167N,CCN(CC)CCN1C2=C(C=C(C=C2)[N+](=O)[O-])N=C1CC3=CC=CC=C3,nitazene,1,single_binder
nitazene_ssm_108_V,59Q;81V;83V;92M;94E;108V;110I;117L;120A;122G;141E;159A;160V;163V;164V;167N,CCN(CC)CCN1C2=C(C=C(C=C2)[N+](=O)[O-])N=C1CC3=CC=CC=C3,nitazene,1,single_binder
nitazene_ssm_110_I,59Q;81V;83V;92M;94E;108V;110I;117L;120A;122G;141E;159A;160V;163V;164V;167N,CCN(CC)CCN1C2=C(C=C(C=C2)[N+](=O)[O-])N=C1CC3=CC=CC=C3,nitazene,1,single_binder
nitazene_ssm_117_L,59Q;81V;83V;92M;94E;108V;110I;117L;120A;122G;141E;159A;160V;163V;164V;167N,CCN(CC)CCN1C2=C(C=C(C=C2)[N+](=O)[O-])N=C1CC3=CC=CC=C3,nitazene,1,single_binder
nitazene_ssm_120_A,59Q;81V;83V;92M;94E;108V;110I;117L;120A;122G;141E;159A;160V;163V;164V;167N,CCN(CC)CCN1C2=C(C=C(C=C2)[N+](=O)[O-])N=C1CC3=CC=CC=C3,nitazene,1,single_binder
nitazene_ssm_120_G,59Q;81V;83V;92M;94E;108V;110I;117L;120G;122G;141E;159A;160V;163V;164V;167N,CCN(CC)CCN1C2=C(C=C(C=C2)[N+](=O)[O-])N=C1CC3=CC=CC=C3,nitazene,1,single_binder
nitazene_ssm_120_Y,59Q;81V;83V;92M;94E;108V;110I;117L;120Y;122G;141E;159A;160V;163V;164V;167N,CCN(CC)CCN1C2=C(C=C(C=C2)[N+](=O)[O-])N=C1CC3=CC=CC=C3,nitazene,1,single_binder
nitazene_ssm_122_A,59Q;81V;83V;92M;94E;108V;110I;117L;120A;122A;141E;159A;160V;163V;164V;167N,CCN(CC)CCN1C2=C(C=C(C=C2)[N+](=O)[O-])N=C1CC3=CC=CC=C3,nitazene,1,single_binder
nitazene_ssm_122_D,59Q;81V;83V;92M;94E;108V;110I;117L;120A;122D;141E;159A;160V;163V;164V;167N,CCN(CC)CCN1C2=C(C=C(C=C2)[N+](=O)[O-])N=C1CC3=CC=CC=C3,nitazene,1,single_binder
nitazene_ssm_122_E,59Q;81V;83V;92M;94E;108V;110I;117L;120A;122E;141E;159A;160V;163V;164V;167N,CCN(CC)CCN1C2=C(C=C(C=C2)[N+](=O)[O-])N=C1CC3=CC=CC=C3,nitazene,1,single_binder
nitazene_ssm_122_G,59Q;81V;83V;92M;94E;108V;110I;117L;120A;122G;141E;159A;160V;163V;164V;167N,CCN(CC)CCN1C2=C(C=C(C=C2)[N+](=O)[O-])N=C1CC3=CC=CC=C3,nitazene,1,single_binder
nitazene_ssm_122_Q,59Q;81V;83V;92M;94E;108V;110I;117L;120A;122Q;141E;159A;160V;163V;164V;167N,CCN(CC)CCN1C2=C(C=C(C=C2)[N+](=O)[O-])N=C1CC3=CC=CC=C3,nitazene,1,single_binder
nitazene_ssm_122_S,59Q;81V;83V;92M;94E;108V;110I;117L;120A;122S;141E;159A;160V;163V;164V;167N,CCN(CC)CCN1C2=C(C=C(C=C2)[N+](=O)[O-])N=C1CC3=CC=CC=C3,nitazene,1,single_binder
nitazene_ssm_141_D,59Q;81V;83V;92M;94E;108V;110I;117L;120A;122G;141D;159A;160V;163V;164V;167N,CCN(CC)CCN1C2=C(C=C(C=C2)[N+](=O)[O-])N=C1CC3=CC=CC=C3,nitazene,1,single_binder
nitazene_ssm_141_E,59Q;81V;83V;92M;94E;108V;110I;117L;120A;122G;141E;159A;160V;163V;164V;167N,CCN(CC)CCN1C2=C(C=C(C=C2)[N+](=O)[O-])N=C1CC3=CC=CC=C3,nitazene,1,single_binder
nitazene_ssm_159_A,59Q;81V;83V;92M;94E;108V;110I;117L;120A;122G;141E;159A;160V;163V;164V;167N,CCN(CC)CCN1C2=C(C=C(C=C2)[N+](=O)[O-])N=C1CC3=CC=CC=C3,nitazene,1,single_binder
nitazene_ssm_159_H,59Q;81V;83V;92M;94E;108V;110I;117L;120A;122G;141E;159H;160V;163V;164V;167N,CCN(CC)CCN1C2=C(C=C(C=C2)[N+](=O)[O-])N=C1CC3=CC=CC=C3,nitazene,1,single_binder
nitazene_ssm_159_Q,59Q;81V;83V;92M;94E;108V;110I;117L;120A;122G;141E;159Q;160V;163V;164V;167N,CCN(CC)CCN1C2=C(C=C(C=C2)[N+](=O)[O-])N=C1CC3=CC=CC=C3,nitazene,1,single_binder
nitazene_ssm_159_T,59Q;81V;83V;92M;94E;108V;110I;117L;120A;122G;141E;159T;160V;163V;164V;167N,CCN(CC)CCN1C2=C(C=C(C=C2)[N+](=O)[O-])N=C1CC3=CC=CC=C3,nitazene,1,single_binder
nitazene_ssm_159_V,59Q;81V;83V;92M;94E;108V;110I;117L;120A;122G;141E;159V;160V;163V;164V;167N,CCN(CC)CCN1C2=C(C=C(C=C2)[N+](=O)[O-])N=C1CC3=CC=CC=C3,nitazene,1,single_binder
nitazene_ssm_160_V,59Q;81V;83V;92M;94E;108V;110I;117L;120A;122G;141E;159A;160V;163V;164V;167N,CCN(CC)CCN1C2=C(C=C(C=C2)[N+](=O)[O-])N=C1CC3=CC=CC=C3,nitazene,1,single_binder
nitazene_ssm_163_V,59Q;81V;83V;92M;94E;108V;110I;117L;120A;122G;141E;159A;160V;163V;164V;167N,CCN(CC)CCN1C2=C(C=C(C=C2)[N+](=O)[O-])N=C1CC3=CC=CC=C3,nitazene,1,single_binder
nitazene_ssm_164_I,59Q;81V;83V;92M;94E;108V;110I;117L;120A;122G;141E;159A;160V;163V;164I;167N,CCN(CC)CCN1C2=C(C=C(C=C2)[N+](=O)[O-])N=C1CC3=CC=CC=C3,nitazene,1,single_binder
nitazene_ssm_164_V,59Q;81V;83V;92M;94E;108V;110I;117L;120A;122G;141E;159A;160V;163V;164V;167N,CCN(CC)CCN1C2=C(C=C(C=C2)[N+](=O)[O-])N=C1CC3=CC=CC=C3,nitazene,1,single_binder
nitazene_ssm_167_A,59Q;81V;83V;92M;94E;108V;110I;117L;120A;122G;141E;159A;160V;163V;164V;167A,CCN(CC)CCN1C2=C(C=C(C=C2)[N+](=O)[O-])N=C1CC3=CC=CC=C3,nitazene,1,single_binder
nitazene_ssm_167_N,59Q;81V;83V;92M;94E;108V;110I;117L;120A;122G;141E;159A;160V;163V;164V;167N,CCN(CC)CCN1C2=C(C=C(C=C2)[N+](=O)[O-])N=C1CC3=CC=CC=C3,nitazene,1,single_binder
nitazene_dbl_59A_141A,59A;81V;83V;92M;94E;108V;110I;117L;120A;122G;141A;159A;160V;163V;164V;167N,CCN(CC)CCN1C2=C(C=C(C=C2)[N+](=O)[O-])N=C1CC3=CC=CC=C3,nitazene,0,double_negative
nitazene_dbl_117Y_120L,59Q;81V;83V;92M;94E;108V;110I;117Y;120L;122G;141E;159A;160V;163V;164V;167N,CCN(CC)CCN1C2=C(C=C(C=C2)[N+](=O)[O-])N=C1CC3=CC=CC=C3,nitazene,0,double_negative
nitazene_dbl_120T_160F,59Q;81V;83V;92M;94E;108V;110I;117L;120T;122G;141E;159A;160F;163V;164V;167N,CCN(CC)CCN1C2=C(C=C(C=C2)[N+](=O)[O-])N=C1CC3=CC=CC=C3,nitazene,0,double_negative
nitazene_dbl_160P_163L,59Q;81V;83V;92M;94E;108V;110I;117L;120A;122G;141E;159A;160P;163L;164V;167N,CCN(CC)CCN1C2=C(C=C(C=C2)[N+](=O)[O-])N=C1CC3=CC=CC=C3,nitazene,0,double_negative
nitazene_dbl_120H_122T,59Q;81V;83V;92M;94E;108V;110I;117L;120H;122T;141E;159A;160V;163V;164V;167N,CCN(CC)CCN1C2=C(C=C(C=C2)[N+](=O)[O-])N=C1CC3=CC=CC=C3,nitazene,0,double_negative
nitazene_dbl_83G_94M,59Q;81V;83G;92M;94M;108V;110I;117L;120A;122G;141E;159A;160V;163V;164V;167N,CCN(CC)CCN1C2=C(C=C(C=C2)[N+](=O)[O-])N=C1CC3=CC=CC=C3,nitazene,0,double_negative
nitazene_dbl_120N_141L,59Q;81V;83V;92M;94E;108V;110I;117L;120N;122G;141L;159A;160V;163V;164V;167N,CCN(CC)CCN1C2=C(C=C(C=C2)[N+](=O)[O-])N=C1CC3=CC=CC=C3,nitazene,0,double_negative
nitazene_dbl_117P_159S,59Q;81V;83V;92M;94E;108V;110I;117P;120A;122G;141E;159S;160V;163V;164V;167N,CCN(CC)CCN1C2=C(C=C(C=C2)[N+](=O)[O-])N=C1CC3=CC=CC=C3,nitazene,0,double_negative
nitazene_dbl_120V_163M,59Q;81V;83V;92M;94E;108V;110I;117L;120V;122G;141E;159A;160V;163M;164V;167N,CCN(CC)CCN1C2=C(C=C(C=C2)[N+](=O)[O-])N=C1CC3=CC=CC=C3,nitazene,0,double_negative
nitazene_dbl_141A_167H,59Q;81V;83V;92M;94E;108V;110I;117L;120A;122G;141A;159A;160V;163V;164V;167H,CCN(CC)CCN1C2=C(C=C(C=C2)[N+](=O)[O-])N=C1CC3=CC=CC=C3,nitazene,0,double_negative
nitazene_dbl_92K_122I,59Q;81V;83V;92K;94E;108V;110I;117L;120A;122I;141E;159A;160V;163V;164V;167N,CCN(CC)CCN1C2=C(C=C(C=C2)[N+](=O)[O-])N=C1CC3=CC=CC=C3,nitazene,0,double_negative
nitazene_dbl_110R_159C,59Q;81V;83V;92M;94E;108V;110R;117L;120A;122G;141E;159C;160V;163V;164V;167N,CCN(CC)CCN1C2=C(C=C(C=C2)[N+](=O)[O-])N=C1CC3=CC=CC=C3,nitazene,0,double_negative
nitazene_dbl_117S_160Y,59Q;81V;83V;92M;94E;108V;110I;117S;120A;122G;141E;159A;160Y;163V;164V;167N,CCN(CC)CCN1C2=C(C=C(C=C2)[N+](=O)[O-])N=C1CC3=CC=CC=C3,nitazene,0,double_negative
nitazene_dbl_83C_110R,59Q;81V;83C;92M;94E;108V;110R;117L;120A;122G;141E;159A;160V;163V;164V;167N,CCN(CC)CCN1C2=C(C=C(C=C2)[N+](=O)[O-])N=C1CC3=CC=CC=C3,nitazene,0,double_negative
nitazene_dbl_81E_92W,59Q;81E;83V;92W;94E;108V;110I;117L;120A;122G;141E;159A;160V;163V;164V;167N,CCN(CC)CCN1C2=C(C=C(C=C2)[N+](=O)[O-])N=C1CC3=CC=CC=C3,nitazene,0,double_negative
nitazene_dbl_94T_163A,59Q;81V;83V;92M;94T;108V;110I;117L;120A;122G;141E;159A;160V;163A;164V;167N,CCN(CC)CCN1C2=C(C=C(C=C2)[N+](=O)[O-])N=C1CC3=CC=CC=C3,nitazene,0,double_negative
nitazene_dbl_110M_164G,59Q;81V;83V;92M;94E;108V;110M;117L;120A;122G;141E;159A;160V;163V;164G;167N,CCN(CC)CCN1C2=C(C=C(C=C2)[N+](=O)[O-])N=C1CC3=CC=CC=C3,nitazene,0,double_negative
nitazene_dbl_120V_164L,59Q;81V;83V;92M;94E;108V;110I;117L;120V;122G;141E;159A;160V;163V;164L;167N,CCN(CC)CCN1C2=C(C=C(C=C2)[N+](=O)[O-])N=C1CC3=CC=CC=C3,nitazene,0,double_negative
nitazene_dbl_92A_163S,59Q;81V;83V;92A;94E;108V;110I;117L;120A;122G;141E;159A;160V;163S;164V;167N,CCN(CC)CCN1C2=C(C=C(C=C2)[N+](=O)[O-])N=C1CC3=CC=CC=C3,nitazene,0,double_negative
nitazene_dbl_108N_122V,59Q;81V;83V;92M;94E;108N;110I;117L;120A;122V;141E;159A;160V;163V;164V;167N,CCN(CC)CCN1C2=C(C=C(C=C2)[N+](=O)[O-])N=C1CC3=CC=CC=C3,nitazene,0,double_negative
nitazene_trp_94M_110H_159W,59Q;81V;83V;92M;94M;108V;110H;117L;120A;122G;141E;159W;160V;163V;164V;167N,CCN(CC)CCN1C2=C(C=C(C=C2)[N+](=O)[O-])N=C1CC3=CC=CC=C3,nitazene,0,triple_negative
nitazene_trp_83R_108L_167H,59Q;81V;83R;92M;94E;108L;110I;117L;120A;122G;141E;159A;160V;163V;164V;167H,CCN(CC)CCN1C2=C(C=C(C=C2)[N+](=O)[O-])N=C1CC3=CC=CC=C3,nitazene,0,triple_negative
nitazene_trp_108R_159G_163L,59Q;81V;83V;92M;94E;108R;110I;117L;120A;122G;141E;159G;160V;163L;164V;167N,CCN(CC)CCN1C2=C(C=C(C=C2)[N+](=O)[O-])N=C1CC3=CC=CC=C3,nitazene,0,triple_negative
nitazene_trp_59R_94I_160S,59R;81V;83V;92M;94I;108V;110I;117L;120A;122G;141E;159A;160S;163V;164V;167N,CCN(CC)CCN1C2=C(C=C(C=C2)[N+](=O)[O-])N=C1CC3=CC=CC=C3,nitazene,0,triple_negative
nitazene_trp_160P_164P_167L,59Q;81V;83V;92M;94E;108V;110I;117L;120A;122G;141E;159A;160P;163V;164P;167L,CCN(CC)CCN1C2=C(C=C(C=C2)[N+](=O)[O-])N=C1CC3=CC=CC=C3,nitazene,0,triple_negative
nitazene_trp_94F_141H_159I,59Q;81V;83V;92M;94F;108V;110I;117L;120A;122G;141H;159I;160V;163V;164V;167N,CCN(CC)CCN1C2=C(C=C(C=C2)[N+](=O)[O-])N=C1CC3=CC=CC=C3,nitazene,0,triple_negative
nitazene_trp_59S_81F_108D,59S;81F;83V;92M;94E;108D;110I;117L;120A;122G;141E;159A;160V;163V;164V;167N,CCN(CC)CCN1C2=C(C=C(C=C2)[N+](=O)[O-])N=C1CC3=CC=CC=C3,nitazene,0,triple_negative
nitazene_trp_110R_117V_164L,59Q;81V;83V;92M;94E;108V;110R;117V;120A;122G;141E;159A;160V;163V;164L;167N,CCN(CC)CCN1C2=C(C=C(C=C2)[N+](=O)[O-])N=C1CC3=CC=CC=C3,nitazene,0,triple_negative
nitazene_trp_81E_83H_163P,59Q;81E;83H;92M;94E;108V;110I;117L;120A;122G;141E;159A;160V;163P;164V;167N,CCN(CC)CCN1C2=C(C=C(C=C2)[N+](=O)[O-])N=C1CC3=CC=CC=C3,nitazene,0,triple_negative
nitazene_trp_83D_94N_110P,59Q;81V;83D;92M;94N;108V;110P;117L;120A;122G;141E;159A;160V;163V;164V;167N,CCN(CC)CCN1C2=C(C=C(C=C2)[N+](=O)[O-])N=C1CC3=CC=CC=C3,nitazene,0,triple_negative
nitazene_trp_120N_163G_167M,59Q;81V;83V;92M;94E;108V;110I;117L;120N;122G;141E;159A;160V;163G;164V;167M,CCN(CC)CCN1C2=C(C=C(C=C2)[N+](=O)[O-])N=C1CC3=CC=CC=C3,nitazene,0,triple_negative
nitazene_trp_59S_83R_108C,59S;81V;83R;92M;94E;108C;110I;117L;120A;122G;141E;159A;160V;163V;164V;167N,CCN(CC)CCN1C2=C(C=C(C=C2)[N+](=O)[O-])N=C1CC3=CC=CC=C3,nitazene,0,triple_negative
nitazene_trp_83D_94H_164D,59Q;81V;83D;92M;94H;108V;110I;117L;120A;122G;141E;159A;160V;163V;164D;167N,CCN(CC)CCN1C2=C(C=C(C=C2)[N+](=O)[O-])N=C1CC3=CC=CC=C3,nitazene,0,triple_negative
nitazene_trp_94G_120V_141L,59Q;81V;83V;92M;94G;108V;110I;117L;120V;122G;141L;159A;160V;163V;164V;167N,CCN(CC)CCN1C2=C(C=C(C=C2)[N+](=O)[O-])N=C1CC3=CC=CC=C3,nitazene,0,triple_negative
nitazene_trp_59F_92V_108C,59F;81V;83V;92V;94E;108C;110I;117L;120A;122G;141E;159A;160V;163V;164V;167N,CCN(CC)CCN1C2=C(C=C(C=C2)[N+](=O)[O-])N=C1CC3=CC=CC=C3,nitazene,0,triple_negative
nitazene_trp_83Y_160L_163P,59Q;81V;83Y;92M;94E;108V;110I;117L;120A;122G;141E;159A;160L;163P;164V;167N,CCN(CC)CCN1C2=C(C=C(C=C2)[N+](=O)[O-])N=C1CC3=CC=CC=C3,nitazene,0,triple_negative
nitazene_trp_108T_122N_167M,59Q;81V;83V;92M;94E;108T;110I;117L;120A;122N;141E;159A;160V;163V;164V;167M,CCN(CC)CCN1C2=C(C=C(C=C2)[N+](=O)[O-])N=C1CC3=CC=CC=C3,nitazene,0,triple_negative
nitazene_trp_122H_141H_167P,59Q;81V;83V;92M;94E;108V;110I;117L;120A;122H;141H;159A;160V;163V;164V;167P,CCN(CC)CCN1C2=C(C=C(C=C2)[N+](=O)[O-])N=C1CC3=CC=CC=C3,nitazene,0,triple_negative
nitazene_trp_108F_110D_159N,59Q;81V;83V;92M;94E;108F;110D;117L;120A;122G;141E;159N;160V;163V;164V;167N,CCN(CC)CCN1C2=C(C=C(C=C2)[N+](=O)[O-])N=C1CC3=CC=CC=C3,nitazene,0,triple_negative
nitazene_trp_59A_160T_163M,59A;81V;83V;92M;94E;108V;110I;117L;120A;122G;141E;159A;160T;163M;164V;167N,CCN(CC)CCN1C2=C(C=C(C=C2)[N+](=O)[O-])N=C1CC3=CC=CC=C3,nitazene,0,triple_negative
nitazene_qud_108G_117M_159M_167W,59Q;81V;83V;92M;94E;108G;110I;117M;120A;122G;141E;159M;160V;163V;164V;167W,CCN(CC)CCN1C2=C(C=C(C=C2)[N+](=O)[O-])N=C1CC3=CC=CC=C3,nitazene,0,quad_negative
nitazene_qud_59R_92K_108N_122R,59R;81V;83V;92K;94E;108N;110I;117L;120A;122R;141E;159A;160V;163V;164V;167N,CCN(CC)CCN1C2=C(C=C(C=C2)[N+](=O)[O-])N=C1CC3=CC=CC=C3,nitazene,0,quad_negative
nitazene_qud_59V_94L_122T_160E,59V;81V;83V;92M;94L;108V;110I;117L;120A;122T;141E;159A;160E;163V;164V;167N,CCN(CC)CCN1C2=C(C=C(C=C2)[N+](=O)[O-])N=C1CC3=CC=CC=C3,nitazene,0,quad_negative
nitazene_qud_59F_92A_117E_122Y,59F;81V;83V;92A;94E;108V;110I;117E;120A;122Y;141E;159A;160V;163V;164V;167N,CCN(CC)CCN1C2=C(C=C(C=C2)[N+](=O)[O-])N=C1CC3=CC=CC=C3,nitazene,0,quad_negative
nitazene_qud_59C_117E_141W_164S,59C;81V;83V;92M;94E;108V;110I;117E;120A;122G;141W;159A;160V;163V;164S;167N,CCN(CC)CCN1C2=C(C=C(C=C2)[N+](=O)[O-])N=C1CC3=CC=CC=C3,nitazene,0,quad_negative
nitazene_qud_92V_108Y_110Y_122F,59Q;81V;83V;92V;94E;108Y;110Y;117L;120A;122F;141E;159A;160V;163V;164V;167N,CCN(CC)CCN1C2=C(C=C(C=C2)[N+](=O)[O-])N=C1CC3=CC=CC=C3,nitazene,0,quad_negative
nitazene_qud_94I_117Y_159I_167L,59Q;81V;83V;92M;94I;108V;110I;117Y;120A;122G;141E;159I;160V;163V;164V;167L,CCN(CC)CCN1C2=C(C=C(C=C2)[N+](=O)[O-])N=C1CC3=CC=CC=C3,nitazene,0,quad_negative
nitazene_qud_81D_110E_117G_122K,59Q;81D;83V;92M;94E;108V;110E;117G;120A;122K;141E;159A;160V;163V;164V;167N,CCN(CC)CCN1C2=C(C=C(C=C2)[N+](=O)[O-])N=C1CC3=CC=CC=C3,nitazene,0,quad_negative
nitazene_qud_110T_159S_163G_164F,59Q;81V;83V;92M;94E;108V;110T;117L;120A;122G;141E;159S;160V;163G;164F;167N,CCN(CC)CCN1C2=C(C=C(C=C2)[N+](=O)[O-])N=C1CC3=CC=CC=C3,nitazene,0,quad_negative
nitazene_qud_59F_94M_122P_163A,59F;81V;83V;92M;94M;108V;110I;117L;120A;122P;141E;159A;160V;163A;164V;167N,CCN(CC)CCN1C2=C(C=C(C=C2)[N+](=O)[O-])N=C1CC3=CC=CC=C3,nitazene,0,quad_negative
nitazene_qud_110V_117E_164C_167M,59Q;81V;83V;92M;94E;108V;110V;117E;120A;122G;141E;159A;160V;163V;164C;167M,CCN(CC)CCN1C2=C(C=C(C=C2)[N+](=O)[O-])N=C1CC3=CC=CC=C3,nitazene,0,quad_negative
nitazene_qud_81F_94H_163K_167H,59Q;81F;83V;92M;94H;108V;110I;117L;120A;122G;141E;159A;160V;163K;164V;167H,CCN(CC)CCN1C2=C(C=C(C=C2)[N+](=O)[O-])N=C1CC3=CC=CC=C3,nitazene,0,quad_negative
nitazene_qud_94D_110V_120R_163L,59Q;81V;83V;92M;94D;108V;110V;117L;120R;122G;141E;159A;160V;163L;164V;167N,CCN(CC)CCN1C2=C(C=C(C=C2)[N+](=O)[O-])N=C1CC3=CC=CC=C3,nitazene,0,quad_negative
nitazene_qud_83N_94W_108S_110S,59Q;81V;83N;92M;94W;108S;110S;117L;120A;122G;141E;159A;160V;163V;164V;167N,CCN(CC)CCN1C2=C(C=C(C=C2)[N+](=O)[O-])N=C1CC3=CC=CC=C3,nitazene,0,quad_negative
nitazene_qud_94H_122I_159Y_167W,59Q;81V;83V;92M;94H;108V;110I;117L;120A;122I;141E;159Y;160V;163V;164V;167W,CCN(CC)CCN1C2=C(C=C(C=C2)[N+](=O)[O-])N=C1CC3=CC=CC=C3,nitazene,0,quad_negative
nitazene_qud_59S_81K_83H_110V,59S;81K;83H;92M;94E;108V;110V;117L;120A;122G;141E;159A;160V;163V;164V;167N,CCN(CC)CCN1C2=C(C=C(C=C2)[N+](=O)[O-])N=C1CC3=CC=CC=C3,nitazene,0,quad_negative
nitazene_qud_108F_110H_141C_163L,59Q;81V;83V;92M;94E;108F;110H;117L;120A;122G;141C;159A;160V;163L;164V;167N,CCN(CC)CCN1C2=C(C=C(C=C2)[N+](=O)[O-])N=C1CC3=CC=CC=C3,nitazene,0,quad_negative
nitazene_qud_92A_117G_141C_164D,59Q;81V;83V;92A;94E;108V;110I;117G;120A;122G;141C;159A;160V;163V;164D;167N,CCN(CC)CCN1C2=C(C=C(C=C2)[N+](=O)[O-])N=C1CC3=CC=CC=C3,nitazene,0,quad_negative
nitazene_qud_120V_122N_141Y_159L,59Q;81V;83V;92M;94E;108V;110I;117L;120V;122N;141Y;159L;160V;163V;164V;167N,CCN(CC)CCN1C2=C(C=C(C=C2)[N+](=O)[O-])N=C1CC3=CC=CC=C3,nitazene,0,quad_negative
nitazene_qud_117E_122W_159N_164G,59Q;81V;83V;92M;94E;108V;110I;117E;120A;122W;141E;159N;160V;163V;164G;167N,CCN(CC)CCN1C2=C(C=C(C=C2)[N+](=O)[O-])N=C1CC3=CC=CC=C3,nitazene,0,quad_negative
