position,amino_acid,mutation,is_base,enrichment_nitazene,enrichment_menitazene,label_nitazene,label_menitazene,variant_signature,full_sequence
59,A,Q59A,False,-5.96,-5.23,non-binder,non-binder,59A;81V;83V;92M;94E;108V;110I;117L;120A;122G;141E;159A;160V;163V;164V;167N,MASELTPEERSELKNSIAEFHTYQLDPGSCSSLHAQRIHAPPELVWSIVRRFDKPQTYAHFIKSCSVEQNFEMRVGCTRDVIVISGLPANTMTERLDILDDERRVTGVSIIGGEHRLTNAKGVTTVHRFEKENRIWTVVLESYVVDMPEGNSEDDTRMAVDTVVKLNLQKLATVAEAMARN
59,C,Q59C,False,-5.41,-4.11,non-binder,non-binder,59C;81V;83V;92M;94E;108V;110I;117L;120A;122G;141E;159A;160V;163V;164V;167N,MASELTPEERSELKNSIAEFHTYQLDPGSCSSLHAQRIHAPPELVWSIVRRFDKPQTYCHFIKSCSVEQNFEMRVGCTRDVIVISGLPANTMTERLDILDDERRVTGVSIIGGEHRLTNAKGVTTVHRFEKENRIWTVVLESYVVDMPEGNSEDDTRMAVDTVVKLNLQKLATVAEAMARN
59,D,Q59D,False,-4.28,-3.33,non-binder,non-binder,59D;81V;83V;92M;94E;108V;110I;117L;120A;122G;141E;159A;160V;163V;164V;167N,MASELTPEERSELKNSIAEFHTYQLDPGSCSSLHAQRIHAPPELVWSIVRRFDKPQTYDHFIKSCSVEQNFEMRVGCTRDVIVISGLPANTMTERLDILDDERRVTGVSIIGGEHRLTNAKGVTTVHRFEKENRIWTVVLESYVVDMPEGNSEDDTRMAVDTVVKLNLQKLATVAEAMARN
59,E,Q59E,False,-3.13,,non-binder,missing,59E;81V;83V;92M;94E;108V;110I;117L;120A;122G;141E;159A;160V;163V;164V;167N,MASELTPEERSELKNSIAEFHTYQLDPGSCSSLHAQRIHAPPELVWSIVRRFDKPQTYEHFIKSCSVEQNFEMRVGCTRDVIVISGLPANTMTERLDILDDERRVTGVSIIGGEHRLTNAKGVTTVHRFEKENRIWTVVLESYVVDMPEGNSEDDTRMAVDTVVKLNLQKLATVAEAMARN
59,F,Q59F,False,-4.71,-4.99,non-binder,non-binder,59F;81V;83V;92M;94E;108V;110I;117L;120A;122G;141E;159A;160V;163V;164V;167N,MASELTPEERSELKNSIAEFHTYQLDPGSCSSLHAQRIHAPPELVWSIVRRFDKPQTYFHFIKSCSVEQNFEMRVGCTRDVIVISGLPANTMTERLDILDDERRVTGVSIIGGEHRLTNAKGVTTVHRFEKENRIWTVVLESYVVDMPEGNSEDDTRMAVDTVVKLNLQKLATVAEAMARN
59,G,Q59G,False,-5.23,-5.77,non-binder,non-binder,59G;81V;83V;92M;94E;108V;110I;117L;120A;122G;141E;159A;160V;163V;164V;167N,MASELTPEERSELKNSIAEFHTYQLDPGSCSSLHAQRIHAPPELVWSIVRRFDKPQTYGHFIKSCSVEQNFEMRVGCTRDVIVISGLPANTMTERLDILDDERRVTGVSIIGGEHRLTNAKGVTTVHRFEKENRIWTVVLESYVVDMPEGNSEDDTRMAVDTVVKLNLQKLATVAEAMARN
59,H,Q59H,False,-4.71,-4.4,non-binder,non-binder,59H;81V;83V;92M;94E;108V;110I;117L;120A;122G;141E;159A;160V;163V;164V;167N,MASELTPEERSELKNSIAEFHTYQLDPGSCSSLHAQRIHAPPELVWSIVRRFDKPQTYHHFIKSCSVEQNFEMRVGCTRDVIVISGLPANTMTERLDILDDERRVTGVSIIGGEHRLTNAKGVTTVHRFEKENRIWTVVLESYVVDMPEGNSEDDTRMAVDTVVKLNLQKLATVAEAMARN
59,I,Q59I,False,-1.37,-4.61,ambiguous,non-binder,59I;81V;83V;92M;94E;108V;110I;117L;120A;122G;141E;159A;160V;163V;164V;167N,MASELTPEERSELKNSIAEFHTYQLDPGSCSSLHAQRIHAPPELVWSIVRRFDKPQTYIHFIKSCSVEQNFEMRVGCTRDVIVISGLPANTMTERLDILDDERRVTGVSIIGGEHRLTNAKGVTTVHRFEKENRIWTVVLESYVVDMPEGNSEDDTRMAVDTVVKLNLQKLATVAEAMARN
59,K,Q59K,False,-3.03,-2.67,non-binder,ambiguous,59K;81V;83V;92M;94E;108V;110I;117L;120A;122G;141E;159A;160V;163V;164V;167N,MASELTPEERSELKNSIAEFHTYQLDPGSCSSLHAQRIHAPPELVWSIVRRFDKPQTYKHFIKSCSVEQNFEMRVGCTRDVIVISGLPANTMTERLDILDDERRVTGVSIIGGEHRLTNAKGVTTVHRFEKENRIWTVVLESYVVDMPEGNSEDDTRMAVDTVVKLNLQKLATVAEAMARN
59,L,Q59L,False,-5.28,-4.89,non-binder,non-binder,59L;81V;83V;92M;94E;108V;110I;117L;120A;122G;141E;159A;160V;163V;164V;167N,MASELTPEERSELKNSIAEFHTYQLDPGSCSSLHAQRIHAPPELVWSIVRRFDKPQTYLHFIKSCSVEQNFEMRVGCTRDVIVISGLPANTMTERLDILDDERRVTGVSIIGGEHRLTNAKGVTTVHRFEKENRIWTVVLESYVVDMPEGNSEDDTRMAVDTVVKLNLQKLATVAEAMARN
59,M,Q59M,False,-2.15,-0.1,ambiguous,binder,59M;81V;83V;92M;94E;108V;110I;117L;120A;122G;141E;159A;160V;163V;164V;167N,MASELTPEERSELKNSIAEFHTYQLDPGSCSSLHAQRIHAPPELVWSIVRRFDKPQTYMHFIKSCSVEQNFEMRVGCTRDVIVISGLPANTMTERLDILDDERRVTGVSIIGGEHRLTNAKGVTTVHRFEKENRIWTVVLESYVVDMPEGNSEDDTRMAVDTVVKLNLQKLATVAEAMARN
59,N,Q59N,False,-7.17,-4.86,non-binder,non-binder,59N;81V;83V;92M;94E;108V;110I;117L;120A;122G;141E;159A;160V;163V;164V;167N,MASELTPEERSELKNSIAEFHTYQLDPGSCSSLHAQRIHAPPELVWSIVRRFDKPQTYNHFIKSCSVEQNFEMRVGCTRDVIVISGLPANTMTERLDILDDERRVTGVSIIGGEHRLTNAKGVTTVHRFEKENRIWTVVLESYVVDMPEGNSEDDTRMAVDTVVKLNLQKLATVAEAMARN
59,P,Q59P,False,-3.16,-3.76,non-binder,non-binder,59P;81V;83V;92M;94E;108V;110I;117L;120A;122G;141E;159A;160V;163V;164V;167N,MASELTPEERSELKNSIAEFHTYQLDPGSCSSLHAQRIHAPPELVWSIVRRFDKPQTYPHFIKSCSVEQNFEMRVGCTRDVIVISGLPANTMTERLDILDDERRVTGVSIIGGEHRLTNAKGVTTVHRFEKENRIWTVVLESYVVDMPEGNSEDDTRMAVDTVVKLNLQKLATVAEAMARN
59,Q,59Q(base),True,0.0,0.0,binder,binder,59Q;81V;83V;92M;94E;108V;110I;117L;120A;122G;141E;159A;160V;163V;164V;167N,MASELTPEERSELKNSIAEFHTYQLDPGSCSSLHAQRIHAPPELVWSIVRRFDKPQTYQHFIKSCSVEQNFEMRVGCTRDVIVISGLPANTMTERLDILDDERRVTGVSIIGGEHRLTNAKGVTTVHRFEKENRIWTVVLESYVVDMPEGNSEDDTRMAVDTVVKLNLQKLATVAEAMARN
59,R,Q59R,False,-5.89,-4.46,non-binder,non-binder,59R;81V;83V;92M;94E;108V;110I;117L;120A;122G;141E;159A;160V;163V;164V;167N,MASELTPEERSELKNSIAEFHTYQLDPGSCSSLHAQRIHAPPELVWSIVRRFDKPQTYRHFIKSCSVEQNFEMRVGCTRDVIVISGLPANTMTERLDILDDERRVTGVSIIGGEHRLTNAKGVTTVHRFEKENRIWTVVLESYVVDMPEGNSEDDTRMAVDTVVKLNLQKLATVAEAMARN
59,S,Q59S,False,-4.72,-5.32,non-binder,non-binder,59S;81V;83V;92M;94E;108V;110I;117L;120A;122G;141E;159A;160V;163V;164V;167N,MASELTPEERSELKNSIAEFHTYQLDPGSCSSLHAQRIHAPPELVWSIVRRFDKPQTYSHFIKSCSVEQNFEMRVGCTRDVIVISGLPANTMTERLDILDDERRVTGVSIIGGEHRLTNAKGVTTVHRFEKENRIWTVVLESYVVDMPEGNSEDDTRMAVDTVVKLNLQKLATVAEAMARN
59,T,Q59T,False,,-4.56,missing,non-binder,59T;81V;83V;92M;94E;108V;110I;117L;120A;122G;141E;159A;160V;163V;164V;167N,MASELTPEERSELKNSIAEFHTYQLDPGSCSSLHAQRIHAPPELVWSIVRRFDKPQTYTHFIKSCSVEQNFEMRVGCTRDVIVISGLPANTMTERLDILDDERRVTGVSIIGGEHRLTNAKGVTTVHRFEKENRIWTVVLESYVVDMPEGNSEDDTRMAVDTVVKLNLQKLATVAEAMARN
59,V,Q59V,False,-5.08,-5.04,non-binder,non-binder,59V;81V;83V;92M;94E;108V;110I;117L;120A;122G;141E;159A;160V;163V;164V;167N,MASELTPEERSELKNSIAEFHTYQLDPGSCSSLHAQRIHAPPELVWSIVRRFDKPQTYVHFIKSCSVEQNFEMRVGCTRDVIVISGLPANTMTERLDILDDERRVTGVSIIGGEHRLTNAKGVTTVHRFEKENRIWTVVLESYVVDMPEGNSEDDTRMAVDTVVKLNLQKLATVAEAMARN
59,W,Q59W,False,-5.08,-5.78,non-binder,non-binder,59W;81V;83V;92M;94E;108V;110I;117L;120A;122G;141E;159A;160V;163V;164V;167N,MASELTPEERSELKNSIAEFHTYQLDPGSCSSLHAQRIHAPPELVWSIVRRFDKPQTYWHFIKSCSVEQNFEMRVGCTRDVIVISGLPANTMTERLDILDDERRVTGVSIIGGEHRLTNAKGVTTVHRFEKENRIWTVVLESYVVDMPEGNSEDDTRMAVDTVVKLNLQKLATVAEAMARN
59,Y,Q59Y,False,-6.04,-5.32,non-binder,non-binder,59Y;81V;83V;92M;94E;108V;110I;117L;120A;122G;141E;159A;160V;163V;164V;167N,MASELTPEERSELKNSIAEFHTYQLDPGSCSSLHAQRIHAPPELVWSIVRRFDKPQTYYHFIKSCSVEQNFEMRVGCTRDVIVISGLPANTMTERLDILDDERRVTGVSIIGGEHRLTNAKGVTTVHRFEKENRIWTVVLESYVVDMPEGNSEDDTRMAVDTVVKLNLQKLATVAEAMARN
81,A,V81A,False,-3.95,-3.53,non-binder,non-binder,59Q;81A;83V;92M;94E;108V;110I;117L;120A;122G;141E;159A;160V;163V;164V;167N,MASELTPEERSELKNSIAEFHTYQLDPGSCSSLHAQRIHAPPELVWSIVRRFDKPQTYQHFIKSCSVEQNFEMRVGCTRDAIVISGLPANTMTERLDILDDERRVTGVSIIGGEHRLTNAKGVTTVHRFEKENRIWTVVLESYVVDMPEGNSEDDTRMAVDTVVKLNLQKLATVAEAMARN
81,C,V81C,False,0.14,0.03,binder,binder,59Q;81C;83V;92M;94E;108V;110I;117L;120A;122G;141E;159A;160V;163V;164V;167N,MASELTPEERSELKNSIAEFHTYQLDPGSCSSLHAQRIHAPPELVWSIVRRFDKPQTYQHFIKSCSVEQNFEMRVGCTRDCIVISGLPANTMTERLDILDDERRVTGVSIIGGEHRLTNAKGVTTVHRFEKENRIWTVVLESYVVDMPEGNSEDDTRMAVDTVVKLNLQKLATVAEAMARN
81,D,V81D,False,-5.15,-6.47,non-binder,non-binder,59Q;81D;83V;92M;94E;108V;110I;117L;120A;122G;141E;159A;160V;163V;164V;167N,MASELTPEERSELKNSIAEFHTYQLDPGSCSSLHAQRIHAPPELVWSIVRRFDKPQTYQHFIKSCSVEQNFEMRVGCTRDDIVISGLPANTMTERLDILDDERRVTGVSIIGGEHRLTNAKGVTTVHRFEKENRIWTVVLESYVVDMPEGNSEDDTRMAVDTVVKLNLQKLATVAEAMARN
81,E,V81E,False,-5.64,-5.53,non-binder,non-binder,59Q;81E;83V;92M;94E;108V;110I;117L;120A;122G;141E;159A;160V;163V;164V;167N,MASELTPEERSELKNSIAEFHTYQLDPGSCSSLHAQRIHAPPELVWSIVRRFDKPQTYQHFIKSCSVEQNFEMRVGCTRDEIVISGLPANTMTERLDILDDERRVTGVSIIGGEHRLTNAKGVTTVHRFEKENRIWTVVLESYVVDMPEGNSEDDTRMAVDTVVKLNLQKLATVAEAMARN
81,F,V81F,False,-5.17,-5.33,non-binder,non-binder,59Q;81F;83V;92M;94E;108V;110I;117L;120A;122G;141E;159A;160V;163V;164V;167N,MASELTPEERSELKNSIAEFHTYQLDPGSCSSLHAQRIHAPPELVWSIVRRFDKPQTYQHFIKSCSVEQNFEMRVGCTRDFIVISGLPANTMTERLDILDDERRVTGVSIIGGEHRLTNAKGVTTVHRFEKENRIWTVVLESYVVDMPEGNSEDDTRMAVDTVVKLNLQKLATVAEAMARN
81,G,V81G,False,-5.46,-5.93,non-binder,non-binder,59Q;81G;83V;92M;94E;108V;110I;117L;120A;122G;141E;159A;160V;163V;164V;167N,MASELTPEERSELKNSIAEFHTYQLDPGSCSSLHAQRIHAPPELVWSIVRRFDKPQTYQHFIKSCSVEQNFEMRVGCTRDGIVISGLPANTMTERLDILDDERRVTGVSIIGGEHRLTNAKGVTTVHRFEKENRIWTVVLESYVVDMPEGNSEDDTRMAVDTVVKLNLQKLATVAEAMARN
81,H,V81H,False,-5.68,-5.15,non-binder,non-binder,59Q;81H;83V;92M;94E;108V;110I;117L;120A;122G;141E;159A;160V;163V;164V;167N,MASELTPEERSELKNSIAEFHTYQLDPGSCSSLHAQRIHAPPELVWSIVRRFDKPQTYQHFIKSCSVEQNFEMRVGCTRDHIVISGLPANTMTERLDILDDERRVTGVSIIGGEHRLTNAKGVTTVHRFEKENRIWTVVLESYVVDMPEGNSEDDTRMAVDTVVKLNLQKLATVAEAMARN
81,I,V81I,False,1.21,0.84,binder,binder,59Q;81I;83V;92M;94E;108V;110I;117L;120A;122G;141E;159A;160V;163V;164V;167N,MASELTPEERSELKNSIAEFHTYQLDPGSCSSLHAQRIHAPPELVWSIVRRFDKPQTYQHFIKSCSVEQNFEMRVGCTRDIIVISGLPANTMTERLDILDDERRVTGVSIIGGEHRLTNAKGVTTVHRFEKENRIWTVVLESYVVDMPEGNSEDDTRMAVDTVVKLNLQKLATVAEAMARN
81,K,V81K,False,-5.36,-6.11,non-binder,non-binder,59Q;81K;83V;92M;94E;108V;110I;117L;120A;122G;141E;159A;160V;163V;164V;167N,MASELTPEERSELKNSIAEFHTYQLDPGSCSSLHAQRIHAPPELVWSIVRRFDKPQTYQHFIKSCSVEQNFEMRVGCTRDKIVISGLPANTMTERLDILDDERRVTGVSIIGGEHRLTNAKGVTTVHRFEKENRIWTVVLESYVVDMPEGNSEDDTRMAVDTVVKLNLQKLATVAEAMARN
81,L,V81L,False,1.31,0.59,binder,binder,59Q;81L;83V;92M;94E;108V;110I;117L;120A;122G;141E;159A;160V;163V;164V;167N,MASELTPEERSELKNSIAEFHTYQLDPGSCSSLHAQRIHAPPELVWSIVRRFDKPQTYQHFIKSCSVEQNFEMRVGCTRDLIVISGLPANTMTERLDILDDERRVTGVSIIGGEHRLTNAKGVTTVHRFEKENRIWTVVLESYVVDMPEGNSEDDTRMAVDTVVKLNLQKLATVAEAMARN
81,M,V81M,False,-0.21,-2.91,binder,ambiguous,59Q;81M;83V;92M;94E;108V;110I;117L;120A;122G;141E;159A;160V;163V;164V;167N,MASELTPEERSELKNSIAEFHTYQLDPGSCSSLHAQRIHAPPELVWSIVRRFDKPQTYQHFIKSCSVEQNFEMRVGCTRDMIVISGLPANTMTERLDILDDERRVTGVSIIGGEHRLTNAKGVTTVHRFEKENRIWTVVLESYVVDMPEGNSEDDTRMAVDTVVKLNLQKLATVAEAMARN
81,N,V81N,False,-6.45,-5.6,non-binder,non-binder,59Q;81N;83V;92M;94E;108V;110I;117L;120A;122G;141E;159A;160V;163V;164V;167N,MASELTPEERSELKNSIAEFHTYQLDPGSCSSLHAQRIHAPPELVWSIVRRFDKPQTYQHFIKSCSVEQNFEMRVGCTRDNIVISGLPANTMTERLDILDDERRVTGVSIIGGEHRLTNAKGVTTVHRFEKENRIWTVVLESYVVDMPEGNSEDDTRMAVDTVVKLNLQKLATVAEAMARN
81,P,V81P,False,-5.37,-5.26,non-binder,non-binder,59Q;81P;83V;92M;94E;108V;110I;117L;120A;122G;141E;159A;160V;163V;164V;167N,MASELTPEERSELKNSIAEFHTYQLDPGSCSSLHAQRIHAPPELVWSIVRRFDKPQTYQHFIKSCSVEQNFEMRVGCTRDPIVISGLPANTMTERLDILDDERRVTGVSIIGGEHRLTNAKGVTTVHRFEKENRIWTVVLESYVVDMPEGNSEDDTRMAVDTVVKLNLQKLATVAEAMARN
81,Q,V81Q,False,-4.82,-5.65,non-binder,non-binder,59Q;81Q;83V;92M;94E;108V;110I;117L;120A;122G;141E;159A;160V;163V;164V;167N,MASELTPEERSELKNSIAEFHTYQLDPGSCSSLHAQRIHAPPELVWSIVRRFDKPQTYQHFIKSCSVEQNFEMRVGCTRDQIVISGLPANTMTERLDILDDERRVTGVSIIGGEHRLTNAKGVTTVHRFEKENRIWTVVLESYVVDMPEGNSEDDTRMAVDTVVKLNLQKLATVAEAMARN
81,R,V81R,False,-5.3,-5.76,non-binder,non-binder,59Q;81R;83V;92M;94E;108V;110I;117L;120A;122G;141E;159A;160V;163V;164V;167N,MASELTPEERSELKNSIAEFHTYQLDPGSCSSLHAQRIHAPPELVWSIVRRFDKPQTYQHFIKSCSVEQNFEMRVGCTRDRIVISGLPANTMTERLDILDDERRVTGVSIIGGEHRLTNAKGVTTVHRFEKENRIWTVVLESYVVDMPEGNSEDDTRMAVDTVVKLNLQKLATVAEAMARN
81,S,V81S,False,-5.11,-5.38,non-binder,non-binder,59Q;81S;83V;92M;94E;108V;110I;117L;120A;122G;141E;159A;160V;163V;164V;167N,MASELTPEERSELKNSIAEFHTYQLDPGSCSSLHAQRIHAPPELVWSIVRRFDKPQTYQHFIKSCSVEQNFEMRVGCTRDSIVISGLPANTMTERLDILDDERRVTGVSIIGGEHRLTNAKGVTTVHRFEKENRIWTVVLESYVVDMPEGNSEDDTRMAVDTVVKLNLQKLATVAEAMARN
81,T,V81T,False,-5.17,-6.05,non-binder,non-binder,59Q;81T;83V;92M;94E;108V;110I;117L;120A;122G;141E;159A;160V;163V;164V;167N,MASELTPEERSELKNSIAEFHTYQLDPGSCSSLHAQRIHAPPELVWSIVRRFDKPQTYQHFIKSCSVEQNFEMRVGCTRDTIVISGLPANTMTERLDILDDERRVTGVSIIGGEHRLTNAKGVTTVHRFEKENRIWTVVLESYVVDMPEGNSEDDTRMAVDTVVKLNLQKLATVAEAMARN
81,V,81V(base),True,0.0,0.0,binder,binder,59Q;81V;83V;92M;94E;108V;110I;117L;120A;122G;141E;159A;160V;163V;164V;167N,MASELTPEERSELKNSIAEFHTYQLDPGSCSSLHAQRIHAPPELVWSIVRRFDKPQTYQHFIKSCSVEQNFEMRVGCTRDVIVISGLPANTMTERLDILDDERRVTGVSIIGGEHRLTNAKGVTTVHRFEKENRIWTVVLESYVVDMPEGNSEDDTRMAVDTVVKLNLQKLATVAEAMARN
81,W,V81W,False,-5.73,-5.25,non-binder,non-binder,59Q;81W;83V;92M;94E;108V;110I;117L;120A;122G;141E;159A;160V;163V;164V;167N,MASELTPEERSELKNSIAEFHTYQLDPGSCSSLHAQRIHAPPELVWSIVRRFDKPQTYQHFIKSCSVEQNFEMRVGCTRDWIVISGLPANTMTERLDILDDERRVTGVSIIGGEHRLTNAKGVTTVHRFEKENRIWTVVLESYVVDMPEGNSEDDTRMAVDTVVKLNLQKLATVAEAMARN
81,Y,V81Y,False,-6.5,-5.42,non-binder,non-binder,59Q;81Y;83V;92M;94E;108V;110I;117L;120A;122G;141E;159A;160V;163V;164V;167N,MASELTPEERSELKNSIAEFHTYQLDPGSCSSLHAQRIHAPPELVWSIVRRFDKPQTYQHFIKSCSVEQNFEMRVGCTRDYIVISGLPANTMTERLDILDDERRVTGVSIIGGEHRLTNAKGVTTVHRFEKENRIWTVVLESYVVDMPEGNSEDDTRMAVDTVVKLNLQKLATVAEAMARN
83,A,V83A,False,-3.2,-3.35,non-binder,non-binder,59Q;81V;83A;92M;94E;108V;110I;117L;120A;122G;141E;159A;160V;163V;164V;167N,MASELTPEERSELKNSIAEFHTYQLDPGSCSSLHAQRIHAPPELVWSIVRRFDKPQTYQHFIKSCSVEQNFEMRVGCTRDVIAISGLPANTMTERLDILDDERRVTGVSIIGGEHRLTNAKGVTTVHRFEKENRIWTVVLESYVVDMPEGNSEDDTRMAVDTVVKLNLQKLATVAEAMARN
83,C,V83C,False,-4.74,-4.39,non-binder,non-binder,59Q;81V;83C;92M;94E;108V;110I;117L;120A;122G;141E;159A;160V;163V;164V;167N,MASELTPEERSELKNSIAEFHTYQLDPGSCSSLHAQRIHAPPELVWSIVRRFDKPQTYQHFIKSCSVEQNFEMRVGCTRDVICISGLPANTMTERLDILDDERRVTGVSIIGGEHRLTNAKGVTTVHRFEKENRIWTVVLESYVVDMPEGNSEDDTRMAVDTVVKLNLQKLATVAEAMARN
83,D,V83D,False,-4.98,-4.8,non-binder,non-binder,59Q;81V;83D;92M;94E;108V;110I;117L;120A;122G;141E;159A;160V;163V;164V;167N,MASELTPEERSELKNSIAEFHTYQLDPGSCSSLHAQRIHAPPELVWSIVRRFDKPQTYQHFIKSCSVEQNFEMRVGCTRDVIDISGLPANTMTERLDILDDERRVTGVSIIGGEHRLTNAKGVTTVHRFEKENRIWTVVLESYVVDMPEGNSEDDTRMAVDTVVKLNLQKLATVAEAMARN
83,E,V83E,False,-4.07,-5.52,non-binder,non-binder,59Q;81V;83E;92M;94E;108V;110I;117L;120A;122G;141E;159A;160V;163V;164V;167N,MASELTPEERSELKNSIAEFHTYQLDPGSCSSLHAQRIHAPPELVWSIVRRFDKPQTYQHFIKSCSVEQNFEMRVGCTRDVIEISGLPANTMTERLDILDDERRVTGVSIIGGEHRLTNAKGVTTVHRFEKENRIWTVVLESYVVDMPEGNSEDDTRMAVDTVVKLNLQKLATVAEAMARN
83,F,V83F,False,1.14,0.92,binder,binder,59Q;81V;83F;92M;94E;108V;110I;117L;120A;122G;141E;159A;160V;163V;164V;167N,MASELTPEERSELKNSIAEFHTYQLDPGSCSSLHAQRIHAPPELVWSIVRRFDKPQTYQHFIKSCSVEQNFEMRVGCTRDVIFISGLPANTMTERLDILDDERRVTGVSIIGGEHRLTNAKGVTTVHRFEKENRIWTVVLESYVVDMPEGNSEDDTRMAVDTVVKLNLQKLATVAEAMARN
83,G,V83G,False,-4.68,-6.86,non-binder,non-binder,59Q;81V;83G;92M;94E;108V;110I;117L;120A;122G;141E;159A;160V;163V;164V;167N,MASELTPEERSELKNSIAEFHTYQLDPGSCSSLHAQRIHAPPELVWSIVRRFDKPQTYQHFIKSCSVEQNFEMRVGCTRDVIGISGLPANTMTERLDILDDERRVTGVSIIGGEHRLTNAKGVTTVHRFEKENRIWTVVLESYVVDMPEGNSEDDTRMAVDTVVKLNLQKLATVAEAMARN
83,H,V83H,False,-6.41,-5.11,non-binder,non-binder,59Q;81V;83H;92M;94E;108V;110I;117L;120A;122G;141E;159A;160V;163V;164V;167N,MASELTPEERSELKNSIAEFHTYQLDPGSCSSLHAQRIHAPPELVWSIVRRFDKPQTYQHFIKSCSVEQNFEMRVGCTRDVIHISGLPANTMTERLDILDDERRVTGVSIIGGEHRLTNAKGVTTVHRFEKENRIWTVVLESYVVDMPEGNSEDDTRMAVDTVVKLNLQKLATVAEAMARN
83,I,V83I,False,-1.1,-0.25,ambiguous,binder,59Q;81V;83I;92M;94E;108V;110I;117L;120A;122G;141E;159A;160V;163V;164V;167N,MASELTPEERSELKNSIAEFHTYQLDPGSCSSLHAQRIHAPPELVWSIVRRFDKPQTYQHFIKSCSVEQNFEMRVGCTRDVIIISGLPANTMTERLDILDDERRVTGVSIIGGEHRLTNAKGVTTVHRFEKENRIWTVVLESYVVDMPEGNSEDDTRMAVDTVVKLNLQKLATVAEAMARN
83,K,V83K,False,-2.54,-1.82,ambiguous,ambiguous,59Q;81V;83K;92M;94E;108V;110I;117L;120A;122G;141E;159A;160V;163V;164V;167N,MASELTPEERSELKNSIAEFHTYQLDPGSCSSLHAQRIHAPPELVWSIVRRFDKPQTYQHFIKSCSVEQNFEMRVGCTRDVIKISGLPANTMTERLDILDDERRVTGVSIIGGEHRLTNAKGVTTVHRFEKENRIWTVVLESYVVDMPEGNSEDDTRMAVDTVVKLNLQKLATVAEAMARN
83,L,V83L,False,0.95,0.79,binder,binder,59Q;81V;83L;92M;94E;108V;110I;117L;120A;122G;141E;159A;160V;163V;164V;167N,MASELTPEERSELKNSIAEFHTYQLDPGSCSSLHAQRIHAPPELVWSIVRRFDKPQTYQHFIKSCSVEQNFEMRVGCTRDVILISGLPANTMTERLDILDDERRVTGVSIIGGEHRLTNAKGVTTVHRFEKENRIWTVVLESYVVDMPEGNSEDDTRMAVDTVVKLNLQKLATVAEAMARN
83,M,V83M,False,1.19,0.75,binder,binder,59Q;81V;83M;92M;94E;108V;110I;117L;120A;122G;141E;159A;160V;163V;164V;167N,MASELTPEERSELKNSIAEFHTYQLDPGSCSSLHAQRIHAPPELVWSIVRRFDKPQTYQHFIKSCSVEQNFEMRVGCTRDVIMISGLPANTMTERLDILDDERRVTGVSIIGGEHRLTNAKGVTTVHRFEKENRIWTVVLESYVVDMPEGNSEDDTRMAVDTVVKLNLQKLATVAEAMARN
83,N,V83N,False,-5.08,-4.56,non-binder,non-binder,59Q;81V;83N;92M;94E;108V;110I;117L;120A;122G;141E;159A;160V;163V;164V;167N,MASELTPEERSELKNSIAEFHTYQLDPGSCSSLHAQRIHAPPELVWSIVRRFDKPQTYQHFIKSCSVEQNFEMRVGCTRDVINISGLPANTMTERLDILDDERRVTGVSIIGGEHRLTNAKGVTTVHRFEKENRIWTVVLESYVVDMPEGNSEDDTRMAVDTVVKLNLQKLATVAEAMARN
83,P,V83P,False,0.1,0.81,binder,binder,59Q;81V;83P;92M;94E;108V;110I;117L;120A;122G;141E;159A;160V;163V;164V;167N,MASELTPEERSELKNSIAEFHTYQLDPGSCSSLHAQRIHAPPELVWSIVRRFDKPQTYQHFIKSCSVEQNFEMRVGCTRDVIPISGLPANTMTERLDILDDERRVTGVSIIGGEHRLTNAKGVTTVHRFEKENRIWTVVLESYVVDMPEGNSEDDTRMAVDTVVKLNLQKLATVAEAMARN
83,Q,V83Q,False,-3.76,,non-binder,missing,59Q;81V;83Q;92M;94E;108V;110I;117L;120A;122G;141E;159A;160V;163V;164V;167N,MASELTPEERSELKNSIAEFHTYQLDPGSCSSLHAQRIHAPPELVWSIVRRFDKPQTYQHFIKSCSVEQNFEMRVGCTRDVIQISGLPANTMTERLDILDDERRVTGVSIIGGEHRLTNAKGVTTVHRFEKENRIWTVVLESYVVDMPEGNSEDDTRMAVDTVVKLNLQKLATVAEAMARN
83,R,V83R,False,-5.03,-4.78,non-binder,non-binder,59Q;81V;83R;92M;94E;108V;110I;117L;120A;122G;141E;159A;160V;163V;164V;167N,MASELTPEERSELKNSIAEFHTYQLDPGSCSSLHAQRIHAPPELVWSIVRRFDKPQTYQHFIKSCSVEQNFEMRVGCTRDVIRISGLPANTMTERLDILDDERRVTGVSIIGGEHRLTNAKGVTTVHRFEKENRIWTVVLESYVVDMPEGNSEDDTRMAVDTVVKLNLQKLATVAEAMARN
83,S,V83S,False,-4.54,-5.63,non-binder,non-binder,59Q;81V;83S;92M;94E;108V;110I;117L;120A;122G;141E;159A;160V;163V;164V;167N,MASELTPEERSELKNSIAEFHTYQLDPGSCSSLHAQRIHAPPELVWSIVRRFDKPQTYQHFIKSCSVEQNFEMRVGCTRDVISISGLPANTMTERLDILDDERRVTGVSIIGGEHRLTNAKGVTTVHRFEKENRIWTVVLESYVVDMPEGNSEDDTRMAVDTVVKLNLQKLATVAEAMARN
83,T,V83T,False,-6.5,-6.36,non-binder,non-binder,59Q;81V;83T;92M;94E;108V;110I;117L;120A;122G;141E;159A;160V;163V;164V;167N,MASELTPEERSELKNSIAEFHTYQLDPGSCSSLHAQRIHAPPELVWSIVRRFDKPQTYQHFIKSCSVEQNFEMRVGCTRDVITISGLPANTMTERLDILDDERRVTGVSIIGGEHRLTNAKGVTTVHRFEKENRIWTVVLESYVVDMPEGNSEDDTRMAVDTVVKLNLQKLATVAEAMARN
83,V,83V(base),True,0.0,0.0,binder,binder,59Q;81V;83V;92M;94E;108V;110I;117L;120A;122G;141E;159A;160V;163V;164V;167N,MASELTPEERSELKNSIAEFHTYQLDPGSCSSLHAQRIHAPPELVWSIVRRFDKPQTYQHFIKSCSVEQNFEMRVGCTRDVIVISGLPANTMTERLDILDDERRVTGVSIIGGEHRLTNAKGVTTVHRFEKENRIWTVVLESYVVDMPEGNSEDDTRMAVDTVVKLNLQKLATVAEAMARN
83,W,V83W,False,-2.96,-5.46,ambiguous,non-binder,59Q;81V;83W;92M;94E;108V;110I;117L;120A;122G;141E;159A;160V;163V;164V;167N,MASELTPEERSELKNSIAEFHTYQLDPGSCSSLHAQRIHAPPELVWSIVRRFDKPQTYQHFIKSCSVEQNFEMRVGCTRDVIWISGLPANTMTERLDILDDERRVTGVSIIGGEHRLTNAKGVTTVHRFEKENRIWTVVLESYVVDMPEGNSEDDTRMAVDTVVKLNLQKLATVAEAMARN
83,Y,V83Y,False,-4.39,-3.53,non-binder,non-binder,59Q;81V;83Y;92M;94E;108V;110I;117L;120A;122G;141E;159A;160V;163V;164V;167N,MASELTPEERSELKNSIAEFHTYQLDPGSCSSLHAQRIHAPPELVWSIVRRFDKPQTYQHFIKSCSVEQNFEMRVGCTRDVIYISGLPANTMTERLDILDDERRVTGVSIIGGEHRLTNAKGVTTVHRFEKENRIWTVVLESYVVDMPEGNSEDDTRMAVDTVVKLNLQKLATVAEAMARN
92,A,M92A,False,-5.14,-5.13,non-binder,non-binder,59Q;81V;83V;92A;94E;108V;110I;117L;120A;122G;141E;159A;160V;163V;164V;167N,MASELTPEERSELKNSIAEFHTYQLDPGSCSSLHAQRIHAPPELVWSIVRRFDKPQTYQHFIKSCSVEQNFEMRVGCTRDVIVISGLPANTATERLDILDDERRVTGVSIIGGEHRLTNAKGVTTVHRFEKENRIWTVVLESYVVDMPEGNSEDDTRMAVDTVVKLNLQKLATVAEAMARN
92,C,M92C,False,-5.19,-5.2,non-binder,non-binder,59Q;81V;83V;92C;94E;108V;110I;117L;120A;122G;141E;159A;160V;163V;164V;167N,MASELTPEERSELKNSIAEFHTYQLDPGSCSSLHAQRIHAPPELVWSIVRRFDKPQTYQHFIKSCSVEQNFEMRVGCTRDVIVISGLPANTCTERLDILDDERRVTGVSIIGGEHRLTNAKGVTTVHRFEKENRIWTVVLESYVVDMPEGNSEDDTRMAVDTVVKLNLQKLATVAEAMARN
92,D,M92D,False,-6.28,-5.23,non-binder,non-binder,59Q;81V;83V;92D;94E;108V;110I;117L;120A;122G;141E;159A;160V;163V;164V;167N,MASELTPEERSELKNSIAEFHTYQLDPGSCSSLHAQRIHAPPELVWSIVRRFDKPQTYQHFIKSCSVEQNFEMRVGCTRDVIVISGLPANTDTERLDILDDERRVTGVSIIGGEHRLTNAKGVTTVHRFEKENRIWTVVLESYVVDMPEGNSEDDTRMAVDTVVKLNLQKLATVAEAMARN
92,E,M92E,False,,-4.69,missing,non-binder,59Q;81V;83V;92E;94E;108V;110I;117L;120A;122G;141E;159A;160V;163V;164V;167N,MASELTPEERSELKNSIAEFHTYQLDPGSCSSLHAQRIHAPPELVWSIVRRFDKPQTYQHFIKSCSVEQNFEMRVGCTRDVIVISGLPANTETERLDILDDERRVTGVSIIGGEHRLTNAKGVTTVHRFEKENRIWTVVLESYVVDMPEGNSEDDTRMAVDTVVKLNLQKLATVAEAMARN
92,F,M92F,False,0.29,0.8,binder,binder,59Q;81V;83V;92F;94E;108V;110I;117L;120A;122G;141E;159A;160V;163V;164V;167N,MASELTPEERSELKNSIAEFHTYQLDPGSCSSLHAQRIHAPPELVWSIVRRFDKPQTYQHFIKSCSVEQNFEMRVGCTRDVIVISGLPANTFTERLDILDDERRVTGVSIIGGEHRLTNAKGVTTVHRFEKENRIWTVVLESYVVDMPEGNSEDDTRMAVDTVVKLNLQKLATVAEAMARN
92,G,M92G,False,-4.49,-6.51,non-binder,non-binder,59Q;81V;83V;92G;94E;108V;110I;117L;120A;122G;141E;159A;160V;163V;164V;167N,MASELTPEERSELKNSIAEFHTYQLDPGSCSSLHAQRIHAPPELVWSIVRRFDKPQTYQHFIKSCSVEQNFEMRVGCTRDVIVISGLPANTGTERLDILDDERRVTGVSIIGGEHRLTNAKGVTTVHRFEKENRIWTVVLESYVVDMPEGNSEDDTRMAVDTVVKLNLQKLATVAEAMARN
92,H,M92H,False,-4.48,-5.76,non-binder,non-binder,59Q;81V;83V;92H;94E;108V;110I;117L;120A;122G;141E;159A;160V;163V;164V;167N,MASELTPEERSELKNSIAEFHTYQLDPGSCSSLHAQRIHAPPELVWSIVRRFDKPQTYQHFIKSCSVEQNFEMRVGCTRDVIVISGLPANTHTERLDILDDERRVTGVSIIGGEHRLTNAKGVTTVHRFEKENRIWTVVLESYVVDMPEGNSEDDTRMAVDTVVKLNLQKLATVAEAMARN
92,I,M92I,False,0.43,-0.02,binder,binder,59Q;81V;83V;92I;94E;108V;110I;117L;120A;122G;141E;159A;160V;163V;164V;167N,MASELTPEERSELKNSIAEFHTYQLDPGSCSSLHAQRIHAPPELVWSIVRRFDKPQTYQHFIKSCSVEQNFEMRVGCTRDVIVISGLPANTITERLDILDDERRVTGVSIIGGEHRLTNAKGVTTVHRFEKENRIWTVVLESYVVDMPEGNSEDDTRMAVDTVVKLNLQKLATVAEAMARN
92,K,M92K,False,-7.2,-5.16,non-binder,non-binder,59Q;81V;83V;92K;94E;108V;110I;117L;120A;122G;141E;159A;160V;163V;164V;167N,MASELTPEERSELKNSIAEFHTYQLDPGSCSSLHAQRIHAPPELVWSIVRRFDKPQTYQHFIKSCSVEQNFEMRVGCTRDVIVISGLPANTKTERLDILDDERRVTGVSIIGGEHRLTNAKGVTTVHRFEKENRIWTVVLESYVVDMPEGNSEDDTRMAVDTVVKLNLQKLATVAEAMARN
92,L,M92L,False,0.37,0.18,binder,binder,59Q;81V;83V;92L;94E;108V;110I;117L;120A;122G;141E;159A;160V;163V;164V;167N,MASELTPEERSELKNSIAEFHTYQLDPGSCSSLHAQRIHAPPELVWSIVRRFDKPQTYQHFIKSCSVEQNFEMRVGCTRDVIVISGLPANTLTERLDILDDERRVTGVSIIGGEHRLTNAKGVTTVHRFEKENRIWTVVLESYVVDMPEGNSEDDTRMAVDTVVKLNLQKLATVAEAMARN
92,M,92M(base),True,0.0,0.0,binder,binder,59Q;81V;83V;92M;94E;108V;110I;117L;120A;122G;141E;159A;160V;163V;164V;167N,MASELTPEERSELKNSIAEFHTYQLDPGSCSSLHAQRIHAPPELVWSIVRRFDKPQTYQHFIKSCSVEQNFEMRVGCTRDVIVISGLPANTMTERLDILDDERRVTGVSIIGGEHRLTNAKGVTTVHRFEKENRIWTVVLESYVVDMPEGNSEDDTRMAVDTVVKLNLQKLATVAEAMARN
92,N,M92N,False,-6.41,,non-binder,missing,59Q;81V;83V;92N;94E;108V;110I;117L;120A;122G;141E;159A;160V;163V;164V;167N,MASELTPEERSELKNSIAEFHTYQLDPGSCSSLHAQRIHAPPELVWSIVRRFDKPQTYQHFIKSCSVEQNFEMRVGCTRDVIVISGLPANTNTERLDILDDERRVTGVSIIGGEHRLTNAKGVTTVHRFEKENRIWTVVLESYVVDMPEGNSEDDTRMAVDTVVKLNLQKLATVAEAMARN
92,P,M92P,False,-5.54,-5.82,non-binder,non-binder,59Q;81V;83V;92P;94E;108V;110I;117L;120A;122G;141E;159A;160V;163V;164V;167N,MASELTPEERSELKNSIAEFHTYQLDPGSCSSLHAQRIHAPPELVWSIVRRFDKPQTYQHFIKSCSVEQNFEMRVGCTRDVIVISGLPANTPTERLDILDDERRVTGVSIIGGEHRLTNAKGVTTVHRFEKENRIWTVVLESYVVDMPEGNSEDDTRMAVDTVVKLNLQKLATVAEAMARN
92,Q,M92Q,False,-3.54,,non-binder,missing,59Q;81V;83V;92Q;94E;108V;110I;117L;120A;122G;141E;159A;160V;163V;164V;167N,MASELTPEERSELKNSIAEFHTYQLDPGSCSSLHAQRIHAPPELVWSIVRRFDKPQTYQHFIKSCSVEQNFEMRVGCTRDVIVISGLPANTQTERLDILDDERRVTGVSIIGGEHRLTNAKGVTTVHRFEKENRIWTVVLESYVVDMPEGNSEDDTRMAVDTVVKLNLQKLATVAEAMARN
92,R,M92R,False,-5.06,-5.17,non-binder,non-binder,59Q;81V;83V;92R;94E;108V;110I;117L;120A;122G;141E;159A;160V;163V;164V;167N,MASELTPEERSELKNSIAEFHTYQLDPGSCSSLHAQRIHAPPELVWSIVRRFDKPQTYQHFIKSCSVEQNFEMRVGCTRDVIVISGLPANTRTERLDILDDERRVTGVSIIGGEHRLTNAKGVTTVHRFEKENRIWTVVLESYVVDMPEGNSEDDTRMAVDTVVKLNLQKLATVAEAMARN
92,S,M92S,False,-5.84,-5.12,non-binder,non-binder,59Q;81V;83V;92S;94E;108V;110I;117L;120A;122G;141E;159A;160V;163V;164V;167N,MASELTPEERSELKNSIAEFHTYQLDPGSCSSLHAQRIHAPPELVWSIVRRFDKPQTYQHFIKSCSVEQNFEMRVGCTRDVIVISGLPANTSTERLDILDDERRVTGVSIIGGEHRLTNAKGVTTVHRFEKENRIWTVVLESYVVDMPEGNSEDDTRMAVDTVVKLNLQKLATVAEAMARN
92,T,M92T,False,-3.25,-3.53,non-binder,non-binder,59Q;81V;83V;92T;94E;108V;110I;117L;120A;122G;141E;159A;160V;163V;164V;167N,MASELTPEERSELKNSIAEFHTYQLDPGSCSSLHAQRIHAPPELVWSIVRRFDKPQTYQHFIKSCSVEQNFEMRVGCTRDVIVISGLPANTTTERLDILDDERRVTGVSIIGGEHRLTNAKGVTTVHRFEKENRIWTVVLESYVVDMPEGNSEDDTRMAVDTVVKLNLQKLATVAEAMARN
92,V,M92V,False,-5.39,-4.4,non-binder,non-binder,59Q;81V;83V;92V;94E;108V;110I;117L;120A;122G;141E;159A;160V;163V;164V;167N,MASELTPEERSELKNSIAEFHTYQLDPGSCSSLHAQRIHAPPELVWSIVRRFDKPQTYQHFIKSCSVEQNFEMRVGCTRDVIVISGLPANTVTERLDILDDERRVTGVSIIGGEHRLTNAKGVTTVHRFEKENRIWTVVLESYVVDMPEGNSEDDTRMAVDTVVKLNLQKLATVAEAMARN
92,W,M92W,False,-5.28,-5.56,non-binder,non-binder,59Q;81V;83V;92W;94E;108V;110I;117L;120A;122G;141E;159A;160V;163V;164V;167N,MASELTPEERSELKNSIAEFHTYQLDPGSCSSLHAQRIHAPPELVWSIVRRFDKPQTYQHFIKSCSVEQNFEMRVGCTRDVIVISGLPANTWTERLDILDDERRVTGVSIIGGEHRLTNAKGVTTVHRFEKENRIWTVVLESYVVDMPEGNSEDDTRMAVDTVVKLNLQKLATVAEAMARN
92,Y,M92Y,False,-4.76,-3.04,non-binder,non-binder,59Q;81V;83V;92Y;94E;108V;110I;117L;120A;122G;141E;159A;160V;163V;164V;167N,MASELTPEERSELKNSIAEFHTYQLDPGSCSSLHAQRIHAPPELVWSIVRRFDKPQTYQHFIKSCSVEQNFEMRVGCTRDVIVISGLPANTYTERLDILDDERRVTGVSIIGGEHRLTNAKGVTTVHRFEKENRIWTVVLESYVVDMPEGNSEDDTRMAVDTVVKLNLQKLATVAEAMARN
94,A,E94A,False,-4.89,-5.59,non-binder,non-binder,59Q;81V;83V;92M;94A;108V;110I;117L;120A;122G;141E;159A;160V;163V;164V;167N,MASELTPEERSELKNSIAEFHTYQLDPGSCSSLHAQRIHAPPELVWSIVRRFDKPQTYQHFIKSCSVEQNFEMRVGCTRDVIVISGLPANTMTARLDILDDERRVTGVSIIGGEHRLTNAKGVTTVHRFEKENRIWTVVLESYVVDMPEGNSEDDTRMAVDTVVKLNLQKLATVAEAMARN
94,C,E94C,False,-5.02,-5.3,non-binder,non-binder,59Q;81V;83V;92M;94C;108V;110I;117L;120A;122G;141E;159A;160V;163V;164V;167N,MASELTPEERSELKNSIAEFHTYQLDPGSCSSLHAQRIHAPPELVWSIVRRFDKPQTYQHFIKSCSVEQNFEMRVGCTRDVIVISGLPANTMTCRLDILDDERRVTGVSIIGGEHRLTNAKGVTTVHRFEKENRIWTVVLESYVVDMPEGNSEDDTRMAVDTVVKLNLQKLATVAEAMARN
94,D,E94D,False,-4.68,-5.79,non-binder,non-binder,59Q;81V;83V;92M;94D;108V;110I;117L;120A;122G;141E;159A;160V;163V;164V;167N,MASELTPEERSELKNSIAEFHTYQLDPGSCSSLHAQRIHAPPELVWSIVRRFDKPQTYQHFIKSCSVEQNFEMRVGCTRDVIVISGLPANTMTDRLDILDDERRVTGVSIIGGEHRLTNAKGVTTVHRFEKENRIWTVVLESYVVDMPEGNSEDDTRMAVDTVVKLNLQKLATVAEAMARN
94,E,94E(base),True,0.0,0.0,binder,binder,59Q;81V;83V;92M;94E;108V;110I;117L;120A;122G;141E;159A;160V;163V;164V;167N,MASELTPEERSELKNSIAEFHTYQLDPGSCSSLHAQRIHAPPELVWSIVRRFDKPQTYQHFIKSCSVEQNFEMRVGCTRDVIVISGLPANTMTERLDILDDERRVTGVSIIGGEHRLTNAKGVTTVHRFEKENRIWTVVLESYVVDMPEGNSEDDTRMAVDTVVKLNLQKLATVAEAMARN
94,F,E94F,False,-5.34,-5.79,non-binder,non-binder,59Q;81V;83V;92M;94F;108V;110I;117L;120A;122G;141E;159A;160V;163V;164V;167N,MASELTPEERSELKNSIAEFHTYQLDPGSCSSLHAQRIHAPPELVWSIVRRFDKPQTYQHFIKSCSVEQNFEMRVGCTRDVIVISGLPANTMTFRLDILDDERRVTGVSIIGGEHRLTNAKGVTTVHRFEKENRIWTVVLESYVVDMPEGNSEDDTRMAVDTVVKLNLQKLATVAEAMARN
94,G,E94G,False,-5.07,-5.55,non-binder,non-binder,59Q;81V;83V;92M;94G;108V;110I;117L;120A;122G;141E;159A;160V;163V;164V;167N,MASELTPEERSELKNSIAEFHTYQLDPGSCSSLHAQRIHAPPELVWSIVRRFDKPQTYQHFIKSCSVEQNFEMRVGCTRDVIVISGLPANTMTGRLDILDDERRVTGVSIIGGEHRLTNAKGVTTVHRFEKENRIWTVVLESYVVDMPEGNSEDDTRMAVDTVVKLNLQKLATVAEAMARN
94,H,E94H,False,-5.93,-4.47,non-binder,non-binder,59Q;81V;83V;92M;94H;108V;110I;117L;120A;122G;141E;159A;160V;163V;164V;167N,MASELTPEERSELKNSIAEFHTYQLDPGSCSSLHAQRIHAPPELVWSIVRRFDKPQTYQHFIKSCSVEQNFEMRVGCTRDVIVISGLPANTMTHRLDILDDERRVTGVSIIGGEHRLTNAKGVTTVHRFEKENRIWTVVLESYVVDMPEGNSEDDTRMAVDTVVKLNLQKLATVAEAMARN
94,I,E94I,False,-5.92,-5.68,non-binder,non-binder,59Q;81V;83V;92M;94I;108V;110I;117L;120A;122G;141E;159A;160V;163V;164V;167N,MASELTPEERSELKNSIAEFHTYQLDPGSCSSLHAQRIHAPPELVWSIVRRFDKPQTYQHFIKSCSVEQNFEMRVGCTRDVIVISGLPANTMTIRLDILDDERRVTGVSIIGGEHRLTNAKGVTTVHRFEKENRIWTVVLESYVVDMPEGNSEDDTRMAVDTVVKLNLQKLATVAEAMARN
94,K,E94K,False,-4.71,-3.99,non-binder,non-binder,59Q;81V;83V;92M;94K;108V;110I;117L;120A;122G;141E;159A;160V;163V;164V;167N,MASELTPEERSELKNSIAEFHTYQLDPGSCSSLHAQRIHAPPELVWSIVRRFDKPQTYQHFIKSCSVEQNFEMRVGCTRDVIVISGLPANTMTKRLDILDDERRVTGVSIIGGEHRLTNAKGVTTVHRFEKENRIWTVVLESYVVDMPEGNSEDDTRMAVDTVVKLNLQKLATVAEAMARN
94,L,E94L,False,-5.25,-5.33,non-binder,non-binder,59Q;81V;83V;92M;94L;108V;110I;117L;120A;122G;141E;159A;160V;163V;164V;167N,MASELTPEERSELKNSIAEFHTYQLDPGSCSSLHAQRIHAPPELVWSIVRRFDKPQTYQHFIKSCSVEQNFEMRVGCTRDVIVISGLPANTMTLRLDILDDERRVTGVSIIGGEHRLTNAKGVTTVHRFEKENRIWTVVLESYVVDMPEGNSEDDTRMAVDTVVKLNLQKLATVAEAMARN
94,M,E94M,False,-6.07,-5.23,non-binder,non-binder,59Q;81V;83V;92M;94M;108V;110I;117L;120A;122G;141E;159A;160V;163V;164V;167N,MASELTPEERSELKNSIAEFHTYQLDPGSCSSLHAQRIHAPPELVWSIVRRFDKPQTYQHFIKSCSVEQNFEMRVGCTRDVIVISGLPANTMTMRLDILDDERRVTGVSIIGGEHRLTNAKGVTTVHRFEKENRIWTVVLESYVVDMPEGNSEDDTRMAVDTVVKLNLQKLATVAEAMARN
94,N,E94N,False,-4.54,-6.14,non-binder,non-binder,59Q;81V;83V;92M;94N;108V;110I;117L;120A;122G;141E;159A;160V;163V;164V;167N,MASELTPEERSELKNSIAEFHTYQLDPGSCSSLHAQRIHAPPELVWSIVRRFDKPQTYQHFIKSCSVEQNFEMRVGCTRDVIVISGLPANTMTNRLDILDDERRVTGVSIIGGEHRLTNAKGVTTVHRFEKENRIWTVVLESYVVDMPEGNSEDDTRMAVDTVVKLNLQKLATVAEAMARN
94,P,E94P,False,-7.51,-6.2,non-binder,non-binder,59Q;81V;83V;92M;94P;108V;110I;117L;120A;122G;141E;159A;160V;163V;164V;167N,MASELTPEERSELKNSIAEFHTYQLDPGSCSSLHAQRIHAPPELVWSIVRRFDKPQTYQHFIKSCSVEQNFEMRVGCTRDVIVISGLPANTMTPRLDILDDERRVTGVSIIGGEHRLTNAKGVTTVHRFEKENRIWTVVLESYVVDMPEGNSEDDTRMAVDTVVKLNLQKLATVAEAMARN
94,Q,E94Q,False,-4.93,-5.79,non-binder,non-binder,59Q;81V;83V;92M;94Q;108V;110I;117L;120A;122G;141E;159A;160V;163V;164V;167N,MASELTPEERSELKNSIAEFHTYQLDPGSCSSLHAQRIHAPPELVWSIVRRFDKPQTYQHFIKSCSVEQNFEMRVGCTRDVIVISGLPANTMTQRLDILDDERRVTGVSIIGGEHRLTNAKGVTTVHRFEKENRIWTVVLESYVVDMPEGNSEDDTRMAVDTVVKLNLQKLATVAEAMARN
94,R,E94R,False,-5.49,-5.59,non-binder,non-binder,59Q;81V;83V;92M;94R;108V;110I;117L;120A;122G;141E;159A;160V;163V;164V;167N,MASELTPEERSELKNSIAEFHTYQLDPGSCSSLHAQRIHAPPELVWSIVRRFDKPQTYQHFIKSCSVEQNFEMRVGCTRDVIVISGLPANTMTRRLDILDDERRVTGVSIIGGEHRLTNAKGVTTVHRFEKENRIWTVVLESYVVDMPEGNSEDDTRMAVDTVVKLNLQKLATVAEAMARN
94,S,E94S,False,-6.38,-5.5,non-binder,non-binder,59Q;81V;83V;92M;94S;108V;110I;117L;120A;122G;141E;159A;160V;163V;164V;167N,MASELTPEERSELKNSIAEFHTYQLDPGSCSSLHAQRIHAPPELVWSIVRRFDKPQTYQHFIKSCSVEQNFEMRVGCTRDVIVISGLPANTMTSRLDILDDERRVTGVSIIGGEHRLTNAKGVTTVHRFEKENRIWTVVLESYVVDMPEGNSEDDTRMAVDTVVKLNLQKLATVAEAMARN
94,T,E94T,False,-5.88,-4.93,non-binder,non-binder,59Q;81V;83V;92M;94T;108V;110I;117L;120A;122G;141E;159A;160V;163V;164V;167N,MASELTPEERSELKNSIAEFHTYQLDPGSCSSLHAQRIHAPPELVWSIVRRFDKPQTYQHFIKSCSVEQNFEMRVGCTRDVIVISGLPANTMTTRLDILDDERRVTGVSIIGGEHRLTNAKGVTTVHRFEKENRIWTVVLESYVVDMPEGNSEDDTRMAVDTVVKLNLQKLATVAEAMARN
94,V,E94V,False,-4.81,-6.0,non-binder,non-binder,59Q;81V;83V;92M;94V;108V;110I;117L;120A;122G;141E;159A;160V;163V;164V;167N,MASELTPEERSELKNSIAEFHTYQLDPGSCSSLHAQRIHAPPELVWSIVRRFDKPQTYQHFIKSCSVEQNFEMRVGCTRDVIVISGLPANTMTVRLDILDDERRVTGVSIIGGEHRLTNAKGVTTVHRFEKENRIWTVVLESYVVDMPEGNSEDDTRMAVDTVVKLNLQKLATVAEAMARN
94,W,E94W,False,-5.24,-5.22,non-binder,non-binder,59Q;81V;83V;92M;94W;108V;110I;117L;120A;122G;141E;159A;160V;163V;164V;167N,MASELTPEERSELKNSIAEFHTYQLDPGSCSSLHAQRIHAPPELVWSIVRRFDKPQTYQHFIKSCSVEQNFEMRVGCTRDVIVISGLPANTMTWRLDILDDERRVTGVSIIGGEHRLTNAKGVTTVHRFEKENRIWTVVLESYVVDMPEGNSEDDTRMAVDTVVKLNLQKLATVAEAMARN
94,Y,E94Y,False,-5.8,-4.99,non-binder,non-binder,59Q;81V;83V;92M;94Y;108V;110I;117L;120A;122G;141E;159A;160V;163V;164V;167N,MASELTPEERSELKNSIAEFHTYQLDPGSCSSLHAQRIHAPPELVWSIVRRFDKPQTYQHFIKSCSVEQNFEMRVGCTRDVIVISGLPANTMTYRLDILDDERRVTGVSIIGGEHRLTNAKGVTTVHRFEKENRIWTVVLESYVVDMPEGNSEDDTRMAVDTVVKLNLQKLATVAEAMARN
108,A,V108A,False,-3.82,-3.74,non-binder,non-binder,59Q;81V;83V;92M;94E;108A;110I;117L;120A;122G;141E;159A;160V;163V;164V;167N,MASELTPEERSELKNSIAEFHTYQLDPGSCSSLHAQRIHAPPELVWSIVRRFDKPQTYQHFIKSCSVEQNFEMRVGCTRDVIVISGLPANTMTERLDILDDERRVTGASIIGGEHRLTNAKGVTTVHRFEKENRIWTVVLESYVVDMPEGNSEDDTRMAVDTVVKLNLQKLATVAEAMARN
108,C,V108C,False,-5.69,-4.97,non-binder,non-binder,59Q;81V;83V;92M;94E;108C;110I;117L;120A;122G;141E;159A;160V;163V;164V;167N,MASELTPEERSELKNSIAEFHTYQLDPGSCSSLHAQRIHAPPELVWSIVRRFDKPQTYQHFIKSCSVEQNFEMRVGCTRDVIVISGLPANTMTERLDILDDERRVTGCSIIGGEHRLTNAKGVTTVHRFEKENRIWTVVLESYVVDMPEGNSEDDTRMAVDTVVKLNLQKLATVAEAMARN
108,D,V108D,False,-4.13,-3.99,non-binder,non-binder,59Q;81V;83V;92M;94E;108D;110I;117L;120A;122G;141E;159A;160V;163V;164V;167N,MASELTPEERSELKNSIAEFHTYQLDPGSCSSLHAQRIHAPPELVWSIVRRFDKPQTYQHFIKSCSVEQNFEMRVGCTRDVIVISGLPANTMTERLDILDDERRVTGDSIIGGEHRLTNAKGVTTVHRFEKENRIWTVVLESYVVDMPEGNSEDDTRMAVDTVVKLNLQKLATVAEAMARN
108,E,V108E,False,,-4.93,missing,non-binder,59Q;81V;83V;92M;94E;108E;110I;117L;120A;122G;141E;159A;160V;163V;164V;167N,MASELTPEERSELKNSIAEFHTYQLDPGSCSSLHAQRIHAPPELVWSIVRRFDKPQTYQHFIKSCSVEQNFEMRVGCTRDVIVISGLPANTMTERLDILDDERRVTGESIIGGEHRLTNAKGVTTVHRFEKENRIWTVVLESYVVDMPEGNSEDDTRMAVDTVVKLNLQKLATVAEAMARN
108,F,V108F,False,-4.61,-6.11,non-binder,non-binder,59Q;81V;83V;92M;94E;108F;110I;117L;120A;122G;141E;159A;160V;163V;164V;167N,MASELTPEERSELKNSIAEFHTYQLDPGSCSSLHAQRIHAPPELVWSIVRRFDKPQTYQHFIKSCSVEQNFEMRVGCTRDVIVISGLPANTMTERLDILDDERRVTGFSIIGGEHRLTNAKGVTTVHRFEKENRIWTVVLESYVVDMPEGNSEDDTRMAVDTVVKLNLQKLATVAEAMARN
108,G,V108G,False,-5.01,-5.07,non-binder,non-binder,59Q;81V;83V;92M;94E;108G;110I;117L;120A;122G;141E;159A;160V;163V;164V;167N,MASELTPEERSELKNSIAEFHTYQLDPGSCSSLHAQRIHAPPELVWSIVRRFDKPQTYQHFIKSCSVEQNFEMRVGCTRDVIVISGLPANTMTERLDILDDERRVTGGSIIGGEHRLTNAKGVTTVHRFEKENRIWTVVLESYVVDMPEGNSEDDTRMAVDTVVKLNLQKLATVAEAMARN
108,H,V108H,False,-3.28,-2.97,non-binder,ambiguous,59Q;81V;83V;92M;94E;108H;110I;117L;120A;122G;141E;159A;160V;163V;164V;167N,MASELTPEERSELKNSIAEFHTYQLDPGSCSSLHAQRIHAPPELVWSIVRRFDKPQTYQHFIKSCSVEQNFEMRVGCTRDVIVISGLPANTMTERLDILDDERRVTGHSIIGGEHRLTNAKGVTTVHRFEKENRIWTVVLESYVVDMPEGNSEDDTRMAVDTVVKLNLQKLATVAEAMARN
108,I,V108I,False,-0.44,0.28,binder,binder,59Q;81V;83V;92M;94E;108I;110I;117L;120A;122G;141E;159A;160V;163V;164V;167N,MASELTPEERSELKNSIAEFHTYQLDPGSCSSLHAQRIHAPPELVWSIVRRFDKPQTYQHFIKSCSVEQNFEMRVGCTRDVIVISGLPANTMTERLDILDDERRVTGISIIGGEHRLTNAKGVTTVHRFEKENRIWTVVLESYVVDMPEGNSEDDTRMAVDTVVKLNLQKLATVAEAMARN
108,K,V108K,False,-3.54,-3.82,non-binder,non-binder,59Q;81V;83V;92M;94E;108K;110I;117L;120A;122G;141E;159A;160V;163V;164V;167N,MASELTPEERSELKNSIAEFHTYQLDPGSCSSLHAQRIHAPPELVWSIVRRFDKPQTYQHFIKSCSVEQNFEMRVGCTRDVIVISGLPANTMTERLDILDDERRVTGKSIIGGEHRLTNAKGVTTVHRFEKENRIWTVVLESYVVDMPEGNSEDDTRMAVDTVVKLNLQKLATVAEAMARN
108,L,V108L,False,-5.17,-4.97,non-binder,non-binder,59Q;81V;83V;92M;94E;108L;110I;117L;120A;122G;141E;159A;160V;163V;164V;167N,MASELTPEERSELKNSIAEFHTYQLDPGSCSSLHAQRIHAPPELVWSIVRRFDKPQTYQHFIKSCSVEQNFEMRVGCTRDVIVISGLPANTMTERLDILDDERRVTGLSIIGGEHRLTNAKGVTTVHRFEKENRIWTVVLESYVVDMPEGNSEDDTRMAVDTVVKLNLQKLATVAEAMARN
108,M,V108M,False,-4.89,-5.76,non-binder,non-binder,59Q;81V;83V;92M;94E;108M;110I;117L;120A;122G;141E;159A;160V;163V;164V;167N,MASELTPEERSELKNSIAEFHTYQLDPGSCSSLHAQRIHAPPELVWSIVRRFDKPQTYQHFIKSCSVEQNFEMRVGCTRDVIVISGLPANTMTERLDILDDERRVTGMSIIGGEHRLTNAKGVTTVHRFEKENRIWTVVLESYVVDMPEGNSEDDTRMAVDTVVKLNLQKLATVAEAMARN
108,N,V108N,False,-4.28,-5.56,non-binder,non-binder,59Q;81V;83V;92M;94E;108N;110I;117L;120A;122G;141E;159A;160V;163V;164V;167N,MASELTPEERSELKNSIAEFHTYQLDPGSCSSLHAQRIHAPPELVWSIVRRFDKPQTYQHFIKSCSVEQNFEMRVGCTRDVIVISGLPANTMTERLDILDDERRVTGNSIIGGEHRLTNAKGVTTVHRFEKENRIWTVVLESYVVDMPEGNSEDDTRMAVDTVVKLNLQKLATVAEAMARN
108,P,V108P,False,-5.41,-5.69,non-binder,non-binder,59Q;81V;83V;92M;94E;108P;110I;117L;120A;122G;141E;159A;160V;163V;164V;167N,MASELTPEERSELKNSIAEFHTYQLDPGSCSSLHAQRIHAPPELVWSIVRRFDKPQTYQHFIKSCSVEQNFEMRVGCTRDVIVISGLPANTMTERLDILDDERRVTGPSIIGGEHRLTNAKGVTTVHRFEKENRIWTVVLESYVVDMPEGNSEDDTRMAVDTVVKLNLQKLATVAEAMARN
108,Q,V108Q,False,,,missing,missing,59Q;81V;83V;92M;94E;108Q;110I;117L;120A;122G;141E;159A;160V;163V;164V;167N,MASELTPEERSELKNSIAEFHTYQLDPGSCSSLHAQRIHAPPELVWSIVRRFDKPQTYQHFIKSCSVEQNFEMRVGCTRDVIVISGLPANTMTERLDILDDERRVTGQSIIGGEHRLTNAKGVTTVHRFEKENRIWTVVLESYVVDMPEGNSEDDTRMAVDTVVKLNLQKLATVAEAMARN
108,R,V108R,False,-6.6,-5.88,non-binder,non-binder,59Q;81V;83V;92M;94E;108R;110I;117L;120A;122G;141E;159A;160V;163V;164V;167N,MASELTPEERSELKNSIAEFHTYQLDPGSCSSLHAQRIHAPPELVWSIVRRFDKPQTYQHFIKSCSVEQNFEMRVGCTRDVIVISGLPANTMTERLDILDDERRVTGRSIIGGEHRLTNAKGVTTVHRFEKENRIWTVVLESYVVDMPEGNSEDDTRMAVDTVVKLNLQKLATVAEAMARN
108,S,V108S,False,-4.59,-7.19,non-binder,non-binder,59Q;81V;83V;92M;94E;108S;110I;117L;120A;122G;141E;159A;160V;163V;164V;167N,MASELTPEERSELKNSIAEFHTYQLDPGSCSSLHAQRIHAPPELVWSIVRRFDKPQTYQHFIKSCSVEQNFEMRVGCTRDVIVISGLPANTMTERLDILDDERRVTGSSIIGGEHRLTNAKGVTTVHRFEKENRIWTVVLESYVVDMPEGNSEDDTRMAVDTVVKLNLQKLATVAEAMARN
108,T,V108T,False,-4.66,-4.93,non-binder,non-binder,59Q;81V;83V;92M;94E;108T;110I;117L;120A;122G;141E;159A;160V;163V;164V;167N,MASELTPEERSELKNSIAEFHTYQLDPGSCSSLHAQRIHAPPELVWSIVRRFDKPQTYQHFIKSCSVEQNFEMRVGCTRDVIVISGLPANTMTERLDILDDERRVTGTSIIGGEHRLTNAKGVTTVHRFEKENRIWTVVLESYVVDMPEGNSEDDTRMAVDTVVKLNLQKLATVAEAMARN
108,V,108V(base),True,0.0,0.0,binder,binder,59Q;81V;83V;92M;94E;108V;110I;117L;120A;122G;141E;159A;160V;163V;164V;167N,MASELTPEERSELKNSIAEFHTYQLDPGSCSSLHAQRIHAPPELVWSIVRRFDKPQTYQHFIKSCSVEQNFEMRVGCTRDVIVISGLPANTMTERLDILDDERRVTGVSIIGGEHRLTNAKGVTTVHRFEKENRIWTVVLESYVVDMPEGNSEDDTRMAVDTVVKLNLQKLATVAEAMARN
108,W,V108W,False,-4.07,-4.93,non-binder,non-binder,59Q;81V;83V;92M;94E;108W;110I;117L;120A;122G;141E;159A;160V;163V;164V;167N,MASELTPEERSELKNSIAEFHTYQLDPGSCSSLHAQRIHAPPELVWSIVRRFDKPQTYQHFIKSCSVEQNFEMRVGCTRDVIVISGLPANTMTERLDILDDERRVTGWSIIGGEHRLTNAKGVTTVHRFEKENRIWTVVLESYVVDMPEGNSEDDTRMAVDTVVKLNLQKLATVAEAMARN
108,Y,V108Y,False,-4.41,-5.11,non-binder,non-binder,59Q;81V;83V;92M;94E;108Y;110I;117L;120A;122G;141E;159A;160V;163V;164V;167N,MASELTPEERSELKNSIAEFHTYQLDPGSCSSLHAQRIHAPPELVWSIVRRFDKPQTYQHFIKSCSVEQNFEMRVGCTRDVIVISGLPANTMTERLDILDDERRVTGYSIIGGEHRLTNAKGVTTVHRFEKENRIWTVVLESYVVDMPEGNSEDDTRMAVDTVVKLNLQKLATVAEAMARN
110,A,I110A,False,-5.06,-5.93,non-binder,non-binder,59Q;81V;83V;92M;94E;108V;110A;117L;120A;122G;141E;159A;160V;163V;164V;167N,MASELTPEERSELKNSIAEFHTYQLDPGSCSSLHAQRIHAPPELVWSIVRRFDKPQTYQHFIKSCSVEQNFEMRVGCTRDVIVISGLPANTMTERLDILDDERRVTGVSAIGGEHRLTNAKGVTTVHRFEKENRIWTVVLESYVVDMPEGNSEDDTRMAVDTVVKLNLQKLATVAEAMARN
110,C,I110C,False,-5.53,-4.95,non-binder,non-binder,59Q;81V;83V;92M;94E;108V;110C;117L;120A;122G;141E;159A;160V;163V;164V;167N,MASELTPEERSELKNSIAEFHTYQLDPGSCSSLHAQRIHAPPELVWSIVRRFDKPQTYQHFIKSCSVEQNFEMRVGCTRDVIVISGLPANTMTERLDILDDERRVTGVSCIGGEHRLTNAKGVTTVHRFEKENRIWTVVLESYVVDMPEGNSEDDTRMAVDTVVKLNLQKLATVAEAMARN
110,D,I110D,False,-5.59,-5.46,non-binder,non-binder,59Q;81V;83V;92M;94E;108V;110D;117L;120A;122G;141E;159A;160V;163V;164V;167N,MASELTPEERSELKNSIAEFHTYQLDPGSCSSLHAQRIHAPPELVWSIVRRFDKPQTYQHFIKSCSVEQNFEMRVGCTRDVIVISGLPANTMTERLDILDDERRVTGVSDIGGEHRLTNAKGVTTVHRFEKENRIWTVVLESYVVDMPEGNSEDDTRMAVDTVVKLNLQKLATVAEAMARN
110,E,I110E,False,-4.96,-4.5,non-binder,non-binder,59Q;81V;83V;92M;94E;108V;110E;117L;120A;122G;141E;159A;160V;163V;164V;167N,MASELTPEERSELKNSIAEFHTYQLDPGSCSSLHAQRIHAPPELVWSIVRRFDKPQTYQHFIKSCSVEQNFEMRVGCTRDVIVISGLPANTMTERLDILDDERRVTGVSEIGGEHRLTNAKGVTTVHRFEKENRIWTVVLESYVVDMPEGNSEDDTRMAVDTVVKLNLQKLATVAEAMARN
110,F,I110F,False,-5.18,-5.51,non-binder,non-binder,59Q;81V;83V;92M;94E;108V;110F;117L;120A;122G;141E;159A;160V;163V;164V;167N,MASELTPEERSELKNSIAEFHTYQLDPGSCSSLHAQRIHAPPELVWSIVRRFDKPQTYQHFIKSCSVEQNFEMRVGCTRDVIVISGLPANTMTERLDILDDERRVTGVSFIGGEHRLTNAKGVTTVHRFEKENRIWTVVLESYVVDMPEGNSEDDTRMAVDTVVKLNLQKLATVAEAMARN
110,G,I110G,False,-5.59,-5.69,non-binder,non-binder,59Q;81V;83V;92M;94E;108V;110G;117L;120A;122G;141E;159A;160V;163V;164V;167N,MASELTPEERSELKNSIAEFHTYQLDPGSCSSLHAQRIHAPPELVWSIVRRFDKPQTYQHFIKSCSVEQNFEMRVGCTRDVIVISGLPANTMTERLDILDDERRVTGVSGIGGEHRLTNAKGVTTVHRFEKENRIWTVVLESYVVDMPEGNSEDDTRMAVDTVVKLNLQKLATVAEAMARN
110,H,I110H,False,-6.64,-5.92,non-binder,non-binder,59Q;81V;83V;92M;94E;108V;110H;117L;120A;122G;141E;159A;160V;163V;164V;167N,MASELTPEERSELKNSIAEFHTYQLDPGSCSSLHAQRIHAPPELVWSIVRRFDKPQTYQHFIKSCSVEQNFEMRVGCTRDVIVISGLPANTMTERLDILDDERRVTGVSHIGGEHRLTNAKGVTTVHRFEKENRIWTVVLESYVVDMPEGNSEDDTRMAVDTVVKLNLQKLATVAEAMARN
110,I,110I(base),True,0.0,0.0,binder,binder,59Q;81V;83V;92M;94E;108V;110I;117L;120A;122G;141E;159A;160V;163V;164V;167N,MASELTPEERSELKNSIAEFHTYQLDPGSCSSLHAQRIHAPPELVWSIVRRFDKPQTYQHFIKSCSVEQNFEMRVGCTRDVIVISGLPANTMTERLDILDDERRVTGVSIIGGEHRLTNAKGVTTVHRFEKENRIWTVVLESYVVDMPEGNSEDDTRMAVDTVVKLNLQKLATVAEAMARN
110,K,I110K,False,-5.15,-5.43,non-binder,non-binder,59Q;81V;83V;92M;94E;108V;110K;117L;120A;122G;141E;159A;160V;163V;164V;167N,MASELTPEERSELKNSIAEFHTYQLDPGSCSSLHAQRIHAPPELVWSIVRRFDKPQTYQHFIKSCSVEQNFEMRVGCTRDVIVISGLPANTMTERLDILDDERRVTGVSKIGGEHRLTNAKGVTTVHRFEKENRIWTVVLESYVVDMPEGNSEDDTRMAVDTVVKLNLQKLATVAEAMARN
110,L,I110L,False,-4.83,-4.94,non-binder,non-binder,59Q;81V;83V;92M;94E;108V;110L;117L;120A;122G;141E;159A;160V;163V;164V;167N,MASELTPEERSELKNSIAEFHTYQLDPGSCSSLHAQRIHAPPELVWSIVRRFDKPQTYQHFIKSCSVEQNFEMRVGCTRDVIVISGLPANTMTERLDILDDERRVTGVSLIGGEHRLTNAKGVTTVHRFEKENRIWTVVLESYVVDMPEGNSEDDTRMAVDTVVKLNLQKLATVAEAMARN
110,M,I110M,False,-6.91,-7.77,non-binder,non-binder,59Q;81V;83V;92M;94E;108V;110M;117L;120A;122G;141E;159A;160V;163V;164V;167N,MASELTPEERSELKNSIAEFHTYQLDPGSCSSLHAQRIHAPPELVWSIVRRFDKPQTYQHFIKSCSVEQNFEMRVGCTRDVIVISGLPANTMTERLDILDDERRVTGVSMIGGEHRLTNAKGVTTVHRFEKENRIWTVVLESYVVDMPEGNSEDDTRMAVDTVVKLNLQKLATVAEAMARN
110,N,I110N,False,-5.76,-6.26,non-binder,non-binder,59Q;81V;83V;92M;94E;108V;110N;117L;120A;122G;141E;159A;160V;163V;164V;167N,MASELTPEERSELKNSIAEFHTYQLDPGSCSSLHAQRIHAPPELVWSIVRRFDKPQTYQHFIKSCSVEQNFEMRVGCTRDVIVISGLPANTMTERLDILDDERRVTGVSNIGGEHRLTNAKGVTTVHRFEKENRIWTVVLESYVVDMPEGNSEDDTRMAVDTVVKLNLQKLATVAEAMARN
110,P,I110P,False,-4.88,-5.28,non-binder,non-binder,59Q;81V;83V;92M;94E;108V;110P;117L;120A;122G;141E;159A;160V;163V;164V;167N,MASELTPEERSELKNSIAEFHTYQLDPGSCSSLHAQRIHAPPELVWSIVRRFDKPQTYQHFIKSCSVEQNFEMRVGCTRDVIVISGLPANTMTERLDILDDERRVTGVSPIGGEHRLTNAKGVTTVHRFEKENRIWTVVLESYVVDMPEGNSEDDTRMAVDTVVKLNLQKLATVAEAMARN
110,Q,I110Q,False,-4.13,-4.4,non-binder,non-binder,59Q;81V;83V;92M;94E;108V;110Q;117L;120A;122G;141E;159A;160V;163V;164V;167N,MASELTPEERSELKNSIAEFHTYQLDPGSCSSLHAQRIHAPPELVWSIVRRFDKPQTYQHFIKSCSVEQNFEMRVGCTRDVIVISGLPANTMTERLDILDDERRVTGVSQIGGEHRLTNAKGVTTVHRFEKENRIWTVVLESYVVDMPEGNSEDDTRMAVDTVVKLNLQKLATVAEAMARN
110,R,I110R,False,-5.71,-4.99,non-binder,non-binder,59Q;81V;83V;92M;94E;108V;110R;117L;120A;122G;141E;159A;160V;163V;164V;167N,MASELTPEERSELKNSIAEFHTYQLDPGSCSSLHAQRIHAPPELVWSIVRRFDKPQTYQHFIKSCSVEQNFEMRVGCTRDVIVISGLPANTMTERLDILDDERRVTGVSRIGGEHRLTNAKGVTTVHRFEKENRIWTVVLESYVVDMPEGNSEDDTRMAVDTVVKLNLQKLATVAEAMARN
110,S,I110S,False,-4.86,-6.33,non-binder,non-binder,59Q;81V;83V;92M;94E;108V;110S;117L;120A;122G;141E;159A;160V;163V;164V;167N,MASELTPEERSELKNSIAEFHTYQLDPGSCSSLHAQRIHAPPELVWSIVRRFDKPQTYQHFIKSCSVEQNFEMRVGCTRDVIVISGLPANTMTERLDILDDERRVTGVSSIGGEHRLTNAKGVTTVHRFEKENRIWTVVLESYVVDMPEGNSEDDTRMAVDTVVKLNLQKLATVAEAMARN
110,T,I110T,False,-4.5,-5.09,non-binder,non-binder,59Q;81V;83V;92M;94E;108V;110T;117L;120A;122G;141E;159A;160V;163V;164V;167N,MASELTPEERSELKNSIAEFHTYQLDPGSCSSLHAQRIHAPPELVWSIVRRFDKPQTYQHFIKSCSVEQNFEMRVGCTRDVIVISGLPANTMTERLDILDDERRVTGVSTIGGEHRLTNAKGVTTVHRFEKENRIWTVVLESYVVDMPEGNSEDDTRMAVDTVVKLNLQKLATVAEAMARN
110,V,I110V,False,-4.55,-3.57,non-binder,non-binder,59Q;81V;83V;92M;94E;108V;110V;117L;120A;122G;141E;159A;160V;163V;164V;167N,MASELTPEERSELKNSIAEFHTYQLDPGSCSSLHAQRIHAPPELVWSIVRRFDKPQTYQHFIKSCSVEQNFEMRVGCTRDVIVISGLPANTMTERLDILDDERRVTGVSVIGGEHRLTNAKGVTTVHRFEKENRIWTVVLESYVVDMPEGNSEDDTRMAVDTVVKLNLQKLATVAEAMARN
110,W,I110W,False,-4.88,-5.75,non-binder,non-binder,59Q;81V;83V;92M;94E;108V;110W;117L;120A;122G;141E;159A;160V;163V;164V;167N,MASELTPEERSELKNSIAEFHTYQLDPGSCSSLHAQRIHAPPELVWSIVRRFDKPQTYQHFIKSCSVEQNFEMRVGCTRDVIVISGLPANTMTERLDILDDERRVTGVSWIGGEHRLTNAKGVTTVHRFEKENRIWTVVLESYVVDMPEGNSEDDTRMAVDTVVKLNLQKLATVAEAMARN
110,Y,I110Y,False,-5.31,-5.69,non-binder,non-binder,59Q;81V;83V;92M;94E;108V;110Y;117L;120A;122G;141E;159A;160V;163V;164V;167N,MASELTPEERSELKNSIAEFHTYQLDPGSCSSLHAQRIHAPPELVWSIVRRFDKPQTYQHFIKSCSVEQNFEMRVGCTRDVIVISGLPANTMTERLDILDDERRVTGVSYIGGEHRLTNAKGVTTVHRFEKENRIWTVVLESYVVDMPEGNSEDDTRMAVDTVVKLNLQKLATVAEAMARN
117,A,L117A,False,-3.69,-6.14,non-binder,non-binder,59Q;81V;83V;92M;94E;108V;110I;117A;120A;122G;141E;159A;160V;163V;164V;167N,MASELTPEERSELKNSIAEFHTYQLDPGSCSSLHAQRIHAPPELVWSIVRRFDKPQTYQHFIKSCSVEQNFEMRVGCTRDVIVISGLPANTMTERLDILDDERRVTGVSIIGGEHRATNAKGVTTVHRFEKENRIWTVVLESYVVDMPEGNSEDDTRMAVDTVVKLNLQKLATVAEAMARN
117,C,L117C,False,-6.86,-5.56,non-binder,non-binder,59Q;81V;83V;92M;94E;108V;110I;117C;120A;122G;141E;159A;160V;163V;164V;167N,MASELTPEERSELKNSIAEFHTYQLDPGSCSSLHAQRIHAPPELVWSIVRRFDKPQTYQHFIKSCSVEQNFEMRVGCTRDVIVISGLPANTMTERLDILDDERRVTGVSIIGGEHRCTNAKGVTTVHRFEKENRIWTVVLESYVVDMPEGNSEDDTRMAVDTVVKLNLQKLATVAEAMARN
117,D,L117D,False,,,missing,missing,59Q;81V;83V;92M;94E;108V;110I;117D;120A;122G;141E;159A;160V;163V;164V;167N,MASELTPEERSELKNSIAEFHTYQLDPGSCSSLHAQRIHAPPELVWSIVRRFDKPQTYQHFIKSCSVEQNFEMRVGCTRDVIVISGLPANTMTERLDILDDERRVTGVSIIGGEHRDTNAKGVTTVHRFEKENRIWTVVLESYVVDMPEGNSEDDTRMAVDTVVKLNLQKLATVAEAMARN
117,E,L117E,False,-4.28,-2.97,non-binder,ambiguous,59Q;81V;83V;92M;94E;108V;110I;117E;120A;122G;141E;159A;160V;163V;164V;167N,MASELTPEERSELKNSIAEFHTYQLDPGSCSSLHAQRIHAPPELVWSIVRRFDKPQTYQHFIKSCSVEQNFEMRVGCTRDVIVISGLPANTMTERLDILDDERRVTGVSIIGGEHRETNAKGVTTVHRFEKENRIWTVVLESYVVDMPEGNSEDDTRMAVDTVVKLNLQKLATVAEAMARN
117,F,L117F,False,-5.19,-4.98,non-binder,non-binder,59Q;81V;83V;92M;94E;108V;110I;117F;120A;122G;141E;159A;160V;163V;164V;167N,MASELTPEERSELKNSIAEFHTYQLDPGSCSSLHAQRIHAPPELVWSIVRRFDKPQTYQHFIKSCSVEQNFEMRVGCTRDVIVISGLPANTMTERLDILDDERRVTGVSIIGGEHRFTNAKGVTTVHRFEKENRIWTVVLESYVVDMPEGNSEDDTRMAVDTVVKLNLQKLATVAEAMARN
117,G,L117G,False,-4.96,-5.23,non-binder,non-binder,59Q;81V;83V;92M;94E;108V;110I;117G;120A;122G;141E;159A;160V;163V;164V;167N,MASELTPEERSELKNSIAEFHTYQLDPGSCSSLHAQRIHAPPELVWSIVRRFDKPQTYQHFIKSCSVEQNFEMRVGCTRDVIVISGLPANTMTERLDILDDERRVTGVSIIGGEHRGTNAKGVTTVHRFEKENRIWTVVLESYVVDMPEGNSEDDTRMAVDTVVKLNLQKLATVAEAMARN
117,H,L117H,False,,-4.4,missing,non-binder,59Q;81V;83V;92M;94E;108V;110I;117H;120A;122G;141E;159A;160V;163V;164V;167N,MASELTPEERSELKNSIAEFHTYQLDPGSCSSLHAQRIHAPPELVWSIVRRFDKPQTYQHFIKSCSVEQNFEMRVGCTRDVIVISGLPANTMTERLDILDDERRVTGVSIIGGEHRHTNAKGVTTVHRFEKENRIWTVVLESYVVDMPEGNSEDDTRMAVDTVVKLNLQKLATVAEAMARN
117,I,L117I,False,-5.09,-5.69,non-binder,non-binder,59Q;81V;83V;92M;94E;108V;110I;117I;120A;122G;141E;159A;160V;163V;164V;167N,MASELTPEERSELKNSIAEFHTYQLDPGSCSSLHAQRIHAPPELVWSIVRRFDKPQTYQHFIKSCSVEQNFEMRVGCTRDVIVISGLPANTMTERLDILDDERRVTGVSIIGGEHRITNAKGVTTVHRFEKENRIWTVVLESYVVDMPEGNSEDDTRMAVDTVVKLNLQKLATVAEAMARN
117,K,L117K,False,-4.13,-4.67,non-binder,non-binder,59Q;81V;83V;92M;94E;108V;110I;117K;120A;122G;141E;159A;160V;163V;164V;167N,MASELTPEERSELKNSIAEFHTYQLDPGSCSSLHAQRIHAPPELVWSIVRRFDKPQTYQHFIKSCSVEQNFEMRVGCTRDVIVISGLPANTMTERLDILDDERRVTGVSIIGGEHRKTNAKGVTTVHRFEKENRIWTVVLESYVVDMPEGNSEDDTRMAVDTVVKLNLQKLATVAEAMARN
117,L,117L(base),True,0.0,0.0,binder,binder,59Q;81V;83V;92M;94E;108V;110I;117L;120A;122G;141E;159A;160V;163V;164V;167N,MASELTPEERSELKNSIAEFHTYQLDPGSCSSLHAQRIHAPPELVWSIVRRFDKPQTYQHFIKSCSVEQNFEMRVGCTRDVIVISGLPANTMTERLDILDDERRVTGVSIIGGEHRLTNAKGVTTVHRFEKENRIWTVVLESYVVDMPEGNSEDDTRMAVDTVVKLNLQKLATVAEAMARN
117,M,L117M,False,-4.51,-5.2,non-binder,non-binder,59Q;81V;83V;92M;94E;108V;110I;117M;120A;122G;141E;159A;160V;163V;164V;167N,MASELTPEERSELKNSIAEFHTYQLDPGSCSSLHAQRIHAPPELVWSIVRRFDKPQTYQHFIKSCSVEQNFEMRVGCTRDVIVISGLPANTMTERLDILDDERRVTGVSIIGGEHRMTNAKGVTTVHRFEKENRIWTVVLESYVVDMPEGNSEDDTRMAVDTVVKLNLQKLATVAEAMARN
117,N,L117N,False,-6.08,-5.36,non-binder,non-binder,59Q;81V;83V;92M;94E;108V;110I;117N;120A;122G;141E;159A;160V;163V;164V;167N,MASELTPEERSELKNSIAEFHTYQLDPGSCSSLHAQRIHAPPELVWSIVRRFDKPQTYQHFIKSCSVEQNFEMRVGCTRDVIVISGLPANTMTERLDILDDERRVTGVSIIGGEHRNTNAKGVTTVHRFEKENRIWTVVLESYVVDMPEGNSEDDTRMAVDTVVKLNLQKLATVAEAMARN
117,P,L117P,False,-4.6,-3.79,non-binder,non-binder,59Q;81V;83V;92M;94E;108V;110I;117P;120A;122G;141E;159A;160V;163V;164V;167N,MASELTPEERSELKNSIAEFHTYQLDPGSCSSLHAQRIHAPPELVWSIVRRFDKPQTYQHFIKSCSVEQNFEMRVGCTRDVIVISGLPANTMTERLDILDDERRVTGVSIIGGEHRPTNAKGVTTVHRFEKENRIWTVVLESYVVDMPEGNSEDDTRMAVDTVVKLNLQKLATVAEAMARN
117,Q,L117Q,False,-3.44,-4.46,non-binder,non-binder,59Q;81V;83V;92M;94E;108V;110I;117Q;120A;122G;141E;159A;160V;163V;164V;167N,MASELTPEERSELKNSIAEFHTYQLDPGSCSSLHAQRIHAPPELVWSIVRRFDKPQTYQHFIKSCSVEQNFEMRVGCTRDVIVISGLPANTMTERLDILDDERRVTGVSIIGGEHRQTNAKGVTTVHRFEKENRIWTVVLESYVVDMPEGNSEDDTRMAVDTVVKLNLQKLATVAEAMARN
117,R,L117R,False,-5.35,-5.82,non-binder,non-binder,59Q;81V;83V;92M;94E;108V;110I;117R;120A;122G;141E;159A;160V;163V;164V;167N,MASELTPEERSELKNSIAEFHTYQLDPGSCSSLHAQRIHAPPELVWSIVRRFDKPQTYQHFIKSCSVEQNFEMRVGCTRDVIVISGLPANTMTERLDILDDERRVTGVSIIGGEHRRTNAKGVTTVHRFEKENRIWTVVLESYVVDMPEGNSEDDTRMAVDTVVKLNLQKLATVAEAMARN
117,S,L117S,False,-4.62,-6.42,non-binder,non-binder,59Q;81V;83V;92M;94E;108V;110I;117S;120A;122G;141E;159A;160V;163V;164V;167N,MASELTPEERSELKNSIAEFHTYQLDPGSCSSLHAQRIHAPPELVWSIVRRFDKPQTYQHFIKSCSVEQNFEMRVGCTRDVIVISGLPANTMTERLDILDDERRVTGVSIIGGEHRSTNAKGVTTVHRFEKENRIWTVVLESYVVDMPEGNSEDDTRMAVDTVVKLNLQKLATVAEAMARN
117,T,L117T,False,-6.41,-5.69,non-binder,non-binder,59Q;81V;83V;92M;94E;108V;110I;117T;120A;122G;141E;159A;160V;163V;164V;167N,MASELTPEERSELKNSIAEFHTYQLDPGSCSSLHAQRIHAPPELVWSIVRRFDKPQTYQHFIKSCSVEQNFEMRVGCTRDVIVISGLPANTMTERLDILDDERRVTGVSIIGGEHRTTNAKGVTTVHRFEKENRIWTVVLESYVVDMPEGNSEDDTRMAVDTVVKLNLQKLATVAEAMARN
117,V,L117V,False,-4.25,-6.26,non-binder,non-binder,59Q;81V;83V;92M;94E;108V;110I;117V;120A;122G;141E;159A;160V;163V;164V;167N,MASELTPEERSELKNSIAEFHTYQLDPGSCSSLHAQRIHAPPELVWSIVRRFDKPQTYQHFIKSCSVEQNFEMRVGCTRDVIVISGLPANTMTERLDILDDERRVTGVSIIGGEHRVTNAKGVTTVHRFEKENRIWTVVLESYVVDMPEGNSEDDTRMAVDTVVKLNLQKLATVAEAMARN
117,W,L117W,False,,-4.5,missing,non-binder,59Q;81V;83V;92M;94E;108V;110I;117W;120A;122G;141E;159A;160V;163V;164V;167N,MASELTPEERSELKNSIAEFHTYQLDPGSCSSLHAQRIHAPPELVWSIVRRFDKPQTYQHFIKSCSVEQNFEMRVGCTRDVIVISGLPANTMTERLDILDDERRVTGVSIIGGEHRWTNAKGVTTVHRFEKENRIWTVVLESYVVDMPEGNSEDDTRMAVDTVVKLNLQKLATVAEAMARN
117,Y,L117Y,False,-4.66,-6.52,non-binder,non-binder,59Q;81V;83V;92M;94E;108V;110I;117Y;120A;122G;141E;159A;160V;163V;164V;167N,MASELTPEERSELKNSIAEFHTYQLDPGSCSSLHAQRIHAPPELVWSIVRRFDKPQTYQHFIKSCSVEQNFEMRVGCTRDVIVISGLPANTMTERLDILDDERRVTGVSIIGGEHRYTNAKGVTTVHRFEKENRIWTVVLESYVVDMPEGNSEDDTRMAVDTVVKLNLQKLATVAEAMARN
120,A,120A(base),True,0.0,0.0,binder,binder,59Q;81V;83V;92M;94E;108V;110I;117L;120A;122G;141E;159A;160V;163V;164V;167N,MASELTPEERSELKNSIAEFHTYQLDPGSCSSLHAQRIHAPPELVWSIVRRFDKPQTYQHFIKSCSVEQNFEMRVGCTRDVIVISGLPANTMTERLDILDDERRVTGVSIIGGEHRLTNAKGVTTVHRFEKENRIWTVVLESYVVDMPEGNSEDDTRMAVDTVVKLNLQKLATVAEAMARN
120,C,A120C,False,-3.88,-4.9,non-binder,non-binder,59Q;81V;83V;92M;94E;108V;110I;117L;120C;122G;141E;159A;160V;163V;164V;167N,MASELTPEERSELKNSIAEFHTYQLDPGSCSSLHAQRIHAPPELVWSIVRRFDKPQTYQHFIKSCSVEQNFEMRVGCTRDVIVISGLPANTMTERLDILDDERRVTGVSIIGGEHRLTNCKGVTTVHRFEKENRIWTVVLESYVVDMPEGNSEDDTRMAVDTVVKLNLQKLATVAEAMARN
120,D,A120D,False,-3.66,-4.13,non-binder,non-binder,59Q;81V;83V;92M;94E;108V;110I;117L;120D;122G;141E;159A;160V;163V;164V;167N,MASELTPEERSELKNSIAEFHTYQLDPGSCSSLHAQRIHAPPELVWSIVRRFDKPQTYQHFIKSCSVEQNFEMRVGCTRDVIVISGLPANTMTERLDILDDERRVTGVSIIGGEHRLTNDKGVTTVHRFEKENRIWTVVLESYVVDMPEGNSEDDTRMAVDTVVKLNLQKLATVAEAMARN
120,E,A120E,False,-3.87,-4.32,non-binder,non-binder,59Q;81V;83V;92M;94E;108V;110I;117L;120E;122G;141E;159A;160V;163V;164V;167N,MASELTPEERSELKNSIAEFHTYQLDPGSCSSLHAQRIHAPPELVWSIVRRFDKPQTYQHFIKSCSVEQNFEMRVGCTRDVIVISGLPANTMTERLDILDDERRVTGVSIIGGEHRLTNEKGVTTVHRFEKENRIWTVVLESYVVDMPEGNSEDDTRMAVDTVVKLNLQKLATVAEAMARN
120,F,A120F,False,-7.41,-5.89,non-binder,non-binder,59Q;81V;83V;92M;94E;108V;110I;117L;120F;122G;141E;159A;160V;163V;164V;167N,MASELTPEERSELKNSIAEFHTYQLDPGSCSSLHAQRIHAPPELVWSIVRRFDKPQTYQHFIKSCSVEQNFEMRVGCTRDVIVISGLPANTMTERLDILDDERRVTGVSIIGGEHRLTNFKGVTTVHRFEKENRIWTVVLESYVVDMPEGNSEDDTRMAVDTVVKLNLQKLATVAEAMARN
120,G,A120G,False,0.71,0.54,binder,binder,59Q;81V;83V;92M;94E;108V;110I;117L;120G;122G;141E;159A;160V;163V;164V;167N,MASELTPEERSELKNSIAEFHTYQLDPGSCSSLHAQRIHAPPELVWSIVRRFDKPQTYQHFIKSCSVEQNFEMRVGCTRDVIVISGLPANTMTERLDILDDERRVTGVSIIGGEHRLTNGKGVTTVHRFEKENRIWTVVLESYVVDMPEGNSEDDTRMAVDTVVKLNLQKLATVAEAMARN
120,H,A120H,False,-4.89,-5.76,non-binder,non-binder,59Q;81V;83V;92M;94E;108V;110I;117L;120H;122G;141E;159A;160V;163V;164V;167N,MASELTPEERSELKNSIAEFHTYQLDPGSCSSLHAQRIHAPPELVWSIVRRFDKPQTYQHFIKSCSVEQNFEMRVGCTRDVIVISGLPANTMTERLDILDDERRVTGVSIIGGEHRLTNHKGVTTVHRFEKENRIWTVVLESYVVDMPEGNSEDDTRMAVDTVVKLNLQKLATVAEAMARN
120,I,A120I,False,-5.31,-4.89,non-binder,non-binder,59Q;81V;83V;92M;94E;108V;110I;117L;120I;122G;141E;159A;160V;163V;164V;167N,MASELTPEERSELKNSIAEFHTYQLDPGSCSSLHAQRIHAPPELVWSIVRRFDKPQTYQHFIKSCSVEQNFEMRVGCTRDVIVISGLPANTMTERLDILDDERRVTGVSIIGGEHRLTNIKGVTTVHRFEKENRIWTVVLESYVVDMPEGNSEDDTRMAVDTVVKLNLQKLATVAEAMARN
120,K,A120K,False,-3.28,-3.97,non-binder,non-binder,59Q;81V;83V;92M;94E;108V;110I;117L;120K;122G;141E;159A;160V;163V;164V;167N,MASELTPEERSELKNSIAEFHTYQLDPGSCSSLHAQRIHAPPELVWSIVRRFDKPQTYQHFIKSCSVEQNFEMRVGCTRDVIVISGLPANTMTERLDILDDERRVTGVSIIGGEHRLTNKKGVTTVHRFEKENRIWTVVLESYVVDMPEGNSEDDTRMAVDTVVKLNLQKLATVAEAMARN
120,L,A120L,False,-6.07,-4.93,non-binder,non-binder,59Q;81V;83V;92M;94E;108V;110I;117L;120L;122G;141E;159A;160V;163V;164V;167N,MASELTPEERSELKNSIAEFHTYQLDPGSCSSLHAQRIHAPPELVWSIVRRFDKPQTYQHFIKSCSVEQNFEMRVGCTRDVIVISGLPANTMTERLDILDDERRVTGVSIIGGEHRLTNLKGVTTVHRFEKENRIWTVVLESYVVDMPEGNSEDDTRMAVDTVVKLNLQKLATVAEAMARN
120,M,A120M,False,-6.06,-5.34,non-binder,non-binder,59Q;81V;83V;92M;94E;108V;110I;117L;120M;122G;141E;159A;160V;163V;164V;167N,MASELTPEERSELKNSIAEFHTYQLDPGSCSSLHAQRIHAPPELVWSIVRRFDKPQTYQHFIKSCSVEQNFEMRVGCTRDVIVISGLPANTMTERLDILDDERRVTGVSIIGGEHRLTNMKGVTTVHRFEKENRIWTVVLESYVVDMPEGNSEDDTRMAVDTVVKLNLQKLATVAEAMARN
120,N,A120N,False,-5.26,-5.73,non-binder,non-binder,59Q;81V;83V;92M;94E;108V;110I;117L;120N;122G;141E;159A;160V;163V;164V;167N,MASELTPEERSELKNSIAEFHTYQLDPGSCSSLHAQRIHAPPELVWSIVRRFDKPQTYQHFIKSCSVEQNFEMRVGCTRDVIVISGLPANTMTERLDILDDERRVTGVSIIGGEHRLTNNKGVTTVHRFEKENRIWTVVLESYVVDMPEGNSEDDTRMAVDTVVKLNLQKLATVAEAMARN
120,P,A120P,False,-4.54,-4.99,non-binder,non-binder,59Q;81V;83V;92M;94E;108V;110I;117L;120P;122G;141E;159A;160V;163V;164V;167N,MASELTPEERSELKNSIAEFHTYQLDPGSCSSLHAQRIHAPPELVWSIVRRFDKPQTYQHFIKSCSVEQNFEMRVGCTRDVIVISGLPANTMTERLDILDDERRVTGVSIIGGEHRLTNPKGVTTVHRFEKENRIWTVVLESYVVDMPEGNSEDDTRMAVDTVVKLNLQKLATVAEAMARN
120,Q,A120Q,False,-5.24,-7.52,non-binder,non-binder,59Q;81V;83V;92M;94E;108V;110I;117L;120Q;122G;141E;159A;160V;163V;164V;167N,MASELTPEERSELKNSIAEFHTYQLDPGSCSSLHAQRIHAPPELVWSIVRRFDKPQTYQHFIKSCSVEQNFEMRVGCTRDVIVISGLPANTMTERLDILDDERRVTGVSIIGGEHRLTNQKGVTTVHRFEKENRIWTVVLESYVVDMPEGNSEDDTRMAVDTVVKLNLQKLATVAEAMARN
120,R,A120R,False,-5.85,-5.54,non-binder,non-binder,59Q;81V;83V;92M;94E;108V;110I;117L;120R;122G;141E;159A;160V;163V;164V;167N,MASELTPEERSELKNSIAEFHTYQLDPGSCSSLHAQRIHAPPELVWSIVRRFDKPQTYQHFIKSCSVEQNFEMRVGCTRDVIVISGLPANTMTERLDILDDERRVTGVSIIGGEHRLTNRKGVTTVHRFEKENRIWTVVLESYVVDMPEGNSEDDTRMAVDTVVKLNLQKLATVAEAMARN
120,S,A120S,False,-5.07,-5.6,non-binder,non-binder,59Q;81V;83V;92M;94E;108V;110I;117L;120S;122G;141E;159A;160V;163V;164V;167N,MASELTPEERSELKNSIAEFHTYQLDPGSCSSLHAQRIHAPPELVWSIVRRFDKPQTYQHFIKSCSVEQNFEMRVGCTRDVIVISGLPANTMTERLDILDDERRVTGVSIIGGEHRLTNSKGVTTVHRFEKENRIWTVVLESYVVDMPEGNSEDDTRMAVDTVVKLNLQKLATVAEAMARN
120,T,A120T,False,-4.18,-4.46,non-binder,non-binder,59Q;81V;83V;92M;94E;108V;110I;117L;120T;122G;141E;159A;160V;163V;164V;167N,MASELTPEERSELKNSIAEFHTYQLDPGSCSSLHAQRIHAPPELVWSIVRRFDKPQTYQHFIKSCSVEQNFEMRVGCTRDVIVISGLPANTMTERLDILDDERRVTGVSIIGGEHRLTNTKGVTTVHRFEKENRIWTVVLESYVVDMPEGNSEDDTRMAVDTVVKLNLQKLATVAEAMARN
120,V,A120V,False,-5.08,-5.3,non-binder,non-binder,59Q;81V;83V;92M;94E;108V;110I;117L;120V;122G;141E;159A;160V;163V;164V;167N,MASELTPEERSELKNSIAEFHTYQLDPGSCSSLHAQRIHAPPELVWSIVRRFDKPQTYQHFIKSCSVEQNFEMRVGCTRDVIVISGLPANTMTERLDILDDERRVTGVSIIGGEHRLTNVKGVTTVHRFEKENRIWTVVLESYVVDMPEGNSEDDTRMAVDTVVKLNLQKLATVAEAMARN
120,W,A120W,False,-5.36,-5.64,non-binder,non-binder,59Q;81V;83V;92M;94E;108V;110I;117L;120W;122G;141E;159A;160V;163V;164V;167N,MASELTPEERSELKNSIAEFHTYQLDPGSCSSLHAQRIHAPPELVWSIVRRFDKPQTYQHFIKSCSVEQNFEMRVGCTRDVIVISGLPANTMTERLDILDDERRVTGVSIIGGEHRLTNWKGVTTVHRFEKENRIWTVVLESYVVDMPEGNSEDDTRMAVDTVVKLNLQKLATVAEAMARN
120,Y,A120Y,False,-0.71,-2.86,binder,ambiguous,59Q;81V;83V;92M;94E;108V;110I;117L;120Y;122G;141E;159A;160V;163V;164V;167N,MASELTPEERSELKNSIAEFHTYQLDPGSCSSLHAQRIHAPPELVWSIVRRFDKPQTYQHFIKSCSVEQNFEMRVGCTRDVIVISGLPANTMTERLDILDDERRVTGVSIIGGEHRLTNYKGVTTVHRFEKENRIWTVVLESYVVDMPEGNSEDDTRMAVDTVVKLNLQKLATVAEAMARN
122,A,G122A,False,1.57,-4.4,binder,non-binder,59Q;81V;83V;92M;94E;108V;110I;117L;120A;122A;141E;159A;160V;163V;164V;167N,MASELTPEERSELKNSIAEFHTYQLDPGSCSSLHAQRIHAPPELVWSIVRRFDKPQTYQHFIKSCSVEQNFEMRVGCTRDVIVISGLPANTMTERLDILDDERRVTGVSIIGGEHRLTNAKAVTTVHRFEKENRIWTVVLESYVVDMPEGNSEDDTRMAVDTVVKLNLQKLATVAEAMARN
122,C,G122C,False,-3.58,-5.18,non-binder,non-binder,59Q;81V;83V;92M;94E;108V;110I;117L;120A;122C;141E;159A;160V;163V;164V;167N,MASELTPEERSELKNSIAEFHTYQLDPGSCSSLHAQRIHAPPELVWSIVRRFDKPQTYQHFIKSCSVEQNFEMRVGCTRDVIVISGLPANTMTERLDILDDERRVTGVSIIGGEHRLTNAKCVTTVHRFEKENRIWTVVLESYVVDMPEGNSEDDTRMAVDTVVKLNLQKLATVAEAMARN
122,D,G122D,False,1.26,-3.29,binder,non-binder,59Q;81V;83V;92M;94E;108V;110I;117L;120A;122D;141E;159A;160V;163V;164V;167N,MASELTPEERSELKNSIAEFHTYQLDPGSCSSLHAQRIHAPPELVWSIVRRFDKPQTYQHFIKSCSVEQNFEMRVGCTRDVIVISGLPANTMTERLDILDDERRVTGVSIIGGEHRLTNAKDVTTVHRFEKENRIWTVVLESYVVDMPEGNSEDDTRMAVDTVVKLNLQKLATVAEAMARN
122,E,G122E,False,1.5,-3.3,binder,non-binder,59Q;81V;83V;92M;94E;108V;110I;117L;120A;122E;141E;159A;160V;163V;164V;167N,MASELTPEERSELKNSIAEFHTYQLDPGSCSSLHAQRIHAPPELVWSIVRRFDKPQTYQHFIKSCSVEQNFEMRVGCTRDVIVISGLPANTMTERLDILDDERRVTGVSIIGGEHRLTNAKEVTTVHRFEKENRIWTVVLESYVVDMPEGNSEDDTRMAVDTVVKLNLQKLATVAEAMARN
122,F,G122F,False,-5.52,-5.92,non-binder,non-binder,59Q;81V;83V;92M;94E;108V;110I;117L;120A;122F;141E;159A;160V;163V;164V;167N,MASELTPEERSELKNSIAEFHTYQLDPGSCSSLHAQRIHAPPELVWSIVRRFDKPQTYQHFIKSCSVEQNFEMRVGCTRDVIVISGLPANTMTERLDILDDERRVTGVSIIGGEHRLTNAKFVTTVHRFEKENRIWTVVLESYVVDMPEGNSEDDTRMAVDTVVKLNLQKLATVAEAMARN
122,G,122G(base),True,0.0,0.0,binder,binder,59Q;81V;83V;92M;94E;108V;110I;117L;120A;122G;141E;159A;160V;163V;164V;167N,MASELTPEERSELKNSIAEFHTYQLDPGSCSSLHAQRIHAPPELVWSIVRRFDKPQTYQHFIKSCSVEQNFEMRVGCTRDVIVISGLPANTMTERLDILDDERRVTGVSIIGGEHRLTNAKGVTTVHRFEKENRIWTVVLESYVVDMPEGNSEDDTRMAVDTVVKLNLQKLATVAEAMARN
122,H,G122H,False,-5.28,-5.56,non-binder,non-binder,59Q;81V;83V;92M;94E;108V;110I;117L;120A;122H;141E;159A;160V;163V;164V;167N,MASELTPEERSELKNSIAEFHTYQLDPGSCSSLHAQRIHAPPELVWSIVRRFDKPQTYQHFIKSCSVEQNFEMRVGCTRDVIVISGLPANTMTERLDILDDERRVTGVSIIGGEHRLTNAKHVTTVHRFEKENRIWTVVLESYVVDMPEGNSEDDTRMAVDTVVKLNLQKLATVAEAMARN
122,I,G122I,False,-4.86,-4.73,non-binder,non-binder,59Q;81V;83V;92M;94E;108V;110I;117L;120A;122I;141E;159A;160V;163V;164V;167N,MASELTPEERSELKNSIAEFHTYQLDPGSCSSLHAQRIHAPPELVWSIVRRFDKPQTYQHFIKSCSVEQNFEMRVGCTRDVIVISGLPANTMTERLDILDDERRVTGVSIIGGEHRLTNAKIVTTVHRFEKENRIWTVVLESYVVDMPEGNSEDDTRMAVDTVVKLNLQKLATVAEAMARN
122,K,G122K,False,-4.6,-5.29,non-binder,non-binder,59Q;81V;83V;92M;94E;108V;110I;117L;120A;122K;141E;159A;160V;163V;164V;167N,MASELTPEERSELKNSIAEFHTYQLDPGSCSSLHAQRIHAPPELVWSIVRRFDKPQTYQHFIKSCSVEQNFEMRVGCTRDVIVISGLPANTMTERLDILDDERRVTGVSIIGGEHRLTNAKKVTTVHRFEKENRIWTVVLESYVVDMPEGNSEDDTRMAVDTVVKLNLQKLATVAEAMARN
122,L,G122L,False,-4.98,-4.98,non-binder,non-binder,59Q;81V;83V;92M;94E;108V;110I;117L;120A;122L;141E;159A;160V;163V;164V;167N,MASELTPEERSELKNSIAEFHTYQLDPGSCSSLHAQRIHAPPELVWSIVRRFDKPQTYQHFIKSCSVEQNFEMRVGCTRDVIVISGLPANTMTERLDILDDERRVTGVSIIGGEHRLTNAKLVTTVHRFEKENRIWTVVLESYVVDMPEGNSEDDTRMAVDTVVKLNLQKLATVAEAMARN
122,M,G122M,False,-5.31,-4.45,non-binder,non-binder,59Q;81V;83V;92M;94E;108V;110I;117L;120A;122M;141E;159A;160V;163V;164V;167N,MASELTPEERSELKNSIAEFHTYQLDPGSCSSLHAQRIHAPPELVWSIVRRFDKPQTYQHFIKSCSVEQNFEMRVGCTRDVIVISGLPANTMTERLDILDDERRVTGVSIIGGEHRLTNAKMVTTVHRFEKENRIWTVVLESYVVDMPEGNSEDDTRMAVDTVVKLNLQKLATVAEAMARN
122,N,G122N,False,-5.13,-4.89,non-binder,non-binder,59Q;81V;83V;92M;94E;108V;110I;117L;120A;122N;141E;159A;160V;163V;164V;167N,MASELTPEERSELKNSIAEFHTYQLDPGSCSSLHAQRIHAPPELVWSIVRRFDKPQTYQHFIKSCSVEQNFEMRVGCTRDVIVISGLPANTMTERLDILDDERRVTGVSIIGGEHRLTNAKNVTTVHRFEKENRIWTVVLESYVVDMPEGNSEDDTRMAVDTVVKLNLQKLATVAEAMARN
122,P,G122P,False,-5.07,-5.52,non-binder,non-binder,59Q;81V;83V;92M;94E;108V;110I;117L;120A;122P;141E;159A;160V;163V;164V;167N,MASELTPEERSELKNSIAEFHTYQLDPGSCSSLHAQRIHAPPELVWSIVRRFDKPQTYQHFIKSCSVEQNFEMRVGCTRDVIVISGLPANTMTERLDILDDERRVTGVSIIGGEHRLTNAKPVTTVHRFEKENRIWTVVLESYVVDMPEGNSEDDTRMAVDTVVKLNLQKLATVAEAMARN
122,Q,G122Q,False,-0.69,-5.04,binder,non-binder,59Q;81V;83V;92M;94E;108V;110I;117L;120A;122Q;141E;159A;160V;163V;164V;167N,MASELTPEERSELKNSIAEFHTYQLDPGSCSSLHAQRIHAPPELVWSIVRRFDKPQTYQHFIKSCSVEQNFEMRVGCTRDVIVISGLPANTMTERLDILDDERRVTGVSIIGGEHRLTNAKQVTTVHRFEKENRIWTVVLESYVVDMPEGNSEDDTRMAVDTVVKLNLQKLATVAEAMARN
122,R,G122R,False,-6.29,-5.17,non-binder,non-binder,59Q;81V;83V;92M;94E;108V;110I;117L;120A;122R;141E;159A;160V;163V;164V;167N,MASELTPEERSELKNSIAEFHTYQLDPGSCSSLHAQRIHAPPELVWSIVRRFDKPQTYQHFIKSCSVEQNFEMRVGCTRDVIVISGLPANTMTERLDILDDERRVTGVSIIGGEHRLTNAKRVTTVHRFEKENRIWTVVLESYVVDMPEGNSEDDTRMAVDTVVKLNLQKLATVAEAMARN
122,S,G122S,False,0.69,-5.22,binder,non-binder,59Q;81V;83V;92M;94E;108V;110I;117L;120A;122S;141E;159A;160V;163V;164V;167N,MASELTPEERSELKNSIAEFHTYQLDPGSCSSLHAQRIHAPPELVWSIVRRFDKPQTYQHFIKSCSVEQNFEMRVGCTRDVIVISGLPANTMTERLDILDDERRVTGVSIIGGEHRLTNAKSVTTVHRFEKENRIWTVVLESYVVDMPEGNSEDDTRMAVDTVVKLNLQKLATVAEAMARN
122,T,G122T,False,-6.18,-5.57,non-binder,non-binder,59Q;81V;83V;92M;94E;108V;110I;117L;120A;122T;141E;159A;160V;163V;164V;167N,MASELTPEERSELKNSIAEFHTYQLDPGSCSSLHAQRIHAPPELVWSIVRRFDKPQTYQHFIKSCSVEQNFEMRVGCTRDVIVISGLPANTMTERLDILDDERRVTGVSIIGGEHRLTNAKTVTTVHRFEKENRIWTVVLESYVVDMPEGNSEDDTRMAVDTVVKLNLQKLATVAEAMARN
122,V,G122V,False,-5.5,-5.35,non-binder,non-binder,59Q;81V;83V;92M;94E;108V;110I;117L;120A;122V;141E;159A;160V;163V;164V;167N,MASELTPEERSELKNSIAEFHTYQLDPGSCSSLHAQRIHAPPELVWSIVRRFDKPQTYQHFIKSCSVEQNFEMRVGCTRDVIVISGLPANTMTERLDILDDERRVTGVSIIGGEHRLTNAKVVTTVHRFEKENRIWTVVLESYVVDMPEGNSEDDTRMAVDTVVKLNLQKLATVAEAMARN
122,W,G122W,False,-7.96,-5.91,non-binder,non-binder,59Q;81V;83V;92M;94E;108V;110I;117L;120A;122W;141E;159A;160V;163V;164V;167N,MASELTPEERSELKNSIAEFHTYQLDPGSCSSLHAQRIHAPPELVWSIVRRFDKPQTYQHFIKSCSVEQNFEMRVGCTRDVIVISGLPANTMTERLDILDDERRVTGVSIIGGEHRLTNAKWVTTVHRFEKENRIWTVVLESYVVDMPEGNSEDDTRMAVDTVVKLNLQKLATVAEAMARN
122,Y,G122Y,False,-4.43,-5.77,non-binder,non-binder,59Q;81V;83V;92M;94E;108V;110I;117L;120A;122Y;141E;159A;160V;163V;164V;167N,MASELTPEERSELKNSIAEFHTYQLDPGSCSSLHAQRIHAPPELVWSIVRRFDKPQTYQHFIKSCSVEQNFEMRVGCTRDVIVISGLPANTMTERLDILDDERRVTGVSIIGGEHRLTNAKYVTTVHRFEKENRIWTVVLESYVVDMPEGNSEDDTRMAVDTVVKLNLQKLATVAEAMARN
141,A,E141A,False,-4.2,-5.02,non-binder,non-binder,59Q;81V;83V;92M;94E;108V;110I;117L;120A;122G;141A;159A;160V;163V;164V;167N,MASELTPEERSELKNSIAEFHTYQLDPGSCSSLHAQRIHAPPELVWSIVRRFDKPQTYQHFIKSCSVEQNFEMRVGCTRDVIVISGLPANTMTERLDILDDERRVTGVSIIGGEHRLTNAKGVTTVHRFEKENRIWTVVLASYVVDMPEGNSEDDTRMAVDTVVKLNLQKLATVAEAMARN
141,C,E141C,False,-4.28,-4.92,non-binder,non-binder,59Q;81V;83V;92M;94E;108V;110I;117L;120A;122G;141C;159A;160V;163V;164V;167N,MASELTPEERSELKNSIAEFHTYQLDPGSCSSLHAQRIHAPPELVWSIVRRFDKPQTYQHFIKSCSVEQNFEMRVGCTRDVIVISGLPANTMTERLDILDDERRVTGVSIIGGEHRLTNAKGVTTVHRFEKENRIWTVVLCSYVVDMPEGNSEDDTRMAVDTVVKLNLQKLATVAEAMARN
141,D,E141D,False,-0.26,0.37,binder,binder,59Q;81V;83V;92M;94E;108V;110I;117L;120A;122G;141D;159A;160V;163V;164V;167N,MASELTPEERSELKNSIAEFHTYQLDPGSCSSLHAQRIHAPPELVWSIVRRFDKPQTYQHFIKSCSVEQNFEMRVGCTRDVIVISGLPANTMTERLDILDDERRVTGVSIIGGEHRLTNAKGVTTVHRFEKENRIWTVVLDSYVVDMPEGNSEDDTRMAVDTVVKLNLQKLATVAEAMARN
141,E,141E(base),True,0.0,0.0,binder,binder,59Q;81V;83V;92M;94E;108V;110I;117L;120A;122G;141E;159A;160V;163V;164V;167N,MASELTPEERSELKNSIAEFHTYQLDPGSCSSLHAQRIHAPPELVWSIVRRFDKPQTYQHFIKSCSVEQNFEMRVGCTRDVIVISGLPANTMTERLDILDDERRVTGVSIIGGEHRLTNAKGVTTVHRFEKENRIWTVVLESYVVDMPEGNSEDDTRMAVDTVVKLNLQKLATVAEAMARN
141,F,E141F,False,-7.72,-5.83,non-binder,non-binder,59Q;81V;83V;92M;94E;108V;110I;117L;120A;122G;141F;159A;160V;163V;164V;167N,MASELTPEERSELKNSIAEFHTYQLDPGSCSSLHAQRIHAPPELVWSIVRRFDKPQTYQHFIKSCSVEQNFEMRVGCTRDVIVISGLPANTMTERLDILDDERRVTGVSIIGGEHRLTNAKGVTTVHRFEKENRIWTVVLFSYVVDMPEGNSEDDTRMAVDTVVKLNLQKLATVAEAMARN
141,G,E141G,False,-3.01,-3.71,non-binder,non-binder,59Q;81V;83V;92M;94E;108V;110I;117L;120A;122G;141G;159A;160V;163V;164V;167N,MASELTPEERSELKNSIAEFHTYQLDPGSCSSLHAQRIHAPPELVWSIVRRFDKPQTYQHFIKSCSVEQNFEMRVGCTRDVIVISGLPANTMTERLDILDDERRVTGVSIIGGEHRLTNAKGVTTVHRFEKENRIWTVVLGSYVVDMPEGNSEDDTRMAVDTVVKLNLQKLATVAEAMARN
141,H,E141H,False,-5.24,-4.71,non-binder,non-binder,59Q;81V;83V;92M;94E;108V;110I;117L;120A;122G;141H;159A;160V;163V;164V;167N,MASELTPEERSELKNSIAEFHTYQLDPGSCSSLHAQRIHAPPELVWSIVRRFDKPQTYQHFIKSCSVEQNFEMRVGCTRDVIVISGLPANTMTERLDILDDERRVTGVSIIGGEHRLTNAKGVTTVHRFEKENRIWTVVLHSYVVDMPEGNSEDDTRMAVDTVVKLNLQKLATVAEAMARN
141,I,E141I,False,-5.41,-5.47,non-binder,non-binder,59Q;81V;83V;92M;94E;108V;110I;117L;120A;122G;141I;159A;160V;163V;164V;167N,MASELTPEERSELKNSIAEFHTYQLDPGSCSSLHAQRIHAPPELVWSIVRRFDKPQTYQHFIKSCSVEQNFEMRVGCTRDVIVISGLPANTMTERLDILDDERRVTGVSIIGGEHRLTNAKGVTTVHRFEKENRIWTVVLISYVVDMPEGNSEDDTRMAVDTVVKLNLQKLATVAEAMARN
141,K,E141K,False,-2.44,-4.04,ambiguous,non-binder,59Q;81V;83V;92M;94E;108V;110I;117L;120A;122G;141K;159A;160V;163V;164V;167N,MASELTPEERSELKNSIAEFHTYQLDPGSCSSLHAQRIHAPPELVWSIVRRFDKPQTYQHFIKSCSVEQNFEMRVGCTRDVIVISGLPANTMTERLDILDDERRVTGVSIIGGEHRLTNAKGVTTVHRFEKENRIWTVVLKSYVVDMPEGNSEDDTRMAVDTVVKLNLQKLATVAEAMARN
141,L,E141L,False,-4.69,-5.07,non-binder,non-binder,59Q;81V;83V;92M;94E;108V;110I;117L;120A;122G;141L;159A;160V;163V;164V;167N,MASELTPEERSELKNSIAEFHTYQLDPGSCSSLHAQRIHAPPELVWSIVRRFDKPQTYQHFIKSCSVEQNFEMRVGCTRDVIVISGLPANTMTERLDILDDERRVTGVSIIGGEHRLTNAKGVTTVHRFEKENRIWTVVLLSYVVDMPEGNSEDDTRMAVDTVVKLNLQKLATVAEAMARN
141,M,E141M,False,-6.04,-6.32,non-binder,non-binder,59Q;81V;83V;92M;94E;108V;110I;117L;120A;122G;141M;159A;160V;163V;164V;167N,MASELTPEERSELKNSIAEFHTYQLDPGSCSSLHAQRIHAPPELVWSIVRRFDKPQTYQHFIKSCSVEQNFEMRVGCTRDVIVISGLPANTMTERLDILDDERRVTGVSIIGGEHRLTNAKGVTTVHRFEKENRIWTVVLMSYVVDMPEGNSEDDTRMAVDTVVKLNLQKLATVAEAMARN
141,N,E141N,False,-4.18,-6.04,non-binder,non-binder,59Q;81V;83V;92M;94E;108V;110I;117L;120A;122G;141N;159A;160V;163V;164V;167N,MASELTPEERSELKNSIAEFHTYQLDPGSCSSLHAQRIHAPPELVWSIVRRFDKPQTYQHFIKSCSVEQNFEMRVGCTRDVIVISGLPANTMTERLDILDDERRVTGVSIIGGEHRLTNAKGVTTVHRFEKENRIWTVVLNSYVVDMPEGNSEDDTRMAVDTVVKLNLQKLATVAEAMARN
141,P,E141P,False,-1.37,-2.91,ambiguous,ambiguous,59Q;81V;83V;92M;94E;108V;110I;117L;120A;122G;141P;159A;160V;163V;164V;167N,MASELTPEERSELKNSIAEFHTYQLDPGSCSSLHAQRIHAPPELVWSIVRRFDKPQTYQHFIKSCSVEQNFEMRVGCTRDVIVISGLPANTMTERLDILDDERRVTGVSIIGGEHRLTNAKGVTTVHRFEKENRIWTVVLPSYVVDMPEGNSEDDTRMAVDTVVKLNLQKLATVAEAMARN
141,Q,E141Q,False,-1.37,-0.09,ambiguous,binder,59Q;81V;83V;92M;94E;108V;110I;117L;120A;122G;141Q;159A;160V;163V;164V;167N,MASELTPEERSELKNSIAEFHTYQLDPGSCSSLHAQRIHAPPELVWSIVRRFDKPQTYQHFIKSCSVEQNFEMRVGCTRDVIVISGLPANTMTERLDILDDERRVTGVSIIGGEHRLTNAKGVTTVHRFEKENRIWTVVLQSYVVDMPEGNSEDDTRMAVDTVVKLNLQKLATVAEAMARN
141,R,E141R,False,-2.6,-1.99,ambiguous,ambiguous,59Q;81V;83V;92M;94E;108V;110I;117L;120A;122G;141R;159A;160V;163V;164V;167N,MASELTPEERSELKNSIAEFHTYQLDPGSCSSLHAQRIHAPPELVWSIVRRFDKPQTYQHFIKSCSVEQNFEMRVGCTRDVIVISGLPANTMTERLDILDDERRVTGVSIIGGEHRLTNAKGVTTVHRFEKENRIWTVVLRSYVVDMPEGNSEDDTRMAVDTVVKLNLQKLATVAEAMARN
141,S,E141S,False,-1.5,-4.56,ambiguous,non-binder,59Q;81V;83V;92M;94E;108V;110I;117L;120A;122G;141S;159A;160V;163V;164V;167N,MASELTPEERSELKNSIAEFHTYQLDPGSCSSLHAQRIHAPPELVWSIVRRFDKPQTYQHFIKSCSVEQNFEMRVGCTRDVIVISGLPANTMTERLDILDDERRVTGVSIIGGEHRLTNAKGVTTVHRFEKENRIWTVVLSSYVVDMPEGNSEDDTRMAVDTVVKLNLQKLATVAEAMARN
141,T,E141T,False,-2.89,-4.75,ambiguous,non-binder,59Q;81V;83V;92M;94E;108V;110I;117L;120A;122G;141T;159A;160V;163V;164V;167N,MASELTPEERSELKNSIAEFHTYQLDPGSCSSLHAQRIHAPPELVWSIVRRFDKPQTYQHFIKSCSVEQNFEMRVGCTRDVIVISGLPANTMTERLDILDDERRVTGVSIIGGEHRLTNAKGVTTVHRFEKENRIWTVVLTSYVVDMPEGNSEDDTRMAVDTVVKLNLQKLATVAEAMARN
141,V,E141V,False,-5.54,-5.11,non-binder,non-binder,59Q;81V;83V;92M;94E;108V;110I;117L;120A;122G;141V;159A;160V;163V;164V;167N,MASELTPEERSELKNSIAEFHTYQLDPGSCSSLHAQRIHAPPELVWSIVRRFDKPQTYQHFIKSCSVEQNFEMRVGCTRDVIVISGLPANTMTERLDILDDERRVTGVSIIGGEHRLTNAKGVTTVHRFEKENRIWTVVLVSYVVDMPEGNSEDDTRMAVDTVVKLNLQKLATVAEAMARN
141,W,E141W,False,-7.38,-5.34,non-binder,non-binder,59Q;81V;83V;92M;94E;108V;110I;117L;120A;122G;141W;159A;160V;163V;164V;167N,MASELTPEERSELKNSIAEFHTYQLDPGSCSSLHAQRIHAPPELVWSIVRRFDKPQTYQHFIKSCSVEQNFEMRVGCTRDVIVISGLPANTMTERLDILDDERRVTGVSIIGGEHRLTNAKGVTTVHRFEKENRIWTVVLWSYVVDMPEGNSEDDTRMAVDTVVKLNLQKLATVAEAMARN
141,Y,E141Y,False,-4.09,-5.26,non-binder,non-binder,59Q;81V;83V;92M;94E;108V;110I;117L;120A;122G;141Y;159A;160V;163V;164V;167N,MASELTPEERSELKNSIAEFHTYQLDPGSCSSLHAQRIHAPPELVWSIVRRFDKPQTYQHFIKSCSVEQNFEMRVGCTRDVIVISGLPANTMTERLDILDDERRVTGVSIIGGEHRLTNAKGVTTVHRFEKENRIWTVVLYSYVVDMPEGNSEDDTRMAVDTVVKLNLQKLATVAEAMARN
159,A,159A(base),True,0.0,0.0,binder,binder,59Q;81V;83V;92M;94E;108V;110I;117L;120A;122G;141E;159A;160V;163V;164V;167N,MASELTPEERSELKNSIAEFHTYQLDPGSCSSLHAQRIHAPPELVWSIVRRFDKPQTYQHFIKSCSVEQNFEMRVGCTRDVIVISGLPANTMTERLDILDDERRVTGVSIIGGEHRLTNAKGVTTVHRFEKENRIWTVVLESYVVDMPEGNSEDDTRMAVDTVVKLNLQKLATVAEAMARN
159,C,A159C,False,-4.09,,non-binder,missing,59Q;81V;83V;92M;94E;108V;110I;117L;120A;122G;141E;159C;160V;163V;164V;167N,MASELTPEERSELKNSIAEFHTYQLDPGSCSSLHAQRIHAPPELVWSIVRRFDKPQTYQHFIKSCSVEQNFEMRVGCTRDVIVISGLPANTMTERLDILDDERRVTGVSIIGGEHRLTNAKGVTTVHRFEKENRIWTVVLESYVVDMPEGNSEDDTRMCVDTVVKLNLQKLATVAEAMARN
159,D,A159D,False,-3.54,-1.23,non-binder,ambiguous,59Q;81V;83V;92M;94E;108V;110I;117L;120A;122G;141E;159D;160V;163V;164V;167N,MASELTPEERSELKNSIAEFHTYQLDPGSCSSLHAQRIHAPPELVWSIVRRFDKPQTYQHFIKSCSVEQNFEMRVGCTRDVIVISGLPANTMTERLDILDDERRVTGVSIIGGEHRLTNAKGVTTVHRFEKENRIWTVVLESYVVDMPEGNSEDDTRMDVDTVVKLNLQKLATVAEAMARN
159,E,A159E,False,,,missing,missing,59Q;81V;83V;92M;94E;108V;110I;117L;120A;122G;141E;159E;160V;163V;164V;167N,MASELTPEERSELKNSIAEFHTYQLDPGSCSSLHAQRIHAPPELVWSIVRRFDKPQTYQHFIKSCSVEQNFEMRVGCTRDVIVISGLPANTMTERLDILDDERRVTGVSIIGGEHRLTNAKGVTTVHRFEKENRIWTVVLESYVVDMPEGNSEDDTRMEVDTVVKLNLQKLATVAEAMARN
159,F,A159F,False,-4.18,-4.58,non-binder,non-binder,59Q;81V;83V;92M;94E;108V;110I;117L;120A;122G;141E;159F;160V;163V;164V;167N,MASELTPEERSELKNSIAEFHTYQLDPGSCSSLHAQRIHAPPELVWSIVRRFDKPQTYQHFIKSCSVEQNFEMRVGCTRDVIVISGLPANTMTERLDILDDERRVTGVSIIGGEHRLTNAKGVTTVHRFEKENRIWTVVLESYVVDMPEGNSEDDTRMFVDTVVKLNLQKLATVAEAMARN
159,G,A159G,False,-4.13,-2.82,non-binder,ambiguous,59Q;81V;83V;92M;94E;108V;110I;117L;120A;122G;141E;159G;160V;163V;164V;167N,MASELTPEERSELKNSIAEFHTYQLDPGSCSSLHAQRIHAPPELVWSIVRRFDKPQTYQHFIKSCSVEQNFEMRVGCTRDVIVISGLPANTMTERLDILDDERRVTGVSIIGGEHRLTNAKGVTTVHRFEKENRIWTVVLESYVVDMPEGNSEDDTRMGVDTVVKLNLQKLATVAEAMARN
159,H,A159H,False,1.98,1.54,binder,binder,59Q;81V;83V;92M;94E;108V;110I;117L;120A;122G;141E;159H;160V;163V;164V;167N,MASELTPEERSELKNSIAEFHTYQLDPGSCSSLHAQRIHAPPELVWSIVRRFDKPQTYQHFIKSCSVEQNFEMRVGCTRDVIVISGLPANTMTERLDILDDERRVTGVSIIGGEHRLTNAKGVTTVHRFEKENRIWTVVLESYVVDMPEGNSEDDTRMHVDTVVKLNLQKLATVAEAMARN
159,I,A159I,False,-5.37,-5.65,non-binder,non-binder,59Q;81V;83V;92M;94E;108V;110I;117L;120A;122G;141E;159I;160V;163V;164V;167N,MASELTPEERSELKNSIAEFHTYQLDPGSCSSLHAQRIHAPPELVWSIVRRFDKPQTYQHFIKSCSVEQNFEMRVGCTRDVIVISGLPANTMTERLDILDDERRVTGVSIIGGEHRLTNAKGVTTVHRFEKENRIWTVVLESYVVDMPEGNSEDDTRMIVDTVVKLNLQKLATVAEAMARN
159,K,A159K,False,-2.22,,ambiguous,missing,59Q;81V;83V;92M;94E;108V;110I;117L;120A;122G;141E;159K;160V;163V;164V;167N,MASELTPEERSELKNSIAEFHTYQLDPGSCSSLHAQRIHAPPELVWSIVRRFDKPQTYQHFIKSCSVEQNFEMRVGCTRDVIVISGLPANTMTERLDILDDERRVTGVSIIGGEHRLTNAKGVTTVHRFEKENRIWTVVLESYVVDMPEGNSEDDTRMKVDTVVKLNLQKLATVAEAMARN
159,L,A159L,False,-4.88,-5.31,non-binder,non-binder,59Q;81V;83V;92M;94E;108V;110I;117L;120A;122G;141E;159L;160V;163V;164V;167N,MASELTPEERSELKNSIAEFHTYQLDPGSCSSLHAQRIHAPPELVWSIVRRFDKPQTYQHFIKSCSVEQNFEMRVGCTRDVIVISGLPANTMTERLDILDDERRVTGVSIIGGEHRLTNAKGVTTVHRFEKENRIWTVVLESYVVDMPEGNSEDDTRMLVDTVVKLNLQKLATVAEAMARN
159,M,A159M,False,-4.88,-4.48,non-binder,non-binder,59Q;81V;83V;92M;94E;108V;110I;117L;120A;122G;141E;159M;160V;163V;164V;167N,MASELTPEERSELKNSIAEFHTYQLDPGSCSSLHAQRIHAPPELVWSIVRRFDKPQTYQHFIKSCSVEQNFEMRVGCTRDVIVISGLPANTMTERLDILDDERRVTGVSIIGGEHRLTNAKGVTTVHRFEKENRIWTVVLESYVVDMPEGNSEDDTRMMVDTVVKLNLQKLATVAEAMARN
159,N,A159N,False,-4.86,-6.14,non-binder,non-binder,59Q;81V;83V;92M;94E;108V;110I;117L;120A;122G;141E;159N;160V;163V;164V;167N,MASELTPEERSELKNSIAEFHTYQLDPGSCSSLHAQRIHAPPELVWSIVRRFDKPQTYQHFIKSCSVEQNFEMRVGCTRDVIVISGLPANTMTERLDILDDERRVTGVSIIGGEHRLTNAKGVTTVHRFEKENRIWTVVLESYVVDMPEGNSEDDTRMNVDTVVKLNLQKLATVAEAMARN
159,P,A159P,False,-2.69,,ambiguous,missing,59Q;81V;83V;92M;94E;108V;110I;117L;120A;122G;141E;159P;160V;163V;164V;167N,MASELTPEERSELKNSIAEFHTYQLDPGSCSSLHAQRIHAPPELVWSIVRRFDKPQTYQHFIKSCSVEQNFEMRVGCTRDVIVISGLPANTMTERLDILDDERRVTGVSIIGGEHRLTNAKGVTTVHRFEKENRIWTVVLESYVVDMPEGNSEDDTRMPVDTVVKLNLQKLATVAEAMARN
159,Q,A159Q,False,-0.67,-5.4,binder,non-binder,59Q;81V;83V;92M;94E;108V;110I;117L;120A;122G;141E;159Q;160V;163V;164V;167N,MASELTPEERSELKNSIAEFHTYQLDPGSCSSLHAQRIHAPPELVWSIVRRFDKPQTYQHFIKSCSVEQNFEMRVGCTRDVIVISGLPANTMTERLDILDDERRVTGVSIIGGEHRLTNAKGVTTVHRFEKENRIWTVVLESYVVDMPEGNSEDDTRMQVDTVVKLNLQKLATVAEAMARN
159,R,A159R,False,-5.66,-4.93,non-binder,non-binder,59Q;81V;83V;92M;94E;108V;110I;117L;120A;122G;141E;159R;160V;163V;164V;167N,MASELTPEERSELKNSIAEFHTYQLDPGSCSSLHAQRIHAPPELVWSIVRRFDKPQTYQHFIKSCSVEQNFEMRVGCTRDVIVISGLPANTMTERLDILDDERRVTGVSIIGGEHRLTNAKGVTTVHRFEKENRIWTVVLESYVVDMPEGNSEDDTRMRVDTVVKLNLQKLATVAEAMARN
159,S,A159S,False,-4.39,-4.18,non-binder,non-binder,59Q;81V;83V;92M;94E;108V;110I;117L;120A;122G;141E;159S;160V;163V;164V;167N,MASELTPEERSELKNSIAEFHTYQLDPGSCSSLHAQRIHAPPELVWSIVRRFDKPQTYQHFIKSCSVEQNFEMRVGCTRDVIVISGLPANTMTERLDILDDERRVTGVSIIGGEHRLTNAKGVTTVHRFEKENRIWTVVLESYVVDMPEGNSEDDTRMSVDTVVKLNLQKLATVAEAMARN
159,T,A159T,False,-0.63,-0.33,binder,binder,59Q;81V;83V;92M;94E;108V;110I;117L;120A;122G;141E;159T;160V;163V;164V;167N,MASELTPEERSELKNSIAEFHTYQLDPGSCSSLHAQRIHAPPELVWSIVRRFDKPQTYQHFIKSCSVEQNFEMRVGCTRDVIVISGLPANTMTERLDILDDERRVTGVSIIGGEHRLTNAKGVTTVHRFEKENRIWTVVLESYVVDMPEGNSEDDTRMTVDTVVKLNLQKLATVAEAMARN
159,V,A159V,False,-0.59,-0.2,binder,binder,59Q;81V;83V;92M;94E;108V;110I;117L;120A;122G;141E;159V;160V;163V;164V;167N,MASELTPEERSELKNSIAEFHTYQLDPGSCSSLHAQRIHAPPELVWSIVRRFDKPQTYQHFIKSCSVEQNFEMRVGCTRDVIVISGLPANTMTERLDILDDERRVTGVSIIGGEHRLTNAKGVTTVHRFEKENRIWTVVLESYVVDMPEGNSEDDTRMVVDTVVKLNLQKLATVAEAMARN
159,W,A159W,False,-6.13,-3.08,non-binder,non-binder,59Q;81V;83V;92M;94E;108V;110I;117L;120A;122G;141E;159W;160V;163V;164V;167N,MASELTPEERSELKNSIAEFHTYQLDPGSCSSLHAQRIHAPPELVWSIVRRFDKPQTYQHFIKSCSVEQNFEMRVGCTRDVIVISGLPANTMTERLDILDDERRVTGVSIIGGEHRLTNAKGVTTVHRFEKENRIWTVVLESYVVDMPEGNSEDDTRMWVDTVVKLNLQKLATVAEAMARN
159,Y,A159Y,False,-4.96,-3.65,non-binder,non-binder,59Q;81V;83V;92M;94E;108V;110I;117L;120A;122G;141E;159Y;160V;163V;164V;167N,MASELTPEERSELKNSIAEFHTYQLDPGSCSSLHAQRIHAPPELVWSIVRRFDKPQTYQHFIKSCSVEQNFEMRVGCTRDVIVISGLPANTMTERLDILDDERRVTGVSIIGGEHRLTNAKGVTTVHRFEKENRIWTVVLESYVVDMPEGNSEDDTRMYVDTVVKLNLQKLATVAEAMARN
160,A,V160A,False,-3.4,-4.16,non-binder,non-binder,59Q;81V;83V;92M;94E;108V;110I;117L;120A;122G;141E;159A;160A;163V;164V;167N,MASELTPEERSELKNSIAEFHTYQLDPGSCSSLHAQRIHAPPELVWSIVRRFDKPQTYQHFIKSCSVEQNFEMRVGCTRDVIVISGLPANTMTERLDILDDERRVTGVSIIGGEHRLTNAKGVTTVHRFEKENRIWTVVLESYVVDMPEGNSEDDTRMAADTVVKLNLQKLATVAEAMARN
160,C,V160C,False,-3.96,-5.56,non-binder,non-binder,59Q;81V;83V;92M;94E;108V;110I;117L;120A;122G;141E;159A;160C;163V;164V;167N,MASELTPEERSELKNSIAEFHTYQLDPGSCSSLHAQRIHAPPELVWSIVRRFDKPQTYQHFIKSCSVEQNFEMRVGCTRDVIVISGLPANTMTERLDILDDERRVTGVSIIGGEHRLTNAKGVTTVHRFEKENRIWTVVLESYVVDMPEGNSEDDTRMACDTVVKLNLQKLATVAEAMARN
160,D,V160D,False,-2.63,-3.65,ambiguous,non-binder,59Q;81V;83V;92M;94E;108V;110I;117L;120A;122G;141E;159A;160D;163V;164V;167N,MASELTPEERSELKNSIAEFHTYQLDPGSCSSLHAQRIHAPPELVWSIVRRFDKPQTYQHFIKSCSVEQNFEMRVGCTRDVIVISGLPANTMTERLDILDDERRVTGVSIIGGEHRLTNAKGVTTVHRFEKENRIWTVVLESYVVDMPEGNSEDDTRMADDTVVKLNLQKLATVAEAMARN
160,E,V160E,False,-4.96,-4.5,non-binder,non-binder,59Q;81V;83V;92M;94E;108V;110I;117L;120A;122G;141E;159A;160E;163V;164V;167N,MASELTPEERSELKNSIAEFHTYQLDPGSCSSLHAQRIHAPPELVWSIVRRFDKPQTYQHFIKSCSVEQNFEMRVGCTRDVIVISGLPANTMTERLDILDDERRVTGVSIIGGEHRLTNAKGVTTVHRFEKENRIWTVVLESYVVDMPEGNSEDDTRMAEDTVVKLNLQKLATVAEAMARN
160,F,V160F,False,-6.66,-4.61,non-binder,non-binder,59Q;81V;83V;92M;94E;108V;110I;117L;120A;122G;141E;159A;160F;163V;164V;167N,MASELTPEERSELKNSIAEFHTYQLDPGSCSSLHAQRIHAPPELVWSIVRRFDKPQTYQHFIKSCSVEQNFEMRVGCTRDVIVISGLPANTMTERLDILDDERRVTGVSIIGGEHRLTNAKGVTTVHRFEKENRIWTVVLESYVVDMPEGNSEDDTRMAFDTVVKLNLQKLATVAEAMARN
160,G,V160G,False,-5.08,-5.36,non-binder,non-binder,59Q;81V;83V;92M;94E;108V;110I;117L;120A;122G;141E;159A;160G;163V;164V;167N,MASELTPEERSELKNSIAEFHTYQLDPGSCSSLHAQRIHAPPELVWSIVRRFDKPQTYQHFIKSCSVEQNFEMRVGCTRDVIVISGLPANTMTERLDILDDERRVTGVSIIGGEHRLTNAKGVTTVHRFEKENRIWTVVLESYVVDMPEGNSEDDTRMAGDTVVKLNLQKLATVAEAMARN
160,H,V160H,False,,,missing,missing,59Q;81V;83V;92M;94E;108V;110I;117L;120A;122G;141E;159A;160H;163V;164V;167N,MASELTPEERSELKNSIAEFHTYQLDPGSCSSLHAQRIHAPPELVWSIVRRFDKPQTYQHFIKSCSVEQNFEMRVGCTRDVIVISGLPANTMTERLDILDDERRVTGVSIIGGEHRLTNAKGVTTVHRFEKENRIWTVVLESYVVDMPEGNSEDDTRMAHDTVVKLNLQKLATVAEAMARN
160,I,V160I,False,-2.66,-3.13,ambiguous,non-binder,59Q;81V;83V;92M;94E;108V;110I;117L;120A;122G;141E;159A;160I;163V;164V;167N,MASELTPEERSELKNSIAEFHTYQLDPGSCSSLHAQRIHAPPELVWSIVRRFDKPQTYQHFIKSCSVEQNFEMRVGCTRDVIVISGLPANTMTERLDILDDERRVTGVSIIGGEHRLTNAKGVTTVHRFEKENRIWTVVLESYVVDMPEGNSEDDTRMAIDTVVKLNLQKLATVAEAMARN
160,K,V160K,False,,-5.56,missing,non-binder,59Q;81V;83V;92M;94E;108V;110I;117L;120A;122G;141E;159A;160K;163V;164V;167N,MASELTPEERSELKNSIAEFHTYQLDPGSCSSLHAQRIHAPPELVWSIVRRFDKPQTYQHFIKSCSVEQNFEMRVGCTRDVIVISGLPANTMTERLDILDDERRVTGVSIIGGEHRLTNAKGVTTVHRFEKENRIWTVVLESYVVDMPEGNSEDDTRMAKDTVVKLNLQKLATVAEAMARN
160,L,V160L,False,-4.98,-4.16,non-binder,non-binder,59Q;81V;83V;92M;94E;108V;110I;117L;120A;122G;141E;159A;160L;163V;164V;167N,MASELTPEERSELKNSIAEFHTYQLDPGSCSSLHAQRIHAPPELVWSIVRRFDKPQTYQHFIKSCSVEQNFEMRVGCTRDVIVISGLPANTMTERLDILDDERRVTGVSIIGGEHRLTNAKGVTTVHRFEKENRIWTVVLESYVVDMPEGNSEDDTRMALDTVVKLNLQKLATVAEAMARN
160,M,V160M,False,-4.13,-5.4,non-binder,non-binder,59Q;81V;83V;92M;94E;108V;110I;117L;120A;122G;141E;159A;160M;163V;164V;167N,MASELTPEERSELKNSIAEFHTYQLDPGSCSSLHAQRIHAPPELVWSIVRRFDKPQTYQHFIKSCSVEQNFEMRVGCTRDVIVISGLPANTMTERLDILDDERRVTGVSIIGGEHRLTNAKGVTTVHRFEKENRIWTVVLESYVVDMPEGNSEDDTRMAMDTVVKLNLQKLATVAEAMARN
160,N,V160N,False,,-3.65,missing,non-binder,59Q;81V;83V;92M;94E;108V;110I;117L;120A;122G;141E;159A;160N;163V;164V;167N,MASELTPEERSELKNSIAEFHTYQLDPGSCSSLHAQRIHAPPELVWSIVRRFDKPQTYQHFIKSCSVEQNFEMRVGCTRDVIVISGLPANTMTERLDILDDERRVTGVSIIGGEHRLTNAKGVTTVHRFEKENRIWTVVLESYVVDMPEGNSEDDTRMANDTVVKLNLQKLATVAEAMARN
160,P,V160P,False,-5.66,-5.93,non-binder,non-binder,59Q;81V;83V;92M;94E;108V;110I;117L;120A;122G;141E;159A;160P;163V;164V;167N,MASELTPEERSELKNSIAEFHTYQLDPGSCSSLHAQRIHAPPELVWSIVRRFDKPQTYQHFIKSCSVEQNFEMRVGCTRDVIVISGLPANTMTERLDILDDERRVTGVSIIGGEHRLTNAKGVTTVHRFEKENRIWTVVLESYVVDMPEGNSEDDTRMAPDTVVKLNLQKLATVAEAMARN
160,Q,V160Q,False,-3.54,,non-binder,missing,59Q;81V;83V;92M;94E;108V;110I;117L;120A;122G;141E;159A;160Q;163V;164V;167N,MASELTPEERSELKNSIAEFHTYQLDPGSCSSLHAQRIHAPPELVWSIVRRFDKPQTYQHFIKSCSVEQNFEMRVGCTRDVIVISGLPANTMTERLDILDDERRVTGVSIIGGEHRLTNAKGVTTVHRFEKENRIWTVVLESYVVDMPEGNSEDDTRMAQDTVVKLNLQKLATVAEAMARN
160,R,V160R,False,-5.49,-6.09,non-binder,non-binder,59Q;81V;83V;92M;94E;108V;110I;117L;120A;122G;141E;159A;160R;163V;164V;167N,MASELTPEERSELKNSIAEFHTYQLDPGSCSSLHAQRIHAPPELVWSIVRRFDKPQTYQHFIKSCSVEQNFEMRVGCTRDVIVISGLPANTMTERLDILDDERRVTGVSIIGGEHRLTNAKGVTTVHRFEKENRIWTVVLESYVVDMPEGNSEDDTRMARDTVVKLNLQKLATVAEAMARN
160,S,V160S,False,-4.69,-4.23,non-binder,non-binder,59Q;81V;83V;92M;94E;108V;110I;117L;120A;122G;141E;159A;160S;163V;164V;167N,MASELTPEERSELKNSIAEFHTYQLDPGSCSSLHAQRIHAPPELVWSIVRRFDKPQTYQHFIKSCSVEQNFEMRVGCTRDVIVISGLPANTMTERLDILDDERRVTGVSIIGGEHRLTNAKGVTTVHRFEKENRIWTVVLESYVVDMPEGNSEDDTRMASDTVVKLNLQKLATVAEAMARN
160,T,V160T,False,-4.68,-3.96,non-binder,non-binder,59Q;81V;83V;92M;94E;108V;110I;117L;120A;122G;141E;159A;160T;163V;164V;167N,MASELTPEERSELKNSIAEFHTYQLDPGSCSSLHAQRIHAPPELVWSIVRRFDKPQTYQHFIKSCSVEQNFEMRVGCTRDVIVISGLPANTMTERLDILDDERRVTGVSIIGGEHRLTNAKGVTTVHRFEKENRIWTVVLESYVVDMPEGNSEDDTRMATDTVVKLNLQKLATVAEAMARN
160,V,160V(base),True,0.0,0.0,binder,binder,59Q;81V;83V;92M;94E;108V;110I;117L;120A;122G;141E;159A;160V;163V;164V;167N,MASELTPEERSELKNSIAEFHTYQLDPGSCSSLHAQRIHAPPELVWSIVRRFDKPQTYQHFIKSCSVEQNFEMRVGCTRDVIVISGLPANTMTERLDILDDERRVTGVSIIGGEHRLTNAKGVTTVHRFEKENRIWTVVLESYVVDMPEGNSEDDTRMAVDTVVKLNLQKLATVAEAMARN
160,W,V160W,False,-3.86,-6.14,non-binder,non-binder,59Q;81V;83V;92M;94E;108V;110I;117L;120A;122G;141E;159A;160W;163V;164V;167N,MASELTPEERSELKNSIAEFHTYQLDPGSCSSLHAQRIHAPPELVWSIVRRFDKPQTYQHFIKSCSVEQNFEMRVGCTRDVIVISGLPANTMTERLDILDDERRVTGVSIIGGEHRLTNAKGVTTVHRFEKENRIWTVVLESYVVDMPEGNSEDDTRMAWDTVVKLNLQKLATVAEAMARN
160,Y,V160Y,False,-5.07,-4.35,non-binder,non-binder,59Q;81V;83V;92M;94E;108V;110I;117L;120A;122G;141E;159A;160Y;163V;164V;167N,MASELTPEERSELKNSIAEFHTYQLDPGSCSSLHAQRIHAPPELVWSIVRRFDKPQTYQHFIKSCSVEQNFEMRVGCTRDVIVISGLPANTMTERLDILDDERRVTGVSIIGGEHRLTNAKGVTTVHRFEKENRIWTVVLESYVVDMPEGNSEDDTRMAYDTVVKLNLQKLATVAEAMARN
163,A,V163A,False,-4.2,-3.92,non-binder,non-binder,59Q;81V;83V;92M;94E;108V;110I;117L;120A;122G;141E;159A;160V;163A;164V;167N,MASELTPEERSELKNSIAEFHTYQLDPGSCSSLHAQRIHAPPELVWSIVRRFDKPQTYQHFIKSCSVEQNFEMRVGCTRDVIVISGLPANTMTERLDILDDERRVTGVSIIGGEHRLTNAKGVTTVHRFEKENRIWTVVLESYVVDMPEGNSEDDTRMAVDTAVKLNLQKLATVAEAMARN
163,C,V163C,False,-5.78,-6.8,non-binder,non-binder,59Q;81V;83V;92M;94E;108V;110I;117L;120A;122G;141E;159A;160V;163C;164V;167N,MASELTPEERSELKNSIAEFHTYQLDPGSCSSLHAQRIHAPPELVWSIVRRFDKPQTYQHFIKSCSVEQNFEMRVGCTRDVIVISGLPANTMTERLDILDDERRVTGVSIIGGEHRLTNAKGVTTVHRFEKENRIWTVVLESYVVDMPEGNSEDDTRMAVDTCVKLNLQKLATVAEAMARN
163,D,V163D,False,-4.22,-5.23,non-binder,non-binder,59Q;81V;83V;92M;94E;108V;110I;117L;120A;122G;141E;159A;160V;163D;164V;167N,MASELTPEERSELKNSIAEFHTYQLDPGSCSSLHAQRIHAPPELVWSIVRRFDKPQTYQHFIKSCSVEQNFEMRVGCTRDVIVISGLPANTMTERLDILDDERRVTGVSIIGGEHRLTNAKGVTTVHRFEKENRIWTVVLESYVVDMPEGNSEDDTRMAVDTDVKLNLQKLATVAEAMARN
163,E,V163E,False,-4.74,-4.85,non-binder,non-binder,59Q;81V;83V;92M;94E;108V;110I;117L;120A;122G;141E;159A;160V;163E;164V;167N,MASELTPEERSELKNSIAEFHTYQLDPGSCSSLHAQRIHAPPELVWSIVRRFDKPQTYQHFIKSCSVEQNFEMRVGCTRDVIVISGLPANTMTERLDILDDERRVTGVSIIGGEHRLTNAKGVTTVHRFEKENRIWTVVLESYVVDMPEGNSEDDTRMAVDTEVKLNLQKLATVAEAMARN
163,F,V163F,False,-5.52,-5.67,non-binder,non-binder,59Q;81V;83V;92M;94E;108V;110I;117L;120A;122G;141E;159A;160V;163F;164V;167N,MASELTPEERSELKNSIAEFHTYQLDPGSCSSLHAQRIHAPPELVWSIVRRFDKPQTYQHFIKSCSVEQNFEMRVGCTRDVIVISGLPANTMTERLDILDDERRVTGVSIIGGEHRLTNAKGVTTVHRFEKENRIWTVVLESYVVDMPEGNSEDDTRMAVDTFVKLNLQKLATVAEAMARN
163,G,V163G,False,-5.24,-5.93,non-binder,non-binder,59Q;81V;83V;92M;94E;108V;110I;117L;120A;122G;141E;159A;160V;163G;164V;167N,MASELTPEERSELKNSIAEFHTYQLDPGSCSSLHAQRIHAPPELVWSIVRRFDKPQTYQHFIKSCSVEQNFEMRVGCTRDVIVISGLPANTMTERLDILDDERRVTGVSIIGGEHRLTNAKGVTTVHRFEKENRIWTVVLESYVVDMPEGNSEDDTRMAVDTGVKLNLQKLATVAEAMARN
163,H,V163H,False,-3.76,,non-binder,missing,59Q;81V;83V;92M;94E;108V;110I;117L;120A;122G;141E;159A;160V;163H;164V;167N,MASELTPEERSELKNSIAEFHTYQLDPGSCSSLHAQRIHAPPELVWSIVRRFDKPQTYQHFIKSCSVEQNFEMRVGCTRDVIVISGLPANTMTERLDILDDERRVTGVSIIGGEHRLTNAKGVTTVHRFEKENRIWTVVLESYVVDMPEGNSEDDTRMAVDTHVKLNLQKLATVAEAMARN
163,I,V163I,False,-3.9,-4.5,non-binder,non-binder,59Q;81V;83V;92M;94E;108V;110I;117L;120A;122G;141E;159A;160V;163I;164V;167N,MASELTPEERSELKNSIAEFHTYQLDPGSCSSLHAQRIHAPPELVWSIVRRFDKPQTYQHFIKSCSVEQNFEMRVGCTRDVIVISGLPANTMTERLDILDDERRVTGVSIIGGEHRLTNAKGVTTVHRFEKENRIWTVVLESYVVDMPEGNSEDDTRMAVDTIVKLNLQKLATVAEAMARN
163,K,V163K,False,-5.79,-6.07,non-binder,non-binder,59Q;81V;83V;92M;94E;108V;110I;117L;120A;122G;141E;159A;160V;163K;164V;167N,MASELTPEERSELKNSIAEFHTYQLDPGSCSSLHAQRIHAPPELVWSIVRRFDKPQTYQHFIKSCSVEQNFEMRVGCTRDVIVISGLPANTMTERLDILDDERRVTGVSIIGGEHRLTNAKGVTTVHRFEKENRIWTVVLESYVVDMPEGNSEDDTRMAVDTKVKLNLQKLATVAEAMARN
163,L,V163L,False,-5.6,-5.63,non-binder,non-binder,59Q;81V;83V;92M;94E;108V;110I;117L;120A;122G;141E;159A;160V;163L;164V;167N,MASELTPEERSELKNSIAEFHTYQLDPGSCSSLHAQRIHAPPELVWSIVRRFDKPQTYQHFIKSCSVEQNFEMRVGCTRDVIVISGLPANTMTERLDILDDERRVTGVSIIGGEHRLTNAKGVTTVHRFEKENRIWTVVLESYVVDMPEGNSEDDTRMAVDTLVKLNLQKLATVAEAMARN
163,M,V163M,False,-5.02,-4.98,non-binder,non-binder,59Q;81V;83V;92M;94E;108V;110I;117L;120A;122G;141E;159A;160V;163M;164V;167N,MASELTPEERSELKNSIAEFHTYQLDPGSCSSLHAQRIHAPPELVWSIVRRFDKPQTYQHFIKSCSVEQNFEMRVGCTRDVIVISGLPANTMTERLDILDDERRVTGVSIIGGEHRLTNAKGVTTVHRFEKENRIWTVVLESYVVDMPEGNSEDDTRMAVDTMVKLNLQKLATVAEAMARN
163,N,V163N,False,-4.49,-5.77,non-binder,non-binder,59Q;81V;83V;92M;94E;108V;110I;117L;120A;122G;141E;159A;160V;163N;164V;167N,MASELTPEERSELKNSIAEFHTYQLDPGSCSSLHAQRIHAPPELVWSIVRRFDKPQTYQHFIKSCSVEQNFEMRVGCTRDVIVISGLPANTMTERLDILDDERRVTGVSIIGGEHRLTNAKGVTTVHRFEKENRIWTVVLESYVVDMPEGNSEDDTRMAVDTNVKLNLQKLATVAEAMARN
163,P,V163P,False,-6.96,-4.91,non-binder,non-binder,59Q;81V;83V;92M;94E;108V;110I;117L;120A;122G;141E;159A;160V;163P;164V;167N,MASELTPEERSELKNSIAEFHTYQLDPGSCSSLHAQRIHAPPELVWSIVRRFDKPQTYQHFIKSCSVEQNFEMRVGCTRDVIVISGLPANTMTERLDILDDERRVTGVSIIGGEHRLTNAKGVTTVHRFEKENRIWTVVLESYVVDMPEGNSEDDTRMAVDTPVKLNLQKLATVAEAMARN
163,Q,V163Q,False,-4.19,,non-binder,missing,59Q;81V;83V;92M;94E;108V;110I;117L;120A;122G;141E;159A;160V;163Q;164V;167N,MASELTPEERSELKNSIAEFHTYQLDPGSCSSLHAQRIHAPPELVWSIVRRFDKPQTYQHFIKSCSVEQNFEMRVGCTRDVIVISGLPANTMTERLDILDDERRVTGVSIIGGEHRLTNAKGVTTVHRFEKENRIWTVVLESYVVDMPEGNSEDDTRMAVDTQVKLNLQKLATVAEAMARN
163,R,V163R,False,-4.13,-4.82,non-binder,non-binder,59Q;81V;83V;92M;94E;108V;110I;117L;120A;122G;141E;159A;160V;163R;164V;167N,MASELTPEERSELKNSIAEFHTYQLDPGSCSSLHAQRIHAPPELVWSIVRRFDKPQTYQHFIKSCSVEQNFEMRVGCTRDVIVISGLPANTMTERLDILDDERRVTGVSIIGGEHRLTNAKGVTTVHRFEKENRIWTVVLESYVVDMPEGNSEDDTRMAVDTRVKLNLQKLATVAEAMARN
163,S,V163S,False,-5.77,-5.79,non-binder,non-binder,59Q;81V;83V;92M;94E;108V;110I;117L;120A;122G;141E;159A;160V;163S;164V;167N,MASELTPEERSELKNSIAEFHTYQLDPGSCSSLHAQRIHAPPELVWSIVRRFDKPQTYQHFIKSCSVEQNFEMRVGCTRDVIVISGLPANTMTERLDILDDERRVTGVSIIGGEHRLTNAKGVTTVHRFEKENRIWTVVLESYVVDMPEGNSEDDTRMAVDTSVKLNLQKLATVAEAMARN
163,T,V163T,False,-5.19,-4.03,non-binder,non-binder,59Q;81V;83V;92M;94E;108V;110I;117L;120A;122G;141E;159A;160V;163T;164V;167N,MASELTPEERSELKNSIAEFHTYQLDPGSCSSLHAQRIHAPPELVWSIVRRFDKPQTYQHFIKSCSVEQNFEMRVGCTRDVIVISGLPANTMTERLDILDDERRVTGVSIIGGEHRLTNAKGVTTVHRFEKENRIWTVVLESYVVDMPEGNSEDDTRMAVDTTVKLNLQKLATVAEAMARN
163,V,163V(base),True,0.0,0.0,binder,binder,59Q;81V;83V;92M;94E;108V;110I;117L;120A;122G;141E;159A;160V;163V;164V;167N,MASELTPEERSELKNSIAEFHTYQLDPGSCSSLHAQRIHAPPELVWSIVRRFDKPQTYQHFIKSCSVEQNFEMRVGCTRDVIVISGLPANTMTERLDILDDERRVTGVSIIGGEHRLTNAKGVTTVHRFEKENRIWTVVLESYVVDMPEGNSEDDTRMAVDTVVKLNLQKLATVAEAMARN
163,W,V163W,False,-4.91,-5.04,non-binder,non-binder,59Q;81V;83V;92M;94E;108V;110I;117L;120A;122G;141E;159A;160V;163W;164V;167N,MASELTPEERSELKNSIAEFHTYQLDPGSCSSLHAQRIHAPPELVWSIVRRFDKPQTYQHFIKSCSVEQNFEMRVGCTRDVIVISGLPANTMTERLDILDDERRVTGVSIIGGEHRLTNAKGVTTVHRFEKENRIWTVVLESYVVDMPEGNSEDDTRMAVDTWVKLNLQKLATVAEAMARN
163,Y,V163Y,False,-4.75,-5.57,non-binder,non-binder,59Q;81V;83V;92M;94E;108V;110I;117L;120A;122G;141E;159A;160V;163Y;164V;167N,MASELTPEERSELKNSIAEFHTYQLDPGSCSSLHAQRIHAPPELVWSIVRRFDKPQTYQHFIKSCSVEQNFEMRVGCTRDVIVISGLPANTMTERLDILDDERRVTGVSIIGGEHRLTNAKGVTTVHRFEKENRIWTVVLESYVVDMPEGNSEDDTRMAVDTYVKLNLQKLATVAEAMARN
164,A,V164A,False,-3.37,-4.23,non-binder,non-binder,59Q;81V;83V;92M;94E;108V;110I;117L;120A;122G;141E;159A;160V;163V;164A;167N,MASELTPEERSELKNSIAEFHTYQLDPGSCSSLHAQRIHAPPELVWSIVRRFDKPQTYQHFIKSCSVEQNFEMRVGCTRDVIVISGLPANTMTERLDILDDERRVTGVSIIGGEHRLTNAKGVTTVHRFEKENRIWTVVLESYVVDMPEGNSEDDTRMAVDTVAKLNLQKLATVAEAMARN
164,C,V164C,False,-4.79,-4.77,non-binder,non-binder,59Q;81V;83V;92M;94E;108V;110I;117L;120A;122G;141E;159A;160V;163V;164C;167N,MASELTPEERSELKNSIAEFHTYQLDPGSCSSLHAQRIHAPPELVWSIVRRFDKPQTYQHFIKSCSVEQNFEMRVGCTRDVIVISGLPANTMTERLDILDDERRVTGVSIIGGEHRLTNAKGVTTVHRFEKENRIWTVVLESYVVDMPEGNSEDDTRMAVDTVCKLNLQKLATVAEAMARN
164,D,V164D,False,-6.3,-4.57,non-binder,non-binder,59Q;81V;83V;92M;94E;108V;110I;117L;120A;122G;141E;159A;160V;163V;164D;167N,MASELTPEERSELKNSIAEFHTYQLDPGSCSSLHAQRIHAPPELVWSIVRRFDKPQTYQHFIKSCSVEQNFEMRVGCTRDVIVISGLPANTMTERLDILDDERRVTGVSIIGGEHRLTNAKGVTTVHRFEKENRIWTVVLESYVVDMPEGNSEDDTRMAVDTVDKLNLQKLATVAEAMARN
164,E,V164E,False,-4.48,-5.76,non-binder,non-binder,59Q;81V;83V;92M;94E;108V;110I;117L;120A;122G;141E;159A;160V;163V;164E;167N,MASELTPEERSELKNSIAEFHTYQLDPGSCSSLHAQRIHAPPELVWSIVRRFDKPQTYQHFIKSCSVEQNFEMRVGCTRDVIVISGLPANTMTERLDILDDERRVTGVSIIGGEHRLTNAKGVTTVHRFEKENRIWTVVLESYVVDMPEGNSEDDTRMAVDTVEKLNLQKLATVAEAMARN
164,F,V164F,False,-5.29,-5.57,non-binder,non-binder,59Q;81V;83V;92M;94E;108V;110I;117L;120A;122G;141E;159A;160V;163V;164F;167N,MASELTPEERSELKNSIAEFHTYQLDPGSCSSLHAQRIHAPPELVWSIVRRFDKPQTYQHFIKSCSVEQNFEMRVGCTRDVIVISGLPANTMTERLDILDDERRVTGVSIIGGEHRLTNAKGVTTVHRFEKENRIWTVVLESYVVDMPEGNSEDDTRMAVDTVFKLNLQKLATVAEAMARN
164,G,V164G,False,-5.17,-5.64,non-binder,non-binder,59Q;81V;83V;92M;94E;108V;110I;117L;120A;122G;141E;159A;160V;163V;164G;167N,MASELTPEERSELKNSIAEFHTYQLDPGSCSSLHAQRIHAPPELVWSIVRRFDKPQTYQHFIKSCSVEQNFEMRVGCTRDVIVISGLPANTMTERLDILDDERRVTGVSIIGGEHRLTNAKGVTTVHRFEKENRIWTVVLESYVVDMPEGNSEDDTRMAVDTVGKLNLQKLATVAEAMARN
164,H,V164H,False,-5.6,-5.88,non-binder,non-binder,59Q;81V;83V;92M;94E;108V;110I;117L;120A;122G;141E;159A;160V;163V;164H;167N,MASELTPEERSELKNSIAEFHTYQLDPGSCSSLHAQRIHAPPELVWSIVRRFDKPQTYQHFIKSCSVEQNFEMRVGCTRDVIVISGLPANTMTERLDILDDERRVTGVSIIGGEHRLTNAKGVTTVHRFEKENRIWTVVLESYVVDMPEGNSEDDTRMAVDTVHKLNLQKLATVAEAMARN
164,I,V164I,False,0.46,0.8,binder,binder,59Q;81V;83V;92M;94E;108V;110I;117L;120A;122G;141E;159A;160V;163V;164I;167N,MASELTPEERSELKNSIAEFHTYQLDPGSCSSLHAQRIHAPPELVWSIVRRFDKPQTYQHFIKSCSVEQNFEMRVGCTRDVIVISGLPANTMTERLDILDDERRVTGVSIIGGEHRLTNAKGVTTVHRFEKENRIWTVVLESYVVDMPEGNSEDDTRMAVDTVIKLNLQKLATVAEAMARN
164,K,V164K,False,,-6.88,missing,non-binder,59Q;81V;83V;92M;94E;108V;110I;117L;120A;122G;141E;159A;160V;163V;164K;167N,MASELTPEERSELKNSIAEFHTYQLDPGSCSSLHAQRIHAPPELVWSIVRRFDKPQTYQHFIKSCSVEQNFEMRVGCTRDVIVISGLPANTMTERLDILDDERRVTGVSIIGGEHRLTNAKGVTTVHRFEKENRIWTVVLESYVVDMPEGNSEDDTRMAVDTVKKLNLQKLATVAEAMARN
164,L,V164L,False,-5.39,-1.27,non-binder,ambiguous,59Q;81V;83V;92M;94E;108V;110I;117L;120A;122G;141E;159A;160V;163V;164L;167N,MASELTPEERSELKNSIAEFHTYQLDPGSCSSLHAQRIHAPPELVWSIVRRFDKPQTYQHFIKSCSVEQNFEMRVGCTRDVIVISGLPANTMTERLDILDDERRVTGVSIIGGEHRLTNAKGVTTVHRFEKENRIWTVVLESYVVDMPEGNSEDDTRMAVDTVLKLNLQKLATVAEAMARN
164,M,V164M,False,-4.06,-2.01,non-binder,ambiguous,59Q;81V;83V;92M;94E;108V;110I;117L;120A;122G;141E;159A;160V;163V;164M;167N,MASELTPEERSELKNSIAEFHTYQLDPGSCSSLHAQRIHAPPELVWSIVRRFDKPQTYQHFIKSCSVEQNFEMRVGCTRDVIVISGLPANTMTERLDILDDERRVTGVSIIGGEHRLTNAKGVTTVHRFEKENRIWTVVLESYVVDMPEGNSEDDTRMAVDTVMKLNLQKLATVAEAMARN
164,N,V164N,False,-4.59,-5.19,non-binder,non-binder,59Q;81V;83V;92M;94E;108V;110I;117L;120A;122G;141E;159A;160V;163V;164N;167N,MASELTPEERSELKNSIAEFHTYQLDPGSCSSLHAQRIHAPPELVWSIVRRFDKPQTYQHFIKSCSVEQNFEMRVGCTRDVIVISGLPANTMTERLDILDDERRVTGVSIIGGEHRLTNAKGVTTVHRFEKENRIWTVVLESYVVDMPEGNSEDDTRMAVDTVNKLNLQKLATVAEAMARN
164,P,V164P,False,-5.32,-5.77,non-binder,non-binder,59Q;81V;83V;92M;94E;108V;110I;117L;120A;122G;141E;159A;160V;163V;164P;167N,MASELTPEERSELKNSIAEFHTYQLDPGSCSSLHAQRIHAPPELVWSIVRRFDKPQTYQHFIKSCSVEQNFEMRVGCTRDVIVISGLPANTMTERLDILDDERRVTGVSIIGGEHRLTNAKGVTTVHRFEKENRIWTVVLESYVVDMPEGNSEDDTRMAVDTVPKLNLQKLATVAEAMARN
164,Q,V164Q,False,-4.06,-7.14,non-binder,non-binder,59Q;81V;83V;92M;94E;108V;110I;117L;120A;122G;141E;159A;160V;163V;164Q;167N,MASELTPEERSELKNSIAEFHTYQLDPGSCSSLHAQRIHAPPELVWSIVRRFDKPQTYQHFIKSCSVEQNFEMRVGCTRDVIVISGLPANTMTERLDILDDERRVTGVSIIGGEHRLTNAKGVTTVHRFEKENRIWTVVLESYVVDMPEGNSEDDTRMAVDTVQKLNLQKLATVAEAMARN
164,R,V164R,False,-5.54,-5.97,non-binder,non-binder,59Q;81V;83V;92M;94E;108V;110I;117L;120A;122G;141E;159A;160V;163V;164R;167N,MASELTPEERSELKNSIAEFHTYQLDPGSCSSLHAQRIHAPPELVWSIVRRFDKPQTYQHFIKSCSVEQNFEMRVGCTRDVIVISGLPANTMTERLDILDDERRVTGVSIIGGEHRLTNAKGVTTVHRFEKENRIWTVVLESYVVDMPEGNSEDDTRMAVDTVRKLNLQKLATVAEAMARN
164,S,V164S,False,-5.04,-5.26,non-binder,non-binder,59Q;81V;83V;92M;94E;108V;110I;117L;120A;122G;141E;159A;160V;163V;164S;167N,MASELTPEERSELKNSIAEFHTYQLDPGSCSSLHAQRIHAPPELVWSIVRRFDKPQTYQHFIKSCSVEQNFEMRVGCTRDVIVISGLPANTMTERLDILDDERRVTGVSIIGGEHRLTNAKGVTTVHRFEKENRIWTVVLESYVVDMPEGNSEDDTRMAVDTVSKLNLQKLATVAEAMARN
164,T,V164T,False,-6.08,-5.04,non-binder,non-binder,59Q;81V;83V;92M;94E;108V;110I;117L;120A;122G;141E;159A;160V;163V;164T;167N,MASELTPEERSELKNSIAEFHTYQLDPGSCSSLHAQRIHAPPELVWSIVRRFDKPQTYQHFIKSCSVEQNFEMRVGCTRDVIVISGLPANTMTERLDILDDERRVTGVSIIGGEHRLTNAKGVTTVHRFEKENRIWTVVLESYVVDMPEGNSEDDTRMAVDTVTKLNLQKLATVAEAMARN
164,V,164V(base),True,0.0,0.0,binder,binder,59Q;81V;83V;92M;94E;108V;110I;117L;120A;122G;141E;159A;160V;163V;164V;167N,MASELTPEERSELKNSIAEFHTYQLDPGSCSSLHAQRIHAPPELVWSIVRRFDKPQTYQHFIKSCSVEQNFEMRVGCTRDVIVISGLPANTMTERLDILDDERRVTGVSIIGGEHRLTNAKGVTTVHRFEKENRIWTVVLESYVVDMPEGNSEDDTRMAVDTVVKLNLQKLATVAEAMARN
164,W,V164W,False,-4.93,-4.75,non-binder,non-binder,59Q;81V;83V;92M;94E;108V;110I;117L;120A;122G;141E;159A;160V;163V;164W;167N,MASELTPEERSELKNSIAEFHTYQLDPGSCSSLHAQRIHAPPELVWSIVRRFDKPQTYQHFIKSCSVEQNFEMRVGCTRDVIVISGLPANTMTERLDILDDERRVTGVSIIGGEHRLTNAKGVTTVHRFEKENRIWTVVLESYVVDMPEGNSEDDTRMAVDTVWKLNLQKLATVAEAMARN
164,Y,V164Y,False,-6.5,-5.3,non-binder,non-binder,59Q;81V;83V;92M;94E;108V;110I;117L;120A;122G;141E;159A;160V;163V;164Y;167N,MASELTPEERSELKNSIAEFHTYQLDPGSCSSLHAQRIHAPPELVWSIVRRFDKPQTYQHFIKSCSVEQNFEMRVGCTRDVIVISGLPANTMTERLDILDDERRVTGVSIIGGEHRLTNAKGVTTVHRFEKENRIWTVVLESYVVDMPEGNSEDDTRMAVDTVYKLNLQKLATVAEAMARN
167,A,N167A,False,-0.76,0.34,binder,binder,59Q;81V;83V;92M;94E;108V;110I;117L;120A;122G;141E;159A;160V;163V;164V;167A,MASELTPEERSELKNSIAEFHTYQLDPGSCSSLHAQRIHAPPELVWSIVRRFDKPQTYQHFIKSCSVEQNFEMRVGCTRDVIVISGLPANTMTERLDILDDERRVTGVSIIGGEHRLTNAKGVTTVHRFEKENRIWTVVLESYVVDMPEGNSEDDTRMAVDTVVKLALQKLATVAEAMARN
167,C,N167C,False,-6.48,-3.3,non-binder,non-binder,59Q;81V;83V;92M;94E;108V;110I;117L;120A;122G;141E;159A;160V;163V;164V;167C,MASELTPEERSELKNSIAEFHTYQLDPGSCSSLHAQRIHAPPELVWSIVRRFDKPQTYQHFIKSCSVEQNFEMRVGCTRDVIVISGLPANTMTERLDILDDERRVTGVSIIGGEHRLTNAKGVTTVHRFEKENRIWTVVLESYVVDMPEGNSEDDTRMAVDTVVKLCLQKLATVAEAMARN
167,D,N167D,False,-2.66,-4.35,ambiguous,non-binder,59Q;81V;83V;92M;94E;108V;110I;117L;120A;122G;141E;159A;160V;163V;164V;167D,MASELTPEERSELKNSIAEFHTYQLDPGSCSSLHAQRIHAPPELVWSIVRRFDKPQTYQHFIKSCSVEQNFEMRVGCTRDVIVISGLPANTMTERLDILDDERRVTGVSIIGGEHRLTNAKGVTTVHRFEKENRIWTVVLESYVVDMPEGNSEDDTRMAVDTVVKLDLQKLATVAEAMARN
167,E,N167E,False,-4.76,-4.72,non-binder,non-binder,59Q;81V;83V;92M;94E;108V;110I;117L;120A;122G;141E;159A;160V;163V;164V;167E,MASELTPEERSELKNSIAEFHTYQLDPGSCSSLHAQRIHAPPELVWSIVRRFDKPQTYQHFIKSCSVEQNFEMRVGCTRDVIVISGLPANTMTERLDILDDERRVTGVSIIGGEHRLTNAKGVTTVHRFEKENRIWTVVLESYVVDMPEGNSEDDTRMAVDTVVKLELQKLATVAEAMARN
167,F,N167F,False,,-5.4,missing,non-binder,59Q;81V;83V;92M;94E;108V;110I;117L;120A;122G;141E;159A;160V;163V;164V;167F,MASELTPEERSELKNSIAEFHTYQLDPGSCSSLHAQRIHAPPELVWSIVRRFDKPQTYQHFIKSCSVEQNFEMRVGCTRDVIVISGLPANTMTERLDILDDERRVTGVSIIGGEHRLTNAKGVTTVHRFEKENRIWTVVLESYVVDMPEGNSEDDTRMAVDTVVKLFLQKLATVAEAMARN
167,G,N167G,False,-2.87,0.01,ambiguous,binder,59Q;81V;83V;92M;94E;108V;110I;117L;120A;122G;141E;159A;160V;163V;164V;167G,MASELTPEERSELKNSIAEFHTYQLDPGSCSSLHAQRIHAPPELVWSIVRRFDKPQTYQHFIKSCSVEQNFEMRVGCTRDVIVISGLPANTMTERLDILDDERRVTGVSIIGGEHRLTNAKGVTTVHRFEKENRIWTVVLESYVVDMPEGNSEDDTRMAVDTVVKLGLQKLATVAEAMARN
167,H,N167H,False,-4.07,,non-binder,missing,59Q;81V;83V;92M;94E;108V;110I;117L;120A;122G;141E;159A;160V;163V;164V;167H,MASELTPEERSELKNSIAEFHTYQLDPGSCSSLHAQRIHAPPELVWSIVRRFDKPQTYQHFIKSCSVEQNFEMRVGCTRDVIVISGLPANTMTERLDILDDERRVTGVSIIGGEHRLTNAKGVTTVHRFEKENRIWTVVLESYVVDMPEGNSEDDTRMAVDTVVKLHLQKLATVAEAMARN
167,I,N167I,False,-5.08,-4.56,non-binder,non-binder,59Q;81V;83V;92M;94E;108V;110I;117L;120A;122G;141E;159A;160V;163V;164V;167I,MASELTPEERSELKNSIAEFHTYQLDPGSCSSLHAQRIHAPPELVWSIVRRFDKPQTYQHFIKSCSVEQNFEMRVGCTRDVIVISGLPANTMTERLDILDDERRVTGVSIIGGEHRLTNAKGVTTVHRFEKENRIWTVVLESYVVDMPEGNSEDDTRMAVDTVVKLILQKLATVAEAMARN
167,K,N167K,False,-5.8,-4.49,non-binder,non-binder,59Q;81V;83V;92M;94E;108V;110I;117L;120A;122G;141E;159A;160V;163V;164V;167K,MASELTPEERSELKNSIAEFHTYQLDPGSCSSLHAQRIHAPPELVWSIVRRFDKPQTYQHFIKSCSVEQNFEMRVGCTRDVIVISGLPANTMTERLDILDDERRVTGVSIIGGEHRLTNAKGVTTVHRFEKENRIWTVVLESYVVDMPEGNSEDDTRMAVDTVVKLKLQKLATVAEAMARN
167,L,N167L,False,-4.97,-5.54,non-binder,non-binder,59Q;81V;83V;92M;94E;108V;110I;117L;120A;122G;141E;159A;160V;163V;164V;167L,MASELTPEERSELKNSIAEFHTYQLDPGSCSSLHAQRIHAPPELVWSIVRRFDKPQTYQHFIKSCSVEQNFEMRVGCTRDVIVISGLPANTMTERLDILDDERRVTGVSIIGGEHRLTNAKGVTTVHRFEKENRIWTVVLESYVVDMPEGNSEDDTRMAVDTVVKLLLQKLATVAEAMARN
167,M,N167M,False,-6.45,-6.14,non-binder,non-binder,59Q;81V;83V;92M;94E;108V;110I;117L;120A;122G;141E;159A;160V;163V;164V;167M,MASELTPEERSELKNSIAEFHTYQLDPGSCSSLHAQRIHAPPELVWSIVRRFDKPQTYQHFIKSCSVEQNFEMRVGCTRDVIVISGLPANTMTERLDILDDERRVTGVSIIGGEHRLTNAKGVTTVHRFEKENRIWTVVLESYVVDMPEGNSEDDTRMAVDTVVKLMLQKLATVAEAMARN
167,N,167N(base),True,0.0,0.0,binder,binder,59Q;81V;83V;92M;94E;108V;110I;117L;120A;122G;141E;159A;160V;163V;164V;167N,MASELTPEERSELKNSIAEFHTYQLDPGSCSSLHAQRIHAPPELVWSIVRRFDKPQTYQHFIKSCSVEQNFEMRVGCTRDVIVISGLPANTMTERLDILDDERRVTGVSIIGGEHRLTNAKGVTTVHRFEKENRIWTVVLESYVVDMPEGNSEDDTRMAVDTVVKLNLQKLATVAEAMARN
167,P,N167P,False,-4.41,-4.43,non-binder,non-binder,59Q;81V;83V;92M;94E;108V;110I;117L;120A;122G;141E;159A;160V;163V;164V;167P,MASELTPEERSELKNSIAEFHTYQLDPGSCSSLHAQRIHAPPELVWSIVRRFDKPQTYQHFIKSCSVEQNFEMRVGCTRDVIVISGLPANTMTERLDILDDERRVTGVSIIGGEHRLTNAKGVTTVHRFEKENRIWTVVLESYVVDMPEGNSEDDTRMAVDTVVKLPLQKLATVAEAMARN
167,Q,N167Q,False,-6.1,-5.96,non-binder,non-binder,59Q;81V;83V;92M;94E;108V;110I;117L;120A;122G;141E;159A;160V;163V;164V;167Q,MASELTPEERSELKNSIAEFHTYQLDPGSCSSLHAQRIHAPPELVWSIVRRFDKPQTYQHFIKSCSVEQNFEMRVGCTRDVIVISGLPANTMTERLDILDDERRVTGVSIIGGEHRLTNAKGVTTVHRFEKENRIWTVVLESYVVDMPEGNSEDDTRMAVDTVVKLQLQKLATVAEAMARN
167,R,N167R,False,-5.7,-5.49,non-binder,non-binder,59Q;81V;83V;92M;94E;108V;110I;117L;120A;122G;141E;159A;160V;163V;164V;167R,MASELTPEERSELKNSIAEFHTYQLDPGSCSSLHAQRIHAPPELVWSIVRRFDKPQTYQHFIKSCSVEQNFEMRVGCTRDVIVISGLPANTMTERLDILDDERRVTGVSIIGGEHRLTNAKGVTTVHRFEKENRIWTVVLESYVVDMPEGNSEDDTRMAVDTVVKLRLQKLATVAEAMARN
167,S,N167S,False,-3.93,0.01,non-binder,binder,59Q;81V;83V;92M;94E;108V;110I;117L;120A;122G;141E;159A;160V;163V;164V;167S,MASELTPEERSELKNSIAEFHTYQLDPGSCSSLHAQRIHAPPELVWSIVRRFDKPQTYQHFIKSCSVEQNFEMRVGCTRDVIVISGLPANTMTERLDILDDERRVTGVSIIGGEHRLTNAKGVTTVHRFEKENRIWTVVLESYVVDMPEGNSEDDTRMAVDTVVKLSLQKLATVAEAMARN
167,T,N167T,False,-4.54,-4.6,non-binder,non-binder,59Q;81V;83V;92M;94E;108V;110I;117L;120A;122G;141E;159A;160V;163V;164V;167T,MASELTPEERSELKNSIAEFHTYQLDPGSCSSLHAQRIHAPPELVWSIVRRFDKPQTYQHFIKSCSVEQNFEMRVGCTRDVIVISGLPANTMTERLDILDDERRVTGVSIIGGEHRLTNAKGVTTVHRFEKENRIWTVVLESYVVDMPEGNSEDDTRMAVDTVVKLTLQKLATVAEAMARN
167,V,N167V,False,-5.47,-4.48,non-binder,non-binder,59Q;81V;83V;92M;94E;108V;110I;117L;120A;122G;141E;159A;160V;163V;164V;167V,MASELTPEERSELKNSIAEFHTYQLDPGSCSSLHAQRIHAPPELVWSIVRRFDKPQTYQHFIKSCSVEQNFEMRVGCTRDVIVISGLPANTMTERLDILDDERRVTGVSIIGGEHRLTNAKGVTTVHRFEKENRIWTVVLESYVVDMPEGNSEDDTRMAVDTVVKLVLQKLATVAEAMARN
167,W,N167W,False,-4.13,-4.82,non-binder,non-binder,59Q;81V;83V;92M;94E;108V;110I;117L;120A;122G;141E;159A;160V;163V;164V;167W,MASELTPEERSELKNSIAEFHTYQLDPGSCSSLHAQRIHAPPELVWSIVRRFDKPQTYQHFIKSCSVEQNFEMRVGCTRDVIVISGLPANTMTERLDILDDERRVTGVSIIGGEHRLTNAKGVTTVHRFEKENRIWTVVLESYVVDMPEGNSEDDTRMAVDTVVKLWLQKLATVAEAMARN
167,Y,N167Y,False,-4.13,-3.4,non-binder,non-binder,59Q;81V;83V;92M;94E;108V;110I;117L;120A;122G;141E;159A;160V;163V;164V;167Y,MASELTPEERSELKNSIAEFHTYQLDPGSCSSLHAQRIHAPPELVWSIVRRFDKPQTYQHFIKSCSVEQNFEMRVGCTRDVIVISGLPANTMTERLDILDDERRVTGVSIIGGEHRLTNAKGVTTVHRFEKENRIWTVVLESYVVDMPEGNSEDDTRMAVDTVVKLYLQKLATVAEAMARN
