library_name,parent_name,chem_library,K59,V81,V83,L87,A89,S92,E94,F108,I110,L117,Y120,S122,E141,F159,A160,V163,V164,N167,1,10,100,min_conc,canonical_smiles,
Alpha-Estradiol,ALFATRADIOL,Selleck_L1300,,,,,,,,,,,,,,V,,W,G,,+,+,+,1,C[C@]12CC[C@@H]3c4ccc(O)cc4CC[C@H]3[C@@H]1CC[C@H]2O,
Alpha-Estradiol,ALFATRADIOL,Selleck_L1300,,,,,,,,,,,W,,,T,,W,,,-,+,+,10,C[C@]12CC[C@@H]3c4ccc(O)cc4CC[C@H]3[C@@H]1CC[C@H]2O,
Alpha-Estradiol,ALFATRADIOL,Selleck_L1300,,,,,,,,,,,,,,T,,W,,,-,+,+,10,C[C@]12CC[C@@H]3c4ccc(O)cc4CC[C@H]3[C@@H]1CC[C@H]2O,
Alpha-Estradiol,ALFATRADIOL,Selleck_L1300,,,,,,,,,,,,,,T,,,,,-,+,+,10,C[C@]12CC[C@@H]3c4ccc(O)cc4CC[C@H]3[C@@H]1CC[C@H]2O,
Boldenone,BOLDENONE,Selleck_L1300,S,T,,,,,,,,,,,,,,,,D,-,+,+,10,C[C@]12C=CC(=O)C=C1CC[C@@H]1[C@@H]2CC[C@]2(C)[C@@H](O)CC[C@@H]12,
Boldenone,BOLDENONE,Selleck_L1300,,,,,,,,,,,S,,,L,V,,,,-,-,+,100,C[C@]12C=CC(=O)C=C1CC[C@@H]1[C@@H]2CC[C@]2(C)[C@@H](O)CC[C@@H]12,
Boldenone,BOLDENONE,Selleck_L1300,,,,,,,,,,A,,T,,I,,,,,-,-,+,100,C[C@]12C=CC(=O)C=C1CC[C@@H]1[C@@H]2CC[C@]2(C)[C@@H](O)CC[C@@H]12,
Dehydroandrographolide,DEHYDROANDROGRAPHOLIDE,Selleck_L1300,,,,,,,,,,,,,,S,,,,D,-,-,+,100,C=C1CC[C@H]2[C@@](C)(CC[C@@H](O)[C@@]2(C)CO)[C@@H]1C/C=C1\C=COC1=O,
Desogestrel,DESOGESTREL,Selleck_L1300,,,,,,,,,T,,,,,I,,,,,-,+,+,10,C#C[C@]1(O)CC[C@H]2[C@@H]3CCC4=CCCC[C@@H]4[C@H]3C(=C)C[C@@]21CC,
Estradiol,ESTRADIOL,Selleck_L1300,,,,,,,,,,,,,,M,M,,,,-,+,+,10,C[C@]12CC[C@@H]3c4ccc(O)cc4CC[C@H]3[C@@H]1CC[C@@H]2O,
Estradiol methyl ether,ESTRADIOL METHYL ETHER,LATCA,,,,,,,,,,,,,,G,,,,M,-,-,+,100,COc1ccc2c(c1)CC[C@@H]1[C@@H]2CC[C@]2(C)[C@@H](O)CC[C@@H]12,
Estradiol methyl ether,ESTRADIOL METHYL ETHER,LATCA,,,,,,,,,,,A,,,V,,,W,,nd,nd,+,nd,COc1ccc2c(c1)CC[C@@H]1[C@@H]2CC[C@]2(C)[C@@H](O)CC[C@@H]12,
Ethinyl Estradiol,ETHINYL ESTRADIOL,Selleck_L1300,,,,,,,,,,,,,,G,,,G,,-,+,+,10,C#C[C@]1(O)CC[C@H]2[C@@H]3CCc4cc(O)ccc4[C@H]3CC[C@@]21C,
Ethinyl Estradiol,ETHINYL ESTRADIOL,Selleck_L1300,,,,,,,,,,,,,,H,I,,,,-,+,+,10,C#C[C@]1(O)CC[C@H]2[C@@H]3CCc4cc(O)ccc4[C@H]3CC[C@@]21C,
Ethisterone,ETHISTERONE,Selleck_L1300,,,,,G,,,,,,,M,,,L,,,,+,+,+,1,C#C[C@]1(O)CC[C@H]2[C@@H]3CCC4=CC(=O)CC[C@]4(C)[C@H]3CC[C@@]21C,
Lynestrenol,LYNESTRENOL,Selleck_L1300,,,,,,,,,,,,,,G,,,S,,+,+,+,1,C#C[C@]1(O)CC[C@H]2[C@@H]3CCC4=CCCC[C@@H]4[C@H]3CC[C@@]21C,
Lynestrenol,LYNESTRENOL,Selleck_L1300,,,,,,,,,,,W,,,,,,,Q,+,+,+,1,C#C[C@]1(O)CC[C@H]2[C@@H]3CCC4=CCCC[C@@H]4[C@H]3CC[C@@]21C,
Mestranol,MESTRANOL,Selleck_L1300,,,,,,,,,,,,,,G,V,,,,+,+,+,1,C#C[C@]1(O)CC[C@H]2[C@@H]3CCc4cc(OC)ccc4[C@H]3CC[C@@]21C,
Mestranol,MESTRANOL,Selleck_L1300,,,,,,,,,,,F,,,G,,,M,,-,+,+,10,C#C[C@]1(O)CC[C@H]2[C@@H]3CCc4cc(OC)ccc4[C@H]3CC[C@@]21C,
Methandrostenolone,METHANDROSTENOLONE,Selleck_L1300,S,,,,,,,,,,,Q,,,,,,D,-,+,+,10,C[C@]12C=CC(=O)C=C1CC[C@@H]1[C@@H]2CC[C@@]2(C)[C@H]1CC[C@]2(C)O,
Methandrostenolone,METHANDROSTENOLONE,Selleck_L1300,N,Y,,,,,,,,,,,,,,M,,,-,-,+,100,C[C@]12C=CC(=O)C=C1CC[C@@H]1[C@@H]2CC[C@@]2(C)[C@H]1CC[C@]2(C)O,
Methandrostenolone,METHANDROSTENOLONE,Selleck_L1300,,Y,,,G,,,,,,,,,,I,,,,-,-,+,100,C[C@]12C=CC(=O)C=C1CC[C@@H]1[C@@H]2CC[C@@]2(C)[C@H]1CC[C@]2(C)O,
Methandrostenolone,METHANDROSTENOLONE,Selleck_L1300,,Y,,,G,,,,,,,,,,L,,,,-,-,+,100,C[C@]12C=CC(=O)C=C1CC[C@@H]1[C@@H]2CC[C@@]2(C)[C@H]1CC[C@]2(C)O,
Norethindrone,NORETHINDRONE,Selleck_L1300,S,T,,,,,,,,,,,,,,,,,-,+,+,10,C#CC1(O)CCC2C3CCC4=CC(=O)CCC4C3CCC21C,
Norethindrone,NORETHINDRONE,LATCA,T,T,,,,,,,,,,,,L,,,,,nd,nd,+,nd,C#CC1(O)CCC2C3CCC4=CC(=O)CCC4C3CCC21C,
Norethindrone,NORETHINDRONE,LATCA,R,T,,,,,,,,,,,,,,,,T,nd,nd,+,nd,C#CC1(O)CCC2C3CCC4=CC(=O)CCC4C3CCC21C,
Norethindrone,NORETHINDRONE,LATCA,N,T,,,,,,,,,,,,I,,,,,nd,nd,+,nd,C#CC1(O)CCC2C3CCC4=CC(=O)CCC4C3CCC21C,
Norethindrone acetate,NORETHINDRONE ACETATE,LATCA,S,T,,,,,,,,,,,,L,,,,,nd,nd,+,nd,C#C[C@]1(OC(C)=O)CC[C@H]2[C@@H]3CCC4=CC(=O)CC[C@@H]4[C@H]3CC[C@@]21C,
Norethindrone acetate,NORETHINDRONE ACETATE,LATCA,S,T,,,,,,,,,,,,,L,,,,nd,nd,+,nd,C#C[C@]1(OC(C)=O)CC[C@H]2[C@@H]3CCC4=CC(=O)CC[C@@H]4[C@H]3CC[C@@]21C,
S-(+)-Ketoprofen,DEXKETOPROFEN,Selleck_L1300,,R,M,,,,,,,,,,,I,,,,,-,-,+,100,C[C@H](C(=O)O)c1cccc(C(=O)c2ccccc2)c1,
Ketoprofen,KETOPROFEN,Selleck_L1300,,R,M,,,,,,,,,,,V,,,,,-,-,+,100,CC(C(=O)O)c1cccc(C(=O)c2ccccc2)c1,
Ketoprofen,KETOPROFEN,Selleck_L1300,,R,M,,,,,,,,,,,I,,,,,-,-,+,100,CC(C(=O)O)c1cccc(C(=O)c2ccccc2)c1,
Ketoprofen,KETOPROFEN,Selleck_L1300,,R,L,,,,,,,,,Q,,V,,,,,-,-,+,100,CC(C(=O)O)c1cccc(C(=O)c2ccccc2)c1,
Ketoprofen,KETOPROFEN,Selleck_L1300,,R,M,,,,,,,,,,,I,,,,,-,-,+,100,CC(C(=O)O)c1cccc(C(=O)c2ccccc2)c1,
Pranoprofen,PRANOPROFEN,Selleck_L1300,,,,,,,,,,,,,,T,,,,,-,+,+,10,CC(C(=O)O)c1ccc2c(c1)Cc1cccnc1O2,
Pranoprofen,PRANOPROFEN,Selleck_L1300,,,,,,,,Q,,,,,,V,,,,,-,+,+,10,CC(C(=O)O)c1ccc2c(c1)Cc1cccnc1O2,
Pranoprofen,PRANOPROFEN,Selleck_L1300,,,,,,,,,,,W,,,T,,,E,,-,+,+,10,CC(C(=O)O)c1ccc2c(c1)Cc1cccnc1O2,
Pranoprofen,PRANOPROFEN,Selleck_L1300,,,,,,,,,,,W,,,T,,,,,-,+,+,10,CC(C(=O)O)c1ccc2c(c1)Cc1cccnc1O2,
Pranoprofen,PRANOPROFEN,Selleck_L1300,,,,,,,,N,,,,,,V,V,,,,-,+,+,10,CC(C(=O)O)c1ccc2c(c1)Cc1cccnc1O2,
Pranoprofen,PRANOPROFEN,Selleck_L1300,L,,I,,,,,,,,,,,V,,,,,-,+,+,10,CC(C(=O)O)c1ccc2c(c1)Cc1cccnc1O2,
Pranoprofen,PRANOPROFEN,Selleck_L1300,,,,,,,,,,,,,,V,,W,G,,-,+,+,10,CC(C(=O)O)c1ccc2c(c1)Cc1cccnc1O2,
Tolmetin,TOLMETIN,Selleck_L1300,,,,,,,,,,,,,,V,,W,G,,-,-,+,100,Cc1ccc(C(=O)c2ccc(CC(=O)O)n2C)cc1,
Tolmetin Sodium,TOLMETIN,Selleck_L1300,,,,,,,,,,,,,,V,,W,G,,-,-,+,100,Cc1ccc(C(=O)c2ccc(CC(=O)O)n2C)cc1,
Zaltoprofen,ZALTOPROFEN,Selleck_L1300,,,H,,,,,K,,,,,,V,,,,,-,-,+,100,CC(C(=O)O)c1ccc2c(c1)CC(=O)c1ccccc1S2,
Dexmedetomidine HCl,DEXMEDETOMIDINE,Selleck_L1300,D,L,,,,,,,,,,,,,,,L,,-,+,+,10,Cc1cccc([C@H](C)c2c[nH]cn2)c1C,
Dexmedetomidine HCl,DEXMEDETOMIDINE,Selleck_L1300,D,,,,,,,,,,,,,,V,,,,-,+,+,10,Cc1cccc([C@H](C)c2c[nH]cn2)c1C,
Dexmedetomidine,DEXMEDETOMIDINE,Selleck_L1300,D,,,,I,,,,,,,,,,,,,,-,+,+,10,Cc1cccc([C@H](C)c2c[nH]cn2)c1C,
Dexmedetomidine HCl,DEXMEDETOMIDINE,Selleck_L1300,D,,,I,,,,,,,,,,,I,,,,-,-,+,100,Cc1cccc([C@H](C)c2c[nH]cn2)c1C,
Etomidate hydrochloride,ETOMIDATE,Selleck_L1300,A,M,,F,,,D,,,,,,,,L,,,,+,+,+,1,CCOC(=O)c1cncn1[C@H](C)c1ccccc1,
Etomidate,ETOMIDATE,Selleck_L1300,,,A,,,,,,,,,,,L,,W,,,-,+,+,10,CCOC(=O)c1cncn1[C@H](C)c1ccccc1,
Etomidate,ETOMIDATE,Selleck_L1300,S,,,F,,,,,,,,,,,L,,,,-,+,+,10,CCOC(=O)c1cncn1[C@H](C)c1ccccc1,
Etomidate hydrochloride,ETOMIDATE,Selleck_L1300,M,,,,,,,Y,,,,,,I,,,,,-,+,+,10,CCOC(=O)c1cncn1[C@H](C)c1ccccc1,
Etomidate hydrochloride,ETOMIDATE,Selleck_L1300,,Y,,,,,,,A,,,,,V,,,,,-,+,+,10,CCOC(=O)c1cncn1[C@H](C)c1ccccc1,
Etomidate hydrochloride,ETOMIDATE,Selleck_L1300,,,,F,,,,,,,T,,,V,,,,,-,+,+,10,CCOC(=O)c1cncn1[C@H](C)c1ccccc1,
Etomidate hydrochloride,ETOMIDATE,Selleck_L1300,,Y,,,,,,,,,,,,V,,,,,-,+,+,10,CCOC(=O)c1cncn1[C@H](C)c1ccccc1,
Etomidate,ETOMIDATE,Selleck_L1300,M,,,,,,D,,,,,,,,L,,,,-,-,+,100,CCOC(=O)c1cncn1[C@H](C)c1ccccc1,
Etomidate,ETOMIDATE,Selleck_L1300,,L,,F,,,,,,,,V,,,,,,,-,-,+,100,CCOC(=O)c1cncn1[C@H](C)c1ccccc1,
Etomidate hydrochloride,ETOMIDATE,Selleck_L1300,,Y,,,,,,,,,,Q,,V,,,,,-,-,+,100,CCOC(=O)c1cncn1[C@H](C)c1ccccc1,
Medetomidine HCl,MEDETOMIDINE,Selleck_L1300,D,,,,,,,,,,,,,,V,,,,-,-,+,100,Cc1cccc(C(C)c2c[nH]cn2)c1C,
Medetomidine HCl,MEDETOMIDINE,Selleck_L1300,E,L,,,F,,,,,,,,,,,,,,-,-,+,100,Cc1cccc(C(C)c2c[nH]cn2)c1C,
Medetomidine HCl,MEDETOMIDINE,Selleck_L1300,D,,,,I,,,,,,,,,,,,,,-,-,+,100,Cc1cccc(C(C)c2c[nH]cn2)c1C,
Capsaicin(Vanilloid),CAPSAICIN,Selleck_L1300,,,,,D,,,,A,,,V,,,,,,,-,+,+,10,COc1cc(CNC(=O)CCCC/C=C/C(C)C)ccc1O,
Capsaicin(Vanilloid),CAPSAICIN,Selleck_L1300,M,,,,,,,,,,F,,,T,,,,,-,+,+,10,COc1cc(CNC(=O)CCCC/C=C/C(C)C)ccc1O,
Capsaicin(Vanilloid),CAPSAICIN,Selleck_L1300,,,,,,,,,,,S,I,,,,,F,,-,+,+,10,COc1cc(CNC(=O)CCCC/C=C/C(C)C)ccc1O,
Capsaicin(Vanilloid),CAPSAICIN,Selleck_L1300,,Y,,,,,,,,,,,,V,,,,,-,-,+,100,COc1cc(CNC(=O)CCCC/C=C/C(C)C)ccc1O,
Capsaicin(Vanilloid),CAPSAICIN,Selleck_L1300,,Y,,,,,,,,,,,,T,,,,,-,-,+,100,COc1cc(CNC(=O)CCCC/C=C/C(C)C)ccc1O,
Capsaicin(Vanilloid),CAPSAICIN,Selleck_L1300,,,,,,,,,,,G,,,T,,,,,-,-,+,100,COc1cc(CNC(=O)CCCC/C=C/C(C)C)ccc1O,
Capsaicin(Vanilloid),CAPSAICIN,Selleck_L1300,M,L,,,,,,,,,,,,A,,,,,-,-,+,100,COc1cc(CNC(=O)CCCC/C=C/C(C)C)ccc1O,
Capsaicin(Vanilloid),CAPSAICIN,Selleck_L1300,,,,,,,,,,,M,,,A,,,M,,-,-,+,100,COc1cc(CNC(=O)CCCC/C=C/C(C)C)ccc1O,
Capsaicin(Vanilloid),CAPSAICIN,Selleck_L1300,,Y,,,,,,,,,,,,I,,,N,,-,-,+,100,COc1cc(CNC(=O)CCCC/C=C/C(C)C)ccc1O,
Capsaicin(Vanilloid),CAPSAICIN,Selleck_L1300,,,,,,,,,,,A,,,,,,,,-,-,+,100,COc1cc(CNC(=O)CCCC/C=C/C(C)C)ccc1O,
Dihydrocapsaicin,DIHYDROCAPSAICIN,Selleck_L1300,,Y,,,,,,,,,,,,V,,,,,+,+,+,1,COc1cc(CNC(=O)CCCCCCC(C)C)ccc1O,
Dihydrocapsaicin,DIHYDROCAPSAICIN,Selleck_L1300,R,,,,,,,,,,S,I,,,,,,,+,+,+,1,COc1cc(CNC(=O)CCCCCCC(C)C)ccc1O,
Dihydrocapsaicin,DIHYDROCAPSAICIN,Selleck_L1300,,,,,,,,,,,T,I,,,,,,,-,+,+,10,COc1cc(CNC(=O)CCCCCCC(C)C)ccc1O,
Dihydrocapsaicin,DIHYDROCAPSAICIN,Selleck_L1300,,,,,,,,,,,A,,,S,,,,,-,+,+,10,COc1cc(CNC(=O)CCCCCCC(C)C)ccc1O,
Dihydrocapsaicin,DIHYDROCAPSAICIN,Selleck_L1300,,I,,,,,,,,,T,,,,,,I,,-,+,+,10,COc1cc(CNC(=O)CCCCCCC(C)C)ccc1O,
Dihydrocapsaicin,DIHYDROCAPSAICIN,Selleck_L1300,,,,,,,,L,,,A,N,,,,,,,-,+,+,10,COc1cc(CNC(=O)CCCCCCC(C)C)ccc1O,
Dihydrocapsaicin,DIHYDROCAPSAICIN,Selleck_L1300,,L,,,,,D,,,,,,,H,,,,,-,+,+,10,COc1cc(CNC(=O)CCCCCCC(C)C)ccc1O,
Dihydrocapsaicin,DIHYDROCAPSAICIN,Selleck_L1300,,,,,L,,,L,,,A,,,,,,,,-,+,+,10,COc1cc(CNC(=O)CCCCCCC(C)C)ccc1O,
Dihydrocapsaicin,DIHYDROCAPSAICIN,Selleck_L1300,Q,,,,,,,,,,,,,T,,,H,,-,+,+,10,COc1cc(CNC(=O)CCCCCCC(C)C)ccc1O,
Dihydrocapsaicin,DIHYDROCAPSAICIN,Selleck_L1300,,,,,,,,,,,G,,,T,,,,,-,+,+,10,COc1cc(CNC(=O)CCCCCCC(C)C)ccc1O,
Dihydrocapsaicin,DIHYDROCAPSAICIN,Selleck_L1300,M,T,,,,,,,,,,,,A,,,,,-,+,+,10,COc1cc(CNC(=O)CCCCCCC(C)C)ccc1O,
Dihydrocapsaicin,DIHYDROCAPSAICIN,Selleck_L1300,,Y,,,,,,M,,,,,,V,,,,,-,+,+,10,COc1cc(CNC(=O)CCCCCCC(C)C)ccc1O,
Dihydrocapsaicin,DIHYDROCAPSAICIN,Selleck_L1300,,L,,,,,,,,,A,,,,,,M,,-,+,+,10,COc1cc(CNC(=O)CCCCCCC(C)C)ccc1O,
Dihydrocapsaicin,DIHYDROCAPSAICIN,Selleck_L1300,,,,,,,,,,,A,,,,,,,,-,+,+,10,COc1cc(CNC(=O)CCCCCCC(C)C)ccc1O,
Dihydrocapsaicin,DIHYDROCAPSAICIN,Selleck_L1300,,Y,,,,,,,,,,,,S,,,,,-,-,+,100,COc1cc(CNC(=O)CCCCCCC(C)C)ccc1O,
Dihydrocapsaicin,DIHYDROCAPSAICIN,Selleck_L1300,,,,,,,,,,,G,,,,,,,,-,-,+,100,COc1cc(CNC(=O)CCCCCCC(C)C)ccc1O,
Dihydrocapsaicin,DIHYDROCAPSAICIN,Selleck_L1300,A,,,,,,,,,,,,,H,M,,,,-,-,+,100,COc1cc(CNC(=O)CCCCCCC(C)C)ccc1O,
Moguisteine,MOGUISTEINE,Selleck_L1300,,Y,,,,,,,,,,,,V,,,,,-,+,+,10,CCOC(=O)CC(=O)N1CCSC1COc1ccccc1OC,
Nonivamide,NONIVAMIDE,Selleck_L1300,,Y,,,,,,,,,,,,T,,,,,-,+,+,10,CCCCCCCCC(=O)NCc1ccc(O)c(OC)c1,
Nonivamide,NONIVAMIDE,Selleck_L1300,,,,,,,,,,,T,V,,,,,,,-,+,+,10,CCCCCCCCC(=O)NCc1ccc(O)c(OC)c1,
Nonivamide,NONIVAMIDE,Selleck_L1300,,Y,,,,,,,,,,,,V,,,,,-,+,+,10,CCCCCCCCC(=O)NCc1ccc(O)c(OC)c1,
Nonivamide,NONIVAMIDE,Selleck_L1300,,,,,,,,,,,,,,,,,H,,-,+,+,10,CCCCCCCCC(=O)NCc1ccc(O)c(OC)c1,
Nonivamide,NONIVAMIDE,Selleck_L1300,,Y,,,,,,,,,,,,S,,,,,-,-,+,100,CCCCCCCCC(=O)NCc1ccc(O)c(OC)c1,
Nonivamide,NONIVAMIDE,Selleck_L1300,,,,,,,,,,,,,,,V,,H,,-,-,+,100,CCCCCCCCC(=O)NCc1ccc(O)c(OC)c1,
Nonivamide,NONIVAMIDE,Selleck_L1300,,,,,,,,,,,F,,,A,,,,S,-,-,+,100,CCCCCCCCC(=O)NCc1ccc(O)c(OC)c1,
Nonivamide,NONIVAMIDE,Selleck_L1300,R,I,,,,,,,,,,,,S,,,,,-,-,+,100,CCCCCCCCC(=O)NCc1ccc(O)c(OC)c1,
Nonivamide,NONIVAMIDE,Selleck_L1300,,,,I,,,,,,,,,,,,,H,,-,-,+,100,CCCCCCCCC(=O)NCc1ccc(O)c(OC)c1,
Nonivamide,NONIVAMIDE,Selleck_L1300,,,,,,,,,,,A,,,,,,,,-,-,+,100,CCCCCCCCC(=O)NCc1ccc(O)c(OC)c1,
Olanexidine Hydrochloride semihydrate,OLANEXIDINE,Selleck_L1300,,,,,,,,,,,,,,,,,H,D,-,+,tox,10,CCCCCCCC/N=C(N)/N=C(\N)NCc1ccc(Cl)c(Cl)c1,
Olanexidine Hydrochloride semihydrate,OLANEXIDINE,Selleck_L1300,,,,,,,,,,,,,,,,,I,E,-,+,tox,10,CCCCCCCC/N=C(N)/N=C(\N)NCc1ccc(Cl)c(Cl)c1,
Olanexidine Hydrochloride semihydrate,OLANEXIDINE,Selleck_L1300,,,,,,,,,,,,,,,,,,D,-,+,tox,10,CCCCCCCC/N=C(N)/N=C(\N)NCc1ccc(Cl)c(Cl)c1,
Olanexidine Hydrochloride semihydrate,OLANEXIDINE,Selleck_L1300,,,,,,,,,,,,,,L,,,,D,-,+,tox,10,CCCCCCCC/N=C(N)/N=C(\N)NCc1ccc(Cl)c(Cl)c1,
Ramelteon,RAMELTEON,Selleck_L1300,,,,,G,,,W,,,,,,,,,,,-,-,+,100,CCC(=O)NCC[C@@H]1CCc2ccc3c(c21)CCO3,
Ramelteon,RAMELTEON,Selleck_L1300,,Y,,,,,,,,,,,,,I,,,,-,-,+,100,CCC(=O)NCC[C@@H]1CCc2ccc3c(c21)CCO3,
S- (+)-Rolipram,S-ROLIPRAM,Selleck_L1300,,,W,,,,,,,,,,,A,,,F,,-,-,+,100,COc1ccc([C@H]2CNC(=O)C2)cc1OC1CCCC1,
S- (+)-Rolipram,S-ROLIPRAM,Selleck_L1300,,,F,,,,,,,,,,,G,,,,,-,-,+,100,COc1ccc([C@H]2CNC(=O)C2)cc1OC1CCCC1,
Zucapsaicin,ZUCAPSAICIN,Selleck_L1300,,,,,,,,,,,A,D,,A,,,,,-,+,+,10,COc1cc(CNC(=O)CCCC/C=C\C(C)C)ccc1O,
Zucapsaicin,ZUCAPSAICIN,Selleck_L1300,,,,,,,,,,,A,M,,,,,T,,-,+,+,10,COc1cc(CNC(=O)CCCC/C=C\C(C)C)ccc1O,
Zucapsaicin,ZUCAPSAICIN,Selleck_L1300,,,,,,,,,,,G,,,A,,,,,-,+,+,10,COc1cc(CNC(=O)CCCC/C=C\C(C)C)ccc1O,
Zucapsaicin,ZUCAPSAICIN,Selleck_L1300,,Y,,,,,,,,,,,,T,,,,,-,-,+,100,COc1cc(CNC(=O)CCCC/C=C\C(C)C)ccc1O,
Zucapsaicin,ZUCAPSAICIN,Selleck_L1300,M,,,,,,,,,,G,,,,,,,,-,-,+,100,COc1cc(CNC(=O)CCCC/C=C\C(C)C)ccc1O,
Zucapsaicin,ZUCAPSAICIN,Selleck_L1300,M,,,,,,,,,,S,M,,,,,,,-,-,+,100,COc1cc(CNC(=O)CCCC/C=C\C(C)C)ccc1O,
Zucapsaicin,ZUCAPSAICIN,Selleck_L1300,A,,,,,,,,,,,Q,,H,,,,,-,-,+,100,COc1cc(CNC(=O)CCCC/C=C\C(C)C)ccc1O,
Zucapsaicin,ZUCAPSAICIN,Selleck_L1300,,,,,,,,,,,A,Q,,,I,,,,-,-,+,100,COc1cc(CNC(=O)CCCC/C=C\C(C)C)ccc1O,
Zucapsaicin,ZUCAPSAICIN,Selleck_L1300,,,,,,,,,,,A,G,,,V,,,,-,-,+,100,COc1cc(CNC(=O)CCCC/C=C\C(C)C)ccc1O,
Zucapsaicin,ZUCAPSAICIN,Selleck_L1300,,,,,,,,,,,T,I,,,,,,,-,-,+,100,COc1cc(CNC(=O)CCCC/C=C\C(C)C)ccc1O,
Zucapsaicin,ZUCAPSAICIN,Selleck_L1300,T,,,,,,,,,,A,,,,,,L,,-,-,+,100,COc1cc(CNC(=O)CCCC/C=C\C(C)C)ccc1O,
Zucapsaicin,ZUCAPSAICIN,Selleck_L1300,,,,,,,,,,,A,,,,,,,,-,-,+,100,COc1cc(CNC(=O)CCCC/C=C\C(C)C)ccc1O,
Alachlor,ALACHLOR,LATCA,,,,,,,,,,,,,,L,,,N,,-,+,+,10,CCc1cccc(CC)c1N(COC)C(=O)CCl,
Alachlor,ALACHLOR,LATCA,,,,,,,,,,,,,,I,,,,,-,-,+,100,CCc1cccc(CC)c1N(COC)C(=O)CCl,
Clomazone,CLOMAZONE,LATCA,R,,I,,G,,,,,,,,,,,,,,nd,nd,+,nd,CC1(C)CON(Cc2ccccc2Cl)C1=O,
Crotamiton,CROTAMITON,Selleck_L1300,,,,,,,,,,,,,,L,M,,,,-,-,+,100,C/C=C/C(=O)N(CC)c1ccccc1C,
Crotamiton,CROTAMITON,Selleck_L1300,,,,,,,D,,,,,,,,,,H,,-,-,+,100,C/C=C/C(=O)N(CC)c1ccccc1C,
Crotamiton,CROTAMITON,Selleck_L1300,,,,,,,,,,,,,,I,,,,,-,-,+,100,C/C=C/C(=O)N(CC)c1ccccc1C,
Amiprofos Methyl,AMIPROPHOS METHYL,LATCA,,,,,,,,,,,,Q,,M,,,,,-,+,+,10,COP(=S)(NC(C)C)Oc1ccc(C)cc1[N+](=O)[O-],
Amiprofos Methyl,AMIPROPHOS METHYL,LATCA,,,,,,,,,,,,,,M,,,L,,-,+,+,10,COP(=S)(NC(C)C)Oc1ccc(C)cc1[N+](=O)[O-],
Amiprofos Methyl,AMIPROPHOS METHYL,LATCA,,,,,,,,,,,,E,,I,,,H,,nd,nd,+,nd,COP(=S)(NC(C)C)Oc1ccc(C)cc1[N+](=O)[O-],
Carbimazole,CARBIMAZOLE,Selleck_L1300,,,,,,,,,,M,,,,K,,,T,,-,+,+,10,CCOC(=O)n1ccn(C)c1=S,
Carbimazole,CARBIMAZOLE,Selleck_L1300,,,,,,,,,,,,,,K,,,M,,-,-,+,100,CCOC(=O)n1ccn(C)c1=S,
Carbimazole,CARBIMAZOLE,Selleck_L1300,,,,,,,D,,,,,,,K,,,,,-,-,+,100,CCOC(=O)n1ccn(C)c1=S,
Carbimazole,CARBIMAZOLE,Selleck_L1300,,,,,,,,,,,,,,K,,,,,-,-,+,100,CCOC(=O)n1ccn(C)c1=S,
DEET Pestanal,DIETHYLTOLUAMIDE,agchems,,L,,F,,,,,,A,,,,,,,,,-,+,+,10,CCN(CC)C(=O)c1cccc(C)c1,
DEET Pestanal,DIETHYLTOLUAMIDE,agchems,R,,M,,,,,,,,,M,,,,,,,-,+,+,10,CCN(CC)C(=O)c1cccc(C)c1,
DEET Pestanal,DIETHYLTOLUAMIDE,agchems,R,,M,,,,,,,,,,,,,,,,-,+,+,10,CCN(CC)C(=O)c1cccc(C)c1,
DEET Pestanal,DIETHYLTOLUAMIDE,agchems,R,,,,,,,,,,,,,H,,,,,-,-,+,100,CCN(CC)C(=O)c1cccc(C)c1,
DEET Pestanal,DIETHYLTOLUAMIDE,agchems,R,,,,,,,,,,W,,,H,,,,,-,-,+,100,CCN(CC)C(=O)c1cccc(C)c1,
DEET Pestanal,DIETHYLTOLUAMIDE,agchems,,Y,,M,,,,,,,,,,,,,,,-,-,+,100,CCN(CC)C(=O)c1cccc(C)c1,
DEET Pestanal,DIETHYLTOLUAMIDE,agchems,,,L,,,,,,,,,,,G,M,,,,-,-,+,100,CCN(CC)C(=O)c1cccc(C)c1,
DEET Pestanal,DIETHYLTOLUAMIDE,agchems,,Y,,,,,,,,,,,,A,M,,,,-,-,+,100,CCN(CC)C(=O)c1cccc(C)c1,
DEET Pestanal,DIETHYLTOLUAMIDE,agchems,R,,M,,,L,,,,,,,,H,,,,,-,-,+,100,CCN(CC)C(=O)c1cccc(C)c1,
DEET Pestanal,DIETHYLTOLUAMIDE,agchems,,Y,,,,,,,,,,,,V,,,,,-,-,+,100,CCN(CC)C(=O)c1cccc(C)c1,
DEET Pestanal,DIETHYLTOLUAMIDE,agchems,R,,,,,,,,,,,,,H,,,,,-,-,+,100,CCN(CC)C(=O)c1cccc(C)c1,
DEET Pestanal,DIETHYLTOLUAMIDE,agchems,,Y,,,,,,,,,,,,A,,,,,-,-,+,100,CCN(CC)C(=O)c1cccc(C)c1,
DEET Pestanal,DIETHYLTOLUAMIDE,agchems,,,L,,,,,,,,,,,G,I,,,,-,-,+,100,CCN(CC)C(=O)c1cccc(C)c1,
DEET Pestanal,DIETHYLTOLUAMIDE,agchems,,Y,,,,,,,,,,,,A,,,,,-,-,+,100,CCN(CC)C(=O)c1cccc(C)c1,
DEET Pestanal,DIETHYLTOLUAMIDE,agchems,,,W,,,,,,,,,,,A,L,,,,-,-,+,100,CCN(CC)C(=O)c1cccc(C)c1,
DEET,DIETHYLTOLUAMIDE,Selleck_L1300,,,Y,,,,,,,,,,,A,,,,,-,-,+,100,CCN(CC)C(=O)c1cccc(C)c1,
Cycloate,CYCLOATE,agchems,R,L,,,,,,,,,,,,,L,,,,-,+,+,10,CCSC(=O)N(CC)C1CCCCC1,
Cycloate,CYCLOATE,agchems,,,F,,,,,,,N,,,,,,,,S,-,+,+,10,CCSC(=O)N(CC)C1CCCCC1,
Cycloate,CYCLOATE,agchems,,,L,,,,,,,H,,Q,,,,,,,-,+,+,10,CCSC(=O)N(CC)C1CCCCC1,
Cycloate,CYCLOATE,agchems,,,L,,,,,,,N,,,,,,,,,-,+,+,10,CCSC(=O)N(CC)C1CCCCC1,
Cycloate,CYCLOATE,agchems,,,L,,,,,,,G,F,,,,,,,,-,+,+,10,CCSC(=O)N(CC)C1CCCCC1,
Cycloate,CYCLOATE,agchems,,,L,,,,,,,D,,,,,,,,Q,-,+,+,10,CCSC(=O)N(CC)C1CCCCC1,
Cycloate,CYCLOATE,agchems,L,,L,,,,,,,D,,,,,,,,,-,+,+,10,CCSC(=O)N(CC)C1CCCCC1,
Cycloate,CYCLOATE,agchems,,,L,,,,,,,D,,Q,,,,,,,-,+,+,10,CCSC(=O)N(CC)C1CCCCC1,
Cycloate,CYCLOATE,agchems,S,,L,,,,,,,N,,,,,,,,,-,+,+,10,CCSC(=O)N(CC)C1CCCCC1,
Cycloate,CYCLOATE,agchems,A,,F,,,,,,,G,,N,,,,,,,-,+,+,10,CCSC(=O)N(CC)C1CCCCC1,
Cycloate,CYCLOATE,agchems,,,Y,,,,,,,N,,,,,,,,D,-,+,+,10,CCSC(=O)N(CC)C1CCCCC1,
Cycloate,CYCLOATE,agchems,,Y,,,,,,Y,,,,,,I,,,,,-,-,+,100,CCSC(=O)N(CC)C1CCCCC1,
Cycloate,CYCLOATE,agchems,,Y,,M,,,,,,,,,,,,,,,-,-,+,100,CCSC(=O)N(CC)C1CCCCC1,
Cycloate,CYCLOATE,agchems,,Y,,,,,,,,,,,,V,,,,,-,-,+,100,CCSC(=O)N(CC)C1CCCCC1,
Cycloate,CYCLOATE,agchems,N,,,M,,,,,,H,,,,,,,,,-,-,+,100,CCSC(=O)N(CC)C1CCCCC1,
Ethoprop,ETHOPROPHOS,LATCA,,Y,,M,,,,,,M,,,,,,,,,nd,nd,+,nd,CCCSP(=O)(OCC)SCCC,
Thioctic acid,THIOCTIC ACID,Selleck_L1300,,,,,,L,,,,,,,,,,,,,-,-,+,100,O=C(O)CCCC[C@@H]1CCSS1,
Valproic acid,VALPROIC ACID,Selleck_L1300,,L,,,,,,,R,,,,,,,,S,,-,+,+,10,CCCC(CCC)C(=O)O,
Valproic acid,VALPROIC ACID,Selleck_L1300,,M,,,,,,,R,,,,,I,,,,,-,+,+,10,CCCC(CCC)C(=O)O,
Valproic acid,VALPROIC ACID,Selleck_L1300,,L,,,,,,,R,,,,,,,,,,-,+,+,10,CCCC(CCC)C(=O)O,
Valproic acid,VALPROIC ACID,Selleck_L1300,,,,,,,,,R,,,,,,S,,,H,-,-,+,100,CCCC(CCC)C(=O)O,
Valproic acid sodium salt (Sodium valproate),VALPROIC ACID,Selleck_L1300,,M,,,,,,,R,,,,,,,,,,-,-,+,100,CCCC(CCC)C(=O)O,
Divalproex Sodium,VALPROIC ACID,Selleck_L1300,,,,,,,,,R,,,,,,,,,,-,-,+,100,CCCC(CCC)C(=O)O,
Acetamiprid,ACETAMIPRID,agchems,L,,,,W,,,,,,H,,,,,,,,-,-,+,100,C/C(=N\C#N)N(C)Cc1ccc(Cl)nc1,
Amitraz,AMITRAZ,agchems,,L,,,I,,,,,,,,,,,,,F,-,-,+,100,Cc1ccc(/N=C/N(C)/C=N/c2ccc(C)cc2C)c(C)c1,
Amitraz,AMITRAZ,agchems,E,,,,I,,,,,,,,,,,,,,nd,nd,+,nd,Cc1ccc(/N=C/N(C)/C=N/c2ccc(C)cc2C)c(C)c1,
Amitraz,AMITRAZ,agchems,,,K,,,,,,,,,,,,,,,,nd,nd,+,nd,Cc1ccc(/N=C/N(C)/C=N/c2ccc(C)cc2C)c(C)c1,
Amitraz,AMITRAZ,agchems,,R,,,,,,,,,,Q,,,,,,,nd,nd,+,nd,Cc1ccc(/N=C/N(C)/C=N/c2ccc(C)cc2C)c(C)c1,
Istradefylline,ISTRADEFYLLINE,Selleck_L1300,,,,,,,,,,,,,,T,,,,G,-,+,+,10,CCn1c(=O)c2c(nc(/C=C/c3ccc(OC)c(OC)c3)n2C)n(CC)c1=O,
Picoxystrobin,PICOXYSTROBIN,agchems,,,,,,,,,,,,E,,I,,,,V,-,+,+,10,CO/C=C(/C(=O)OC)c1ccccc1COc1cccc(C(F)(F)F)n1,
Picoxystrobin,PICOXYSTROBIN,agchems,,,,,,,,,,A,,,,V,,,,G,-,+,+,10,CO/C=C(/C(=O)OC)c1ccccc1COc1cccc(C(F)(F)F)n1,
Picoxystrobin,PICOXYSTROBIN,agchems,,,,,,,,,,,,,,I,,,,T,-,+,+,10,CO/C=C(/C(=O)OC)c1ccccc1COc1cccc(C(F)(F)F)n1,
Picoxystrobin,PICOXYSTROBIN,agchems,,,,,,,,,,,,,,T,I,,,V,-,+,+,10,CO/C=C(/C(=O)OC)c1ccccc1COc1cccc(C(F)(F)F)n1,
Picoxystrobin,PICOXYSTROBIN,agchems,,,,,,,,,,,,,,I,I,,,G,-,+,+,10,CO/C=C(/C(=O)OC)c1ccccc1COc1cccc(C(F)(F)F)n1,
Picoxystrobin,PICOXYSTROBIN,agchems,,,,,,,,Y,,,,,,I,,,,V,-,+,+,10,CO/C=C(/C(=O)OC)c1ccccc1COc1cccc(C(F)(F)F)n1,
Picoxystrobin,PICOXYSTROBIN,agchems,,,A,,,,,,,,,,,T,M,,,,-,+,+,10,CO/C=C(/C(=O)OC)c1ccccc1COc1cccc(C(F)(F)F)n1,
Picoxystrobin,PICOXYSTROBIN,agchems,,,,,,,,,,,,,,I,M,,,I,-,+,+,10,CO/C=C(/C(=O)OC)c1ccccc1COc1cccc(C(F)(F)F)n1,
Picoxystrobin,PICOXYSTROBIN,agchems,,,,,,,,,,,,E,,A,,,,V,-,+,+,10,CO/C=C(/C(=O)OC)c1ccccc1COc1cccc(C(F)(F)F)n1,
Picoxystrobin,PICOXYSTROBIN,agchems,,,,,,,,,,,,,,V,,,,I,-,+,+,10,CO/C=C(/C(=O)OC)c1ccccc1COc1cccc(C(F)(F)F)n1,
Picoxystrobin,PICOXYSTROBIN,agchems,T,,,,,,,,,,,,,T,L,,,,-,+,+,10,CO/C=C(/C(=O)OC)c1ccccc1COc1cccc(C(F)(F)F)n1,
Picoxystrobin,PICOXYSTROBIN,agchems,,,,,,,,,,,,,,V,,,,V,-,+,+,10,CO/C=C(/C(=O)OC)c1ccccc1COc1cccc(C(F)(F)F)n1,
Picoxystrobin,PICOXYSTROBIN,agchems,,,,,,,,,,,,,,A,,,I,T,-,-,+,100,CO/C=C(/C(=O)OC)c1ccccc1COc1cccc(C(F)(F)F)n1,
Picoxystrobin,PICOXYSTROBIN,agchems,,,,,,,,,,,,,,S,L,,,V,-,-,+,100,CO/C=C(/C(=O)OC)c1ccccc1COc1cccc(C(F)(F)F)n1,
Pyraclostrobin,PYRACLOSTROBIN,agchems,,,,,,,,,,,,,,A,G,,,Q,+,+,+,1,COC(=O)N(OC)c1ccccc1COc1ccn(-c2ccc(Cl)cc2)n1,
Pyraclostrobin,PYRACLOSTROBIN,agchems,A,,,M,,,,,,,,,,I,,,,,+,+,+,1,COC(=O)N(OC)c1ccccc1COc1ccn(-c2ccc(Cl)cc2)n1,
Pyraclostrobin,PYRACLOSTROBIN,agchems,,,,,G,,,,,,,,,G,G,,,,+,+,+,1,COC(=O)N(OC)c1ccccc1COc1ccn(-c2ccc(Cl)cc2)n1,
Pyraclostrobin,PYRACLOSTROBIN,agchems,,,,,,,,,,,,,,S,G,,,,+,+,+,1,COC(=O)N(OC)c1ccccc1COc1ccn(-c2ccc(Cl)cc2)n1,
Pyraclostrobin,PYRACLOSTROBIN,agchems,,,,,,,,,,,A,,,V,,,F,,-,+,+,10,COC(=O)N(OC)c1ccccc1COc1ccn(-c2ccc(Cl)cc2)n1,
Pyraclostrobin,PYRACLOSTROBIN,agchems,,,,,G,,D,,,,,,,G,,,,,-,+,+,10,COC(=O)N(OC)c1ccccc1COc1ccn(-c2ccc(Cl)cc2)n1,
Pyraclostrobin,PYRACLOSTROBIN,agchems,,,,,,,,,,,F,,,G,G,,,,-,+,+,10,COC(=O)N(OC)c1ccccc1COc1ccn(-c2ccc(Cl)cc2)n1,
Pyraclostrobin,PYRACLOSTROBIN,agchems,,,,,,,,,,,,,,T,G,,,,-,+,+,10,COC(=O)N(OC)c1ccccc1COc1ccn(-c2ccc(Cl)cc2)n1,
Pyraclostrobin,PYRACLOSTROBIN,agchems,,,L,,,,,,,,,,,S,,,F,,-,+,+,10,COC(=O)N(OC)c1ccccc1COc1ccn(-c2ccc(Cl)cc2)n1,
Pyraclostrobin,PYRACLOSTROBIN,agchems,,,,,,,D,,,,,,,G,G,,,,-,+,+,10,COC(=O)N(OC)c1ccccc1COc1ccn(-c2ccc(Cl)cc2)n1,
Pyraclostrobin,PYRACLOSTROBIN,agchems,,,,,,,,,,,,,,A,G,,S,S,-,+,+,10,COC(=O)N(OC)c1ccccc1COc1ccn(-c2ccc(Cl)cc2)n1,
Pyraclostrobin,PYRACLOSTROBIN,agchems,,,,,,,,,,,,,,T,G,,,,-,+,+,10,COC(=O)N(OC)c1ccccc1COc1ccn(-c2ccc(Cl)cc2)n1,
"Voxelotor(GBT440, GTx011)",VOXELOTOR,Selleck_L1300,,,,,,,,A,,,,K,,,,,,,+,+,+,1,CC(C)n1nccc1-c1ncccc1COc1cccc(O)c1C=O,
"Voxelotor(GBT440, GTx011)",VOXELOTOR,Selleck_L1300,,,,,,,,A,,,,Q,,,,,,,+,+,+,1,CC(C)n1nccc1-c1ncccc1COc1cccc(O)c1C=O,
"Voxelotor(GBT440, GTx011)",VOXELOTOR,Selleck_L1300,,,,,,,,,,,,,,K,L,,,,+,+,+,1,CC(C)n1nccc1-c1ncccc1COc1cccc(O)c1C=O,
"Voxelotor(GBT440, GTx011)",VOXELOTOR,Selleck_L1300,,,,,,,,S,,,,K,,,,,,,+,+,+,1,CC(C)n1nccc1-c1ncccc1COc1cccc(O)c1C=O,
"Voxelotor(GBT440, GTx011)",VOXELOTOR,Selleck_L1300,,,,,,,,A,,,,K,,,,,,,-,+,+,10,CC(C)n1nccc1-c1ncccc1COc1cccc(O)c1C=O,
Amsacrine Hydrochloride,AMSACRINE,LATCA,,Y,,,,,G,,,,M,,,,,,,,nd,nd,+,nd,COc1cc(NS(C)(=O)=O)ccc1Nc1c2ccccc2nc2ccccc12,
Amsacrine Hydrochloride,AMSACRINE,LATCA,,,,,,,,,A,M,,,,V,,,,,nd,nd,+,nd,COc1cc(NS(C)(=O)=O)ccc1Nc1c2ccccc2nc2ccccc12,
Mebendazole,MEBENDAZOLE,Selleck_L1300,A,,,M,,,,,,,,,,I,,,,,-,+,+,10,COC(=O)Nc1nc2ccc(C(=O)c3ccccc3)cc2[nH]1,
Phenmedipham,PHENMEDIPHAM,agchems,M,,,,,,,,,,L,,,,,,,,-,-,+,100,COC(=O)Nc1cccc(OC(=O)Nc2cccc(C)c2)c1,
Diclofenac Sodium,DICLOFENAC,Selleck_L1300,,,Y,,G,,Q,,,,,,,,,,,,-,+,+,10,O=C(O)Cc1ccccc1Nc1c(Cl)cccc1Cl,
Diclofenac Sodium,DICLOFENAC,Selleck_L1300,,T,,,G,,Q,,,,,,,,,,,,-,-,+,100,O=C(O)Cc1ccccc1Nc1c(Cl)cccc1Cl,
Diclofenac Epolamine,DICLOFENAC,Selleck_L1300,,T,,M,,,Q,,,,,,,,,,,,-,-,+,100,O=C(O)Cc1ccccc1Nc1c(Cl)cccc1Cl,
Flamprop-methyl,FLAMPROP-METHYL,agchems,M,,,,,,D,R,,,,,,,,,,,-,+,+,10,CC(C(=O)O)N(C(=O)c1ccccc1)c1ccc(F)c(Cl)c1,
Flamprop-methyl,FLAMPROP-METHYL,agchems,,,W,,,,,,,K,,,,T,,,,,-,-,+,100,CC(C(=O)O)N(C(=O)c1ccccc1)c1ccc(F)c(Cl)c1,
Flamprop-methyl,FLAMPROP-METHYL,agchems,,R,,,,,D,,,M,,,,,,,,,-,-,+,100,CC(C(=O)O)N(C(=O)c1ccccc1)c1ccc(F)c(Cl)c1,
Flamprop-methyl,FLAMPROP-METHYL,agchems,,,,,,,,,,,,,,V,,W,G,,-,-,+,100,CC(C(=O)O)N(C(=O)c1ccccc1)c1ccc(F)c(Cl)c1,
Lonidamine,LONIDAMINE,Selleck_L1300,,R,H,,G,,,,,,,,,,,,,,+,+,+,1,O=C(O)c1nn(Cc2ccc(Cl)cc2Cl)c2ccccc12,
Lonidamine,LONIDAMINE,Selleck_L1300,,R,L,,,,,,,,,,,,,,,,+,+,+,1,O=C(O)c1nn(Cc2ccc(Cl)cc2Cl)c2ccccc12,
Lonidamine,LONIDAMINE,Selleck_L1300,,R,M,,,,,,,,,,,,,,,,-,+,+,10,O=C(O)c1nn(Cc2ccc(Cl)cc2Cl)c2ccccc12,
Lonidamine,LONIDAMINE,Selleck_L1300,,,H,,,,G,L,,,,,,,,,,,-,+,+,10,O=C(O)c1nn(Cc2ccc(Cl)cc2Cl)c2ccccc12,
Lonidamine,LONIDAMINE,Selleck_L1300,,,H,,,,,,,,T,T,,,,,,,-,+,+,10,O=C(O)c1nn(Cc2ccc(Cl)cc2Cl)c2ccccc12,
Lonidamine,LONIDAMINE,Selleck_L1300,,,L,,,,M,,,,,,,,,,,,-,+,+,10,O=C(O)c1nn(Cc2ccc(Cl)cc2Cl)c2ccccc12,
Lonidamine,LONIDAMINE,Selleck_L1300,,,L,,,,Q,,,,,,,,,,,,-,+,+,10,O=C(O)c1nn(Cc2ccc(Cl)cc2Cl)c2ccccc12,
Lonidamine,LONIDAMINE,Selleck_L1300,,R,A,,,,,,,,,,,,,,,,-,-,+,100,O=C(O)c1nn(Cc2ccc(Cl)cc2Cl)c2ccccc12,
Lonidamine,LONIDAMINE,Selleck_L1300,,,L,M,,,M,,,,,,,,,,,,-,-,+,100,O=C(O)c1nn(Cc2ccc(Cl)cc2Cl)c2ccccc12,
Lonidamine,LONIDAMINE,Selleck_L1300,,R,M,,I,,,,,,,,,,,,,,-,-,+,100,O=C(O)c1nn(Cc2ccc(Cl)cc2Cl)c2ccccc12,
Lonidamine,LONIDAMINE,Selleck_L1300,,R,,,I,,,,,,,,,,,,M,,-,-,+,100,O=C(O)c1nn(Cc2ccc(Cl)cc2Cl)c2ccccc12,
Lonidamine,LONIDAMINE,Selleck_L1300,,,L,,,,M,,,,,,,,S,,,,-,-,+,100,O=C(O)c1nn(Cc2ccc(Cl)cc2Cl)c2ccccc12,
Niclosamide,NICLOSAMIDE,Selleck_L1300,S,,,,,,,,,,,,V,,,,,,+,+,+,1,O=C(Nc1ccc([N+](=O)[O-])cc1Cl)c1cc(Cl)ccc1O,
Chlorobenzilat,CHLOROBENZILATE,agchems,S,,,,,,,K,,,,Q,,,,,,D,-,+,+,10,CCOC(=O)C(O)(c1ccc(Cl)cc1)c1ccc(Cl)cc1,
Chlorobenzilat,CHLOROBENZILATE,agchems,,,,,F,,,,A,,,,,,,,T,,-,+,+,10,CCOC(=O)C(O)(c1ccc(Cl)cc1)c1ccc(Cl)cc1,
Dimoxystrobin,DIMOXYSTROBIN,agchems,,,I,,,,,,,,A,,,,,,F,,+,+,+,1,CNC(=O)/C(=N/OC)c1ccccc1COc1cc(C)ccc1C,
Dimoxystrobin,DIMOXYSTROBIN,agchems,R,,,,,,,,,,A,,,,,,,,-,+,+,10,CNC(=O)/C(=N/OC)c1ccccc1COc1cc(C)ccc1C,
Dimoxystrobin,DIMOXYSTROBIN,agchems,,,,,,,,,,,A,,,,V,,,,-,+,+,10,CNC(=O)/C(=N/OC)c1ccccc1COc1cc(C)ccc1C,
Dimoxystrobin,DIMOXYSTROBIN,agchems,,,,,,,,,,,,,,V,N,,,I,-,+,+,10,CNC(=O)/C(=N/OC)c1ccccc1COc1cc(C)ccc1C,
Dimoxystrobin,DIMOXYSTROBIN,agchems,,,,,,,,,,,A,E,,,,,,,-,+,+,10,CNC(=O)/C(=N/OC)c1ccccc1COc1cc(C)ccc1C,
Dimoxystrobin,DIMOXYSTROBIN,agchems,,,,,,,,,,,A,,,,G,W,,,-,+,+,10,CNC(=O)/C(=N/OC)c1ccccc1COc1cc(C)ccc1C,
Dimoxystrobin,DIMOXYSTROBIN,agchems,,,,,,,,,,,A,,,M,,,,,-,-,+,100,CNC(=O)/C(=N/OC)c1ccccc1COc1cc(C)ccc1C,
Dimoxystrobin,DIMOXYSTROBIN,agchems,,,L,,,,,,,,T,,,,,,F,,-,-,+,100,CNC(=O)/C(=N/OC)c1ccccc1COc1cc(C)ccc1C,
Dimoxystrobin,DIMOXYSTROBIN,agchems,,,,,,,,,,,A,D,,,,,,,-,-,+,100,CNC(=O)/C(=N/OC)c1ccccc1COc1cc(C)ccc1C,
Dimoxystrobin,DIMOXYSTROBIN,agchems,,,,,,,,,,,G,,,,G,,F,,-,-,+,100,CNC(=O)/C(=N/OC)c1ccccc1COc1cc(C)ccc1C,
Dimoxystrobin,DIMOXYSTROBIN,agchems,,,,,,,,,,,A,,,A,,,F,,-,-,+,100,CNC(=O)/C(=N/OC)c1ccccc1COc1cc(C)ccc1C,
Dimoxystrobin,DIMOXYSTROBIN,agchems,,,,,,,,,,,A,,,,,,,,-,-,+,100,CNC(=O)/C(=N/OC)c1ccccc1COc1cc(C)ccc1C,
Carpropamid,CARPROPAMID,agchems,,,L,,,,,,,,S,,,,,,,,+,+,+,1,CC[C@]1(C(=O)NC(C)c2ccc(Cl)cc2)[C@H](C)C1(Cl)Cl,
Carpropamid,CARPROPAMID,agchems,,,M,,,,,,,,S,E,,,,,,,+,+,+,1,CC[C@]1(C(=O)NC(C)c2ccc(Cl)cc2)[C@H](C)C1(Cl)Cl,
Carpropamid,CARPROPAMID,agchems,,,F,,,,,,,N,S,,,H,,,,,+,+,+,1,CC[C@]1(C(=O)NC(C)c2ccc(Cl)cc2)[C@H](C)C1(Cl)Cl,
Carpropamid,CARPROPAMID,agchems,,,H,,,,,,,,A,,,,,,,,-,+,+,10,CC[C@]1(C(=O)NC(C)c2ccc(Cl)cc2)[C@H](C)C1(Cl)Cl,
Carpropamid,CARPROPAMID,agchems,,,A,,,,,,,,A,E,,,,,,,-,+,+,10,CC[C@]1(C(=O)NC(C)c2ccc(Cl)cc2)[C@H](C)C1(Cl)Cl,
Carpropamid,CARPROPAMID,agchems,,,A,,,,,,,,G,,,,,,,,-,+,+,10,CC[C@]1(C(=O)NC(C)c2ccc(Cl)cc2)[C@H](C)C1(Cl)Cl,
Carpropamid,CARPROPAMID,agchems,,,H,,,,,,,,A,,,,,,,,-,+,+,10,CC[C@]1(C(=O)NC(C)c2ccc(Cl)cc2)[C@H](C)C1(Cl)Cl,
Carpropamid,CARPROPAMID,agchems,Q,,,,,,,,,H,,,,L,,,,,-,+,+,10,CC[C@]1(C(=O)NC(C)c2ccc(Cl)cc2)[C@H](C)C1(Cl)Cl,
Carpropamid,CARPROPAMID,agchems,,,L,,,,,,,,T,,,,,,E,,-,+,+,10,CC[C@]1(C(=O)NC(C)c2ccc(Cl)cc2)[C@H](C)C1(Cl)Cl,
Carpropamid,CARPROPAMID,agchems,,,A,,,,,,,,S,,,,I,,,,-,+,+,10,CC[C@]1(C(=O)NC(C)c2ccc(Cl)cc2)[C@H](C)C1(Cl)Cl,
Carpropamid,CARPROPAMID,agchems,,,M,,,,,,,,S,,,,,,,,-,+,+,10,CC[C@]1(C(=O)NC(C)c2ccc(Cl)cc2)[C@H](C)C1(Cl)Cl,
Carpropamid,CARPROPAMID,agchems,,,A,,,,,,,,G,,,,,,L,,-,+,+,10,CC[C@]1(C(=O)NC(C)c2ccc(Cl)cc2)[C@H](C)C1(Cl)Cl,
Carpropamid,CARPROPAMID,agchems,,,L,,,,,,,,E,,,,,,,,-,+,+,10,CC[C@]1(C(=O)NC(C)c2ccc(Cl)cc2)[C@H](C)C1(Cl)Cl,
Carpropamid,CARPROPAMID,agchems,,,H,,,,,,,,S,D,,,,,,,-,+,+,10,CC[C@]1(C(=O)NC(C)c2ccc(Cl)cc2)[C@H](C)C1(Cl)Cl,
Carpropamid,CARPROPAMID,agchems,,,H,,,,,,,,S,,,I,,,,,-,+,+,10,CC[C@]1(C(=O)NC(C)c2ccc(Cl)cc2)[C@H](C)C1(Cl)Cl,
Carpropamid,CARPROPAMID,agchems,,Y,,,F,,,,,,A,,,,,,,,-,+,+,10,CC[C@]1(C(=O)NC(C)c2ccc(Cl)cc2)[C@H](C)C1(Cl)Cl,
Carpropamid,CARPROPAMID,agchems,,,M,,,,,,,,T,,,,,,,,-,+,+,10,CC[C@]1(C(=O)NC(C)c2ccc(Cl)cc2)[C@H](C)C1(Cl)Cl,
Flufenacet,FLUFENACET,agchems,,,,,,,,Y,,,G,,,,V,,,,-,-,+,100,CC(C)N(C(=O)COc1nnc(C(F)(F)F)s1)c1ccc(F)cc1,
Flufenacet,FLUFENACET,agchems,,,,,,,,Y,,,A,,,,V,,,,-,-,+,100,CC(C)N(C(=O)COc1nnc(C(F)(F)F)s1)c1ccc(F)cc1,
Flufenacet,FLUFENACET,agchems,,L,,,,,D,,,,A,,,A,L,,,,-,-,+,100,CC(C)N(C(=O)COc1nnc(C(F)(F)F)s1)c1ccc(F)cc1,
Flufenacet,FLUFENACET,agchems,,,Y,,,,,,,H,S,,,,,,,,-,-,+,100,CC(C)N(C(=O)COc1nnc(C(F)(F)F)s1)c1ccc(F)cc1,
Flufenacet,FLUFENACET,agchems,,,A,,,,,,,,A,,,,,,,,nd,nd,+,nd,CC(C)N(C(=O)COc1nnc(C(F)(F)F)s1)c1ccc(F)cc1,
Flufenacet,FLUFENACET,agchems,,,,,,,,,,,G,,,,V,,,,nd,nd,+,nd,CC(C)N(C(=O)COc1nnc(C(F)(F)F)s1)c1ccc(F)cc1,
Trinexapac-ethyl,TRINEXAPAC-ETHYL,agchems,,,Y,,,,H,,,,,,,,,,,,-,-,+,100,CCOC(=O)C1CC(=O)C(=C(C2CC2)O)C(=O)C1,
Trinexapac-ethyl,TRINEXAPAC-ETHYL,agchems,,,,,,,,R,,,,,,,,,H,,-,-,+,100,CCOC(=O)C1CC(=O)C(=C(C2CC2)O)C(=O)C1,
Trinexapac-ethyl,TRINEXAPAC-ETHYL,agchems,,,Y,,,,Q,,,,,,,,,,,,-,-,+,100,CCOC(=O)C1CC(=O)C(=C(C2CC2)O)C(=O)C1,
Malotilate,MALOTILATE,Selleck_L1300,,,,,,,,,,,,,,G,V,,,,-,+,+,10,CC(C)OC(=O)C(C(=O)OC(C)C)=C1SC=CS1,
Nilvadipine,NILVADIPINE,Selleck_L1300,,,L,,,,,,A,H,,,,,,,,,-,-,+,100,COC(=O)C1=C(C#N)NC(C)=C(C(=O)OC(C)C)C1c1cccc([N+](=O)[O-])c1,
Nimodipine,NIMODIPINE,Selleck_L1300,L,,,M,,,,,,,,,,V,,,,,-,-,+,100,COCCOC(=O)C1=C(C)NC(C)=C(C(=O)OC(C)C)C1c1cccc([N+](=O)[O-])c1,
Nitrendipine,NITRENDIPINE,LATCA,L,,,M,,,,,,,,,,,,,,,-,-,+,100,CCOC(=O)C1=C(C)NC(C)=C(C(=O)OC)C1c1cccc([N+](=O)[O-])c1,
Budesonide,BUDESONIDE,LATCA,,L,,,,,,K,,,F,,,,,,,,nd,nd,+,nd,CCCC1OC2CC3C4CCC5=CC(=O)C=CC5(C)C4C(O)CC3(C)C2(C(=O)CO)O1,
Chlormadinone acetate,CHLORMADINONE ACETATE,Selleck_L1300,,,,,F,,,,W,G,,,,,,,,,-,+,+,10,CC(=O)O[C@]1(C(C)=O)CC[C@H]2[C@@H]3C=C(Cl)C4=CC(=O)CC[C@]4(C)[C@H]3CC[C@@]21C,
Chlormadinone acetate,CHLORMADINONE ACETATE,Selleck_L1300,,,,,F,,,,W,H,,,,,,,,,-,+,+,10,CC(=O)O[C@]1(C(C)=O)CC[C@H]2[C@@H]3C=C(Cl)C4=CC(=O)CC[C@]4(C)[C@H]3CC[C@@]21C,
Chlormadinone acetate,CHLORMADINONE ACETATE,Selleck_L1300,,,,,L,,,,A,G,,,,,,,,,-,+,+,10,CC(=O)O[C@]1(C(C)=O)CC[C@H]2[C@@H]3C=C(Cl)C4=CC(=O)CC[C@]4(C)[C@H]3CC[C@@]21C,
Chlormadinone acetate,CHLORMADINONE ACETATE,Selleck_L1300,,,,,F,,,,T,,,,,,,,,H,-,+,+,10,CC(=O)O[C@]1(C(C)=O)CC[C@H]2[C@@H]3C=C(Cl)C4=CC(=O)CC[C@]4(C)[C@H]3CC[C@@]21C,
Chlormadinone acetate,CHLORMADINONE ACETATE,Selleck_L1300,,,,,I,,,,,G,,,,,,,,S,-,+,+,10,CC(=O)O[C@]1(C(C)=O)CC[C@H]2[C@@H]3C=C(Cl)C4=CC(=O)CC[C@]4(C)[C@H]3CC[C@@]21C,
Chlormadinone acetate,CHLORMADINONE ACETATE,Selleck_L1300,,,,,I,,,,,N,,,,,,,N,,-,+,+,10,CC(=O)O[C@]1(C(C)=O)CC[C@H]2[C@@H]3C=C(Cl)C4=CC(=O)CC[C@]4(C)[C@H]3CC[C@@]21C,
Chlormadinone acetate,CHLORMADINONE ACETATE,Selleck_L1300,,,,,I,,,,T,,,,,,,,S,,-,+,+,10,CC(=O)O[C@]1(C(C)=O)CC[C@H]2[C@@H]3C=C(Cl)C4=CC(=O)CC[C@]4(C)[C@H]3CC[C@@]21C,
Cyproterone acetate,CYPROTERONE ACETATE,Selleck_L1300,,,,,I,,,,W,N,,,,,,,,,+,+,+,1,CC(=O)O[C@]1(C(C)=O)CC[C@H]2[C@@H]3C=C(Cl)C4=CC(=O)[C@@H]5C[C@@H]5[C@]4(C)[C@H]3CC[C@@]21C,
Cyproterone acetate,CYPROTERONE ACETATE,Selleck_L1300,,,,,F,,,,T,,,,,,,,E,,+,+,+,1,CC(=O)O[C@]1(C(C)=O)CC[C@H]2[C@@H]3C=C(Cl)C4=CC(=O)[C@@H]5C[C@@H]5[C@]4(C)[C@H]3CC[C@@]21C,
Cyproterone acetate,CYPROTERONE ACETATE,Selleck_L1300,,,,,I,,,,A,A,,,,,,,,,-,+,+,10,CC(=O)O[C@]1(C(C)=O)CC[C@H]2[C@@H]3C=C(Cl)C4=CC(=O)[C@@H]5C[C@@H]5[C@]4(C)[C@H]3CC[C@@]21C,
Cyproterone acetate,CYPROTERONE ACETATE,Selleck_L1300,Q,,A,,,,,,,,,,,L,,,,,-,+,+,10,CC(=O)O[C@]1(C(C)=O)CC[C@H]2[C@@H]3C=C(Cl)C4=CC(=O)[C@@H]5C[C@@H]5[C@]4(C)[C@H]3CC[C@@]21C,
Cyproterone acetate,CYPROTERONE ACETATE,Selleck_L1300,,,,,M,,,,W,,,,,,,,E,,-,+,+,10,CC(=O)O[C@]1(C(C)=O)CC[C@H]2[C@@H]3C=C(Cl)C4=CC(=O)[C@@H]5C[C@@H]5[C@]4(C)[C@H]3CC[C@@]21C,
Cyproterone acetate,CYPROTERONE ACETATE,Selleck_L1300,,,,,L,,,,W,D,,,,,,,,,-,+,+,10,CC(=O)O[C@]1(C(C)=O)CC[C@H]2[C@@H]3C=C(Cl)C4=CC(=O)[C@@H]5C[C@@H]5[C@]4(C)[C@H]3CC[C@@]21C,
Cyproterone acetate,CYPROTERONE ACETATE,Selleck_L1300,,,,,F,,,,W,,,,,,,,,,-,+,+,10,CC(=O)O[C@]1(C(C)=O)CC[C@H]2[C@@H]3C=C(Cl)C4=CC(=O)[C@@H]5C[C@@H]5[C@]4(C)[C@H]3CC[C@@]21C,
Diflucortolone valerate,DIFLUCORTOLONE 21-VALERATE,Selleck_L1300,D,,,,,,,,,,L,,,,L,,,,+,+,+,1,CCCCC(=O)OCC(=O)[C@H]1[C@H](C)C[C@H]2[C@@H]3C[C@H](F)C4=CC(=O)C=C[C@]4(C)[C@@]3(F)[C@@H](O)C[C@@]21C,
Diflucortolone valerate,DIFLUCORTOLONE 21-VALERATE,Selleck_L1300,D,,,,,,,,A,,,,,,M,,,,-,+,+,10,CCCCC(=O)OCC(=O)[C@H]1[C@H](C)C[C@H]2[C@@H]3C[C@H](F)C4=CC(=O)C=C[C@]4(C)[C@@]3(F)[C@@H](O)C[C@@]21C,
Diflucortolone valerate,DIFLUCORTOLONE 21-VALERATE,Selleck_L1300,D,,,,,,,,A,,,,,,L,,,,-,+,+,10,CCCCC(=O)OCC(=O)[C@H]1[C@H](C)C[C@H]2[C@@H]3C[C@H](F)C4=CC(=O)C=C[C@]4(C)[C@@]3(F)[C@@H](O)C[C@@]21C,
Gedunin,GEDUNIN,LATCA,,,,,,,,A,,D,,,,I,,,,,-,+,+,10,CC(=O)OC1CC2C(C)(C)C(=O)C=CC2(C)C2CCC3(C)C(c4ccoc4)OC(=O)C4OC43C12C,
Gedunin,GEDUNIN,LATCA,,,,,,,,A,,H,,,,V,,,,,-,+,+,10,CC(=O)OC1CC2C(C)(C)C(=O)C=CC2(C)C2CCC3(C)C(c4ccoc4)OC(=O)C4OC43C12C,
Gedunin,GEDUNIN,LATCA,,,,,,,,A,,N,,,,V,,,,,-,+,+,10,CC(=O)OC1CC2C(C)(C)C(=O)C=CC2(C)C2CCC3(C)C(c4ccoc4)OC(=O)C4OC43C12C,
Medroxyprogesterone,MEDROXYPROGESTERONE,Selleck_L1300,,,,,,,,,,A,,,,L,,,G,,-,-,+,100,CC(=O)[C@@]1(O)CC[C@H]2[C@@H]3C[C@H](C)C4=CC(=O)CC[C@]4(C)[C@H]3CC[C@@]21C,
Medroxyprogesterone acetate,MEDROXYPROGESTERONE ACETATE,Selleck_L1300,,,,,I,,,,W,,,,,,,,G,,-,-,+,100,CC(=O)O[C@]1(C(C)=O)CC[C@H]2[C@@H]3C[C@H](C)C4=CC(=O)CC[C@]4(C)[C@H]3CC[C@@]21C,
Medroxyprogesterone acetate,MEDROXYPROGESTERONE ACETATE,Selleck_L1300,,,,,I,,,,A,,,,,,,,N,,-,-,+,100,CC(=O)O[C@]1(C(C)=O)CC[C@H]2[C@@H]3C[C@H](C)C4=CC(=O)CC[C@]4(C)[C@H]3CC[C@@]21C,
Megestrol acetate,MEGESTROL ACETATE,Selleck_L1300,,,,,I,,,,T,,,,,,,,I,,-,+,tox,10,CC(=O)O[C@]1(C(C)=O)CC[C@H]2[C@@H]3C=C(C)C4=CC(=O)CC[C@]4(C)[C@H]3CC[C@@]21C,
Allopregnanolone,BREXANOLONE,Selleck_L1300,,,,,,,,,W,,,,,V,,,,Y,+,+,+,1,CC(=O)[C@H]1CC[C@H]2[C@@H]3CC[C@H]4C[C@H](O)CC[C@]4(C)[C@H]3CC[C@]12C,
Formestane,FORMESTANE,Selleck_L1300,,,L,,,,,,A,H,,,,,,,,,-,-,+,100,C[C@]12CC[C@H]3[C@@H](CCC4=C(O)C(=O)CC[C@@]43C)[C@@H]1CCC2=O,
Formestane,FORMESTANE,Selleck_L1300,,,,,,,,,,W,,,,N,,,N,,-,-,+,100,C[C@]12CC[C@H]3[C@@H](CCC4=C(O)C(=O)CC[C@@]43C)[C@@H]1CCC2=O,
Formestane,FORMESTANE,Selleck_L1300,,,,M,,,,,,,,,,,I,H,,,-,-,+,100,C[C@]12CC[C@H]3[C@@H](CCC4=C(O)C(=O)CC[C@@]43C)[C@@H]1CCC2=O,
Mesterolone,MESTEROLONE,Selleck_L1300,,,,,,,,S,,,,,,,L,,,,-,-,+,100,C[C@H]1CC(=O)C[C@@H]2CC[C@H]3[C@@H]4CC[C@H](O)[C@@]4(C)CC[C@@H]3[C@@]12C,
Mesterolone,MESTEROLONE,Selleck_L1300,,,,,,,,,,,A,,,,I,,W,,-,-,+,100,C[C@H]1CC(=O)C[C@@H]2CC[C@H]3[C@@H]4CC[C@H](O)[C@@]4(C)CC[C@@H]3[C@@]12C,
Mesterolone,MESTEROLONE,Selleck_L1300,,,,,,,,Q,,,,,,,L,,,,-,-,+,100,C[C@H]1CC(=O)C[C@@H]2CC[C@H]3[C@@H]4CC[C@H](O)[C@@]4(C)CC[C@@H]3[C@@]12C,
Dehydroepiandrosterone (DHEA),PRASTERONE,Selleck_L1300,N,T,,,,,,,,,,,,I,,,,,-,-,+,100,C[C@]12CC[C@H]3[C@@H](CC=C4C[C@@H](O)CC[C@@]43C)[C@@H]1CCC2=O,
Sclareol,SCLAREOL,Selleck_L1300,,,,,,,,,,,F,,,,I,,E,,-,-,+,100,C=C[C@](C)(O)CC[C@@H]1[C@@]2(C)CCCC(C)(C)[C@@H]2CC[C@@]1(C)O,
Vildagliptin (LAF-237),VILDAGLIPTIN,Selleck_L1300,S,,,,,,,,,,,,,,I,,W,,-,-,+,100,N#C[C@@H]1CCCN1C(=O)CNC12CC3CC(CC(O)(C3)C1)C2,
Butylparaben,BUTYLPARABEN,Selleck_L1300,,,,,,,,,,,,,,A,,M,,,-,+,+,10,CCCCOC(=O)c1ccc(O)cc1,
Butylparaben,BUTYLPARABEN,Selleck_L1300,,,,,,,,,,,,,,I,,W,,,-,+,+,10,CCCCOC(=O)c1ccc(O)cc1,
Butylparaben,BUTYLPARABEN,Selleck_L1300,,,,,,,,,,,W,,,T,,W,,,-,-,+,100,CCCCOC(=O)c1ccc(O)cc1,
Butylparaben,BUTYLPARABEN,Selleck_L1300,,,,,,,,,T,,,,,V,,W,,,-,-,+,100,CCCCOC(=O)c1ccc(O)cc1,
Butylparaben,BUTYLPARABEN,Selleck_L1300,V,,,,,,,,,,,,,V,,,,,-,-,+,100,CCCCOC(=O)c1ccc(O)cc1,
Dibutyl phthalate,DIBUTYL PHTHALATE,Selleck_L1300,,,A,,,,,,,,W,,,L,,,,,-,+,+,10,CCCCOC(=O)c1ccccc1C(=O)OCCCC,
Dibutyl phthalate,DIBUTYL PHTHALATE,Selleck_L1300,,,,,,,D,,,,,,,,,,H,,-,+,+,10,CCCCOC(=O)c1ccccc1C(=O)OCCCC,
Ethylparaben,ETHYLPARABEN,Selleck_L1300,,,,M,,,,,,,,,,,,,,,-,-,+,100,CCOC(=O)c1ccc(O)cc1,
Eugenol,EUGENOL,Selleck_L1300,,,,,,,,,,,,,,,,,L,V,-,-,+,100,C=CCc1ccc(O)c(OC)c1,
Methyl 4-hydroxybenzoate,METHYLPARABEN,Selleck_L1300,,,,M,,,,,,,,,,,,,,,-,-,+,100,COC(=O)c1ccc(O)cc1,
"Orsellinic acid, Ethyl Ester","ORSELLINIC ACID, ETHYL ESTER",LATCA,,,,,,,,,,,,,,L,M,,,,-,+,+,10,CCOC(=O)c1c(C)cc(O)cc1O,
"Orsellinic acid, Ethyl Ester","ORSELLINIC ACID, ETHYL ESTER",LATCA,,,,,,,,,,,,,,L,,,,H,-,+,+,10,CCOC(=O)c1c(C)cc(O)cc1O,
"Orsellinic acid, Ethyl Ester","ORSELLINIC ACID, ETHYL ESTER",LATCA,R,,,,,,,,,,,,,H,,,,,-,-,+,100,CCOC(=O)c1c(C)cc(O)cc1O,
Propylparaben,PROPYLPARABEN,Selleck_L1300,,,,,,,,,,,,,,T,,,,H,-,-,+,100,CCCOC(=O)c1ccc(O)cc1,
Propylparaben,PROPYLPARABEN,Selleck_L1300,,,,M,,,,,,,,,,,,,,,-,-,+,100,CCCOC(=O)c1ccc(O)cc1,
Propylparaben,PROPYLPARABEN,Selleck_L1300,,,,,,,,,,,,,,H,,,K,,-,-,+,100,CCCOC(=O)c1ccc(O)cc1,
Propylparaben,PROPYLPARABEN,Selleck_L1300,,,,M,,,,,,,,,,,M,,E,,-,-,+,100,CCCOC(=O)c1ccc(O)cc1,
Propylparaben,PROPYLPARABEN,Selleck_L1300,,,I,M,,,,,,,,,,,,,,Q,-,-,+,100,CCCOC(=O)c1ccc(O)cc1,
Propylparaben,PROPYLPARABEN,Selleck_L1300,,,,M,,,,,,W,,,,,S,,,,-,-,+,100,CCCOC(=O)c1ccc(O)cc1,
Propylparaben,PROPYLPARABEN,Selleck_L1300,,,,,,,,,,,W,,,T,,W,,,-,-,+,100,CCCOC(=O)c1ccc(O)cc1,
3-n-Butylphathlide,RAC-3-N-BUTYLPHTHALIDE,Selleck_L1300,,Y,,,,,,,,,,,,,,,N,,-,+,+,10,CCCCC1OC(=O)c2ccccc21,
3-n-Butylphathlide,RAC-3-N-BUTYLPHTHALIDE,Selleck_L1300,,,M,,,,,,,,,,,,,W,H,,-,+,+,10,CCCCC1OC(=O)c2ccccc21,
3-n-Butylphathlide,RAC-3-N-BUTYLPHTHALIDE,Selleck_L1300,D,,,,,,,,,,,,T,,,W,,,-,+,+,10,CCCCC1OC(=O)c2ccccc21,
3-n-Butylphathlide,RAC-3-N-BUTYLPHTHALIDE,Selleck_L1300,,,,,,,,,,,,Q,,,V,W,,,-,+,+,10,CCCCC1OC(=O)c2ccccc21,
3-n-Butylphathlide,RAC-3-N-BUTYLPHTHALIDE,Selleck_L1300,,,,,,,D,,,,,D,,,,W,,,-,+,+,10,CCCCC1OC(=O)c2ccccc21,
3-n-Butylphathlide,RAC-3-N-BUTYLPHTHALIDE,Selleck_L1300,Q,,,M,,,,,,,,,,,,W,,,-,+,+,10,CCCCC1OC(=O)c2ccccc21,
3-n-Butylphathlide,RAC-3-N-BUTYLPHTHALIDE,Selleck_L1300,,,,,,,,,,,,,,,,H,,Y,-,-,+,100,CCCCC1OC(=O)c2ccccc21,
3-n-Butylphathlide,RAC-3-N-BUTYLPHTHALIDE,Selleck_L1300,,,L,,,,,,,,,,,,,,,,-,-,+,100,CCCCC1OC(=O)c2ccccc21,
3-n-Butylphathlide,RAC-3-N-BUTYLPHTHALIDE,Selleck_L1300,T,,,V,,,,,,,,,,,,W,,,-,-,+,100,CCCCC1OC(=O)c2ccccc21,
3-n-Butylphathlide,RAC-3-N-BUTYLPHTHALIDE,Selleck_L1300,Q,L,,,,,,,,,,,,,,W,,,-,-,+,100,CCCCC1OC(=O)c2ccccc21,
3-n-Butylphathlide,RAC-3-N-BUTYLPHTHALIDE,Selleck_L1300,,Y,,,,,,,,,,,,,L,,,,-,-,+,100,CCCCC1OC(=O)c2ccccc21,
Thioxolone,TIOXOLONE,LATCA,,,L,,,,,,,,,,,,,,,,-,-,+,100,O=c1oc2cc(O)ccc2s1,
Tioxolone,TIOXOLONE,Selleck_L1300,D,,,,,,,,,,,,I,,V,,,,-,-,+,100,O=c1oc2cc(O)ccc2s1,
Tioxolone,TIOXOLONE,Selleck_L1300,,,I,M,,,,,,,,,,,,,,Q,-,-,+,100,O=c1oc2cc(O)ccc2s1,
Tioxolone,TIOXOLONE,Selleck_L1300,N,,,,,,,,,,,,,,,,,,-,-,+,100,O=c1oc2cc(O)ccc2s1,
Thioxolone,TIOXOLONE,LATCA,,,I,M,,,,,,,,,,,,,,Q,nd,nd,+,nd,O=c1oc2cc(O)ccc2s1,
Flufenamic acid,FLUFENAMIC ACID,Selleck_L1300,,,,,,,,,,,,,,,,,L,V,-,+,+,10,O=C(O)c1ccccc1Nc1cccc(C(F)(F)F)c1,
Flufenamic acid,FLUFENAMIC ACID,Selleck_L1300,,,,,,,,,,,H,,V,,,,,,-,+,+,10,O=C(O)c1ccccc1Nc1cccc(C(F)(F)F)c1,
Flunixin Meglumin,FLUNIXIN,Selleck_L1300,,Y,A,,,,,,,,,,,,,,,,-,-,+,100,Cc1c(Nc2ncccc2C(=O)O)cccc1C(F)(F)F,
Flunixin Meglumin,FLUNIXIN,Selleck_L1300,,Y,,,G,,,,,,,,,,V,,,,-,-,+,100,Cc1c(Nc2ncccc2C(=O)O)cccc1C(F)(F)F,
Flunixin meglumin,FLUNIXIN,Selleck_L1300,,Y,,,G,,,,,,,,,,,,,,-,-,+,100,Cc1c(Nc2ncccc2C(=O)O)cccc1C(F)(F)F,
Mefenamic acid,MEFENAMIC ACID,Selleck_L1300,,R,,I,G,,,,,,,,,,,,,,-,+,+,10,Cc1cccc(Nc2ccccc2C(=O)O)c1C,
Cyclandelate,CYCLANDELATE,Selleck_L1300,,Y,,,,,,,,,G,,,,,,,,+,+,+,1,CC1CC(OC(=O)C(O)c2ccccc2)CC(C)(C)C1,
Cyclandelate,CYCLANDELATE,Selleck_L1300,,Y,,,,,,,,,G,,,,,,T,,+,+,+,1,CC1CC(OC(=O)C(O)c2ccccc2)CC(C)(C)C1,
Cyclandelate,CYCLANDELATE,Selleck_L1300,,T,,,,,,,,,G,,,,L,,,,+,+,+,1,CC1CC(OC(=O)C(O)c2ccccc2)CC(C)(C)C1,
Cyclandelate,CYCLANDELATE,Selleck_L1300,,,,,,,,,,,A,,,,V,,,S,+,+,+,1,CC1CC(OC(=O)C(O)c2ccccc2)CC(C)(C)C1,
Cyclandelate,CYCLANDELATE,Selleck_L1300,,,,,,,,A,,,A,,,,L,,,,+,+,+,1,CC1CC(OC(=O)C(O)c2ccccc2)CC(C)(C)C1,
Cyclandelate,CYCLANDELATE,Selleck_L1300,,,,,,,,,,,G,,,,L,,,S,+,+,+,1,CC1CC(OC(=O)C(O)c2ccccc2)CC(C)(C)C1,
Cyclandelate,CYCLANDELATE,Selleck_L1300,,,,,,,,,,M,G,T,,,,,,,-,+,+,10,CC1CC(OC(=O)C(O)c2ccccc2)CC(C)(C)C1,
Cyclandelate,CYCLANDELATE,Selleck_L1300,,,,,,,,,,,A,,,,,,,H,-,+,+,10,CC1CC(OC(=O)C(O)c2ccccc2)CC(C)(C)C1,
Cyclandelate,CYCLANDELATE,Selleck_L1300,,,,V,,,,,,,A,,,,,,,D,-,+,+,10,CC1CC(OC(=O)C(O)c2ccccc2)CC(C)(C)C1,
Cyclandelate,CYCLANDELATE,Selleck_L1300,,,,,,,,W,,,A,,,,,,,,-,+,+,10,CC1CC(OC(=O)C(O)c2ccccc2)CC(C)(C)C1,
Cyclandelate,CYCLANDELATE,Selleck_L1300,,,,,,,,,,,G,T,,,,,,,-,+,+,10,CC1CC(OC(=O)C(O)c2ccccc2)CC(C)(C)C1,
Cyclandelate,CYCLANDELATE,Selleck_L1300,,Y,,,,,,,,,S,,,,,,,,-,+,+,10,CC1CC(OC(=O)C(O)c2ccccc2)CC(C)(C)C1,
2-Hydroxy-9-fluorenone,2-HYDROXY-9-FLUORENONE,LATCA,,,,,,,,,,,,,,M,,,L,,-,+,+,10,O=C1c2ccccc2-c2ccc(O)cc21,
2-Hydroxy-9-fluorenone,2-HYDROXY-9-FLUORENONE,LATCA,,,,,,,,,,,,,,,,,L,V,-,+,+,10,O=C1c2ccccc2-c2ccc(O)cc21,
2-Hydroxy-9-fluorenone,2-HYDROXY-9-FLUORENONE,LATCA,,,,,,,,,,,,,,I,,,D,,-,-,+,100,O=C1c2ccccc2-c2ccc(O)cc21,
2-Hydroxy-9-fluorenone,2-HYDROXY-9-FLUORENONE,LATCA,,,,,,,,,,,,,,,,,,K,-,-,+,100,O=C1c2ccccc2-c2ccc(O)cc21,
2-Hydroxy-9-fluorenone,2-HYDROXY-9-FLUORENONE,LATCA,,,,,,,,,,,,,,M,I,,,Q,nd,nd,+,nd,O=C1c2ccccc2-c2ccc(O)cc21,
2-Hydroxy-9-fluorenone,2-HYDROXY-9-FLUORENONE,LATCA,,L,L,,,,,,,,,,,G,,,,,nd,nd,+,nd,O=C1c2ccccc2-c2ccc(O)cc21,
2-Hydroxybenzophenone (10X),2-HYDROXYBENZOPHENONE,LATCA,,,,,,,,,,,,,,L,S,,,,-,-,+,100,O=C(c1ccccc1)c1ccccc1O,
2-Hydroxybenzophenone (10X),2-HYDROXYBENZOPHENONE,LATCA,,,,,,,,,,,F,,,M,,,,,-,-,+,100,O=C(c1ccccc1)c1ccccc1O,
2-Hydroxybenzophenone (10X),2-HYDROXYBENZOPHENONE,LATCA,,,,,,,,,,,,,,V,,W,G,,nd,nd,+,nd,O=C(c1ccccc1)c1ccccc1O,
2-Hydroxychalcone,2'-HYDROXYCHALCONE,LATCA,N,,,,,,,,,,,,,,,,,,-,+,+,10,O=C(/C=C/c1ccccc1)c1ccccc1O,
3-Phenylphenol,3-PHENYLPHENOL,LATCA,,,,,M,,,,,,,,,,,,,,-,+,+,10,Oc1cccc(-c2ccccc2)c1,
3-Phenylphenol,3-PHENYLPHENOL,LATCA,,T,,,M,,,,,,,,,,,,,,-,-,+,100,Oc1cccc(-c2ccccc2)c1,
4-Hydroxybenzophenone,4-HYDROXYBENZOPHENONE,LATCA,,,,,,,,,,,,,,T,,,,G,-,+,+,10,O=C(c1ccccc1)c1ccc(O)cc1,
4-Hydroxybenzophenone,4-HYDROXYBENZOPHENONE,LATCA,,,,,,,,,,,,,,T,,,,H,-,+,+,10,O=C(c1ccccc1)c1ccc(O)cc1,
4-Hydroxybenzophenone,4-HYDROXYBENZOPHENONE,LATCA,,,,,,,,,,,,,,T,,W,,,-,+,+,10,O=C(c1ccccc1)c1ccc(O)cc1,
4-Hydroxybenzophenone,4-HYDROXYBENZOPHENONE,LATCA,,,,M,,,,,,,,,,,,,,,-,-,+,100,O=C(c1ccccc1)c1ccc(O)cc1,
4-Hydroxybenzophenone,4-HYDROXYBENZOPHENONE,LATCA,,,,,,,,,,,,,,I,N,W,,,nd,nd,+,nd,O=C(c1ccccc1)c1ccc(O)cc1,
4-Hydroxybenzophenone,4-HYDROXYBENZOPHENONE,LATCA,,,,,,,,,,,W,,,T,,W,,,nd,nd,+,nd,O=C(c1ccccc1)c1ccc(O)cc1,
Phenazine methosulfate,5-METHYLPHENAZIN-5-IUM,Selleck_L1300,,R,,,,,,,,,,,,V,,,,,-,-,+,100,C[N+]1=C2C=CC=CC2=NC3=CC=CC=C31,
6-Benzoyl-2-naphthol,6-BENZOYL-2-NAPHTHOL,LATCA,,,,,,,,,,,,,,T,,,,Q,-,+,+,10,O=C(c1ccccc1)c1ccc2cc(O)ccc2c1,
6-Benzoyl-2-naphthol,6-BENZOYL-2-NAPHTHOL,LATCA,,,,,,,,N,,,,,,V,,,,,-,+,+,10,O=C(c1ccccc1)c1ccc2cc(O)ccc2c1,
6-Benzoyl-2-naphthol,6-BENZOYL-2-NAPHTHOL,LATCA,,,,,,,,,,,,,,L,,Q,,,-,+,+,10,O=C(c1ccccc1)c1ccc2cc(O)ccc2c1,
6-Benzoyl-2-naphthol,6-BENZOYL-2-NAPHTHOL,LATCA,,,,,,,,,,,,,,I,N,W,,,nd,nd,+,nd,O=C(c1ccccc1)c1ccc2cc(O)ccc2c1,
6-Benzoyl-2-naphthol,6-BENZOYL-2-NAPHTHOL,LATCA,,T,,,,,,,,,,E,,I,,,,,nd,nd,+,nd,O=C(c1ccccc1)c1ccc2cc(O)ccc2c1,
6-Benzoyl-2-naphthol,6-BENZOYL-2-NAPHTHOL,LATCA,,,,,,,,Y,,,,,,,,W,F,,nd,nd,+,nd,O=C(c1ccccc1)c1ccc2cc(O)ccc2c1,
6-Benzoyl-2-naphthol,6-BENZOYL-2-NAPHTHOL,LATCA,,,W,,,,,,,,,,,A,L,,,,nd,nd,+,nd,O=C(c1ccccc1)c1ccc2cc(O)ccc2c1,
6-Benzoyl-2-naphthol,6-BENZOYL-2-NAPHTHOL,LATCA,,T,,,,,,Y,,,,E,,I,,,,,nd,nd,+,nd,O=C(c1ccccc1)c1ccc2cc(O)ccc2c1,
Anthracene-9-carboxylic acid,ANTHRACENE-9-CARBOXYLIC ACID,LATCA,,Y,,,,,,,,,,,,V,,,,,-,-,+,100,O=C(O)c1c2ccccc2cc2ccccc12,
Anthracene-9-carboxylic acid,ANTHRACENE-9-CARBOXYLIC ACID,LATCA,,,,,,,,,,,,,,M,,,L,,-,-,+,100,O=C(O)c1c2ccccc2cc2ccccc12,
Anthracene-9-carboxylic acid,ANTHRACENE-9-CARBOXYLIC ACID,LATCA,,,,,,,,,,,,,,L,,,,,-,-,+,100,O=C(O)c1c2ccccc2cc2ccccc12,
Anthracene-9-carboxylic acid,ANTHRACENE-9-CARBOXYLIC ACID,LATCA,,R,,,,,,,,,,,,V,,,,,-,-,+,100,O=C(O)c1c2ccccc2cc2ccccc12,
Anthracene-9-carboxylic acid,ANTHRACENE-9-CARBOXYLIC ACID,LATCA,,,,,,,,,,,,,,I,,,,,-,-,+,100,O=C(O)c1c2ccccc2cc2ccccc12,
Anthrone,ANTHRONE,LATCA,,,,,,,,M,,,,,,M,,,,,+,+,+,1,O=C1c2ccccc2Cc2ccccc21,
Anthrone,ANTHRONE,LATCA,,R,,,,,,,,,,,,V,,,,,+,+,+,1,O=C1c2ccccc2Cc2ccccc21,
Anthrone,ANTHRONE,LATCA,,Y,,,,,,Y,,,,,,I,,,,,nd,nd,+,nd,O=C1c2ccccc2Cc2ccccc21,
Benzophenone,BENZOPHENONE,Selleck_L1300,,Y,,,,,,,,,,E,,V,,,,,-,-,+,100,O=C(c1ccccc1)c1ccccc1,
Benzophenone,BENZOPHENONE,Selleck_L1300,,Y,,,,,,,,,,,,V,,,,,-,-,+,100,O=C(c1ccccc1)c1ccccc1,
2-naphthol,BETANAPHTHOL,Selleck_L1300,,,,,L,,,,,,,,,,,,,,-,-,+,100,Oc1ccc2ccccc2c1,
2-naphthol,BETANAPHTHOL,Selleck_L1300,,,,,F,,,,,,,,,,,,,,-,-,+,100,Oc1ccc2ccccc2c1,
2-naphthol,BETANAPHTHOL,Selleck_L1300,,,,,D,,,,,,,,,,,,,,-,-,+,100,Oc1ccc2ccccc2c1,
Cinchophen,CINCHOPHEN,Selleck_L1300,,L,,,,,D,,,,A,,,,,,,,-,+,+,10,O=C(O)c1cc(-c2ccccc2)nc2ccccc12,
Cinchophen,CINCHOPHEN,Selleck_L1300,,,,,,,,,,,G,,,,L,,,,-,-,+,100,O=C(O)c1cc(-c2ccccc2)nc2ccccc12,
Cinchophen,CINCHOPHEN,Selleck_L1300,,Y,,I,,,,,,,A,,,,,,,,-,-,+,100,O=C(O)c1cc(-c2ccccc2)nc2ccccc12,
"1,8-Dihydroxyanthraquinone",DANTHRON,LATCA,,,,,,,,,,,,,,I,,,,T,+,+,+,1,O=C1c2cccc(O)c2C(=O)c2c(O)cccc21,
"1,8-Dihydroxyanthraquinone",DANTHRON,LATCA,,,,,,,,,,,,,,I,,,,,+,+,+,1,O=C1c2cccc(O)c2C(=O)c2c(O)cccc21,
Danthron,DANTHRON,Selleck_L1300,,Y,,,,,,,,,,,,V,,,,,+,+,+,1,O=C1c2cccc(O)c2C(=O)c2c(O)cccc21,
Danthron,DANTHRON,Selleck_L1300,,,,,,,,,,,,,,V,,,Y,,+,+,+,1,O=C1c2cccc(O)c2C(=O)c2c(O)cccc21,
"1,8-Dihydroxyanthraquinone",DANTHRON,LATCA,,,,,,,,,,,,,,T,,,,,+,+,+,1,O=C1c2cccc(O)c2C(=O)c2c(O)cccc21,
Danthron,DANTHRON,Selleck_L1300,,,,,,,,,,,,,,T,M,,,,+,+,+,1,O=C1c2cccc(O)c2C(=O)c2c(O)cccc21,
"2,2?-Dihydroxy-4-methoxybenzophenone",DIOXYBENZONE,Selleck_L1300,M,,,,M,,,,,,L,,,,,,,,-,+,+,10,COc1ccc(C(=O)c2ccccc2O)c(O)c1,
"2,2?-Dihydroxy-4-methoxybenzophenone",DIOXYBENZONE,Selleck_L1300,,,,I,M,,,,,,V,,,,,,,,-,+,+,10,COc1ccc(C(=O)c2ccccc2O)c(O)c1,
Flavone,FLAVONE,Selleck_L1300,,,,,,,,,,,,,,V,,W,G,,-,+,+,10,O=c1cc(-c2ccccc2)oc2ccccc12,
Flavone,FLAVONE,Selleck_L1300,D,,,,,,,,,,,,I,,V,,,,-,+,+,10,O=c1cc(-c2ccccc2)oc2ccccc12,
Flavone,FLAVONE,Selleck_L1300,,,,,,,,,,,,,,I,,,F,,-,+,+,10,O=c1cc(-c2ccccc2)oc2ccccc12,
Flavone,FLAVONE,Selleck_L1300,,,,,,,,,,,,,,V,,,,V,-,-,+,100,O=c1cc(-c2ccccc2)oc2ccccc12,
Flavone,FLAVONE,Selleck_L1300,,,,,,,,Q,,,,,,,,M,,G,-,-,+,100,O=c1cc(-c2ccccc2)oc2ccccc12,
Flavone,FLAVONE,Selleck_L1300,N,,,I,,,,,,,,,,T,,,,,-,-,+,100,O=c1cc(-c2ccccc2)oc2ccccc12,
Flavone,FLAVONE,Selleck_L1300,,,,,,,,,,,,,,I,,,,S,-,-,+,100,O=c1cc(-c2ccccc2)oc2ccccc12,
Oxcarbazepine,OXCARBAZEPINE,Selleck_L1300,D,,,,,,,,,,,,,,,W,H,,-,-,+,100,NC(=O)N1c2ccccc2CC(=O)c2ccccc21,
Etofibrate,ETOFIBRATE,Selleck_L1300,,,,,,,D,,,,,,,,,,H,,-,+,+,10,CC(C)(Oc1ccc(Cl)cc1)C(=O)OCCOC(=O)c1cccnc1,
Etofibrate,ETOFIBRATE,Selleck_L1300,,,,,,,,,,,,,,S,I,,,,-,-,+,100,CC(C)(Oc1ccc(Cl)cc1)C(=O)OCCOC(=O)c1cccnc1,
Menadiol Diacetate,ACETOMENAPHTHONE,Selleck_L1300,,,,,M,,,,,,,,,,,,,,-,+,+,10,CC(=O)Oc1cc(C)c(OC(C)=O)c2ccccc12,
Menadiol Diacetate,ACETOMENAPHTHONE,Selleck_L1300,,,,,F,,,,T,,,T,,,,,,,-,-,+,100,CC(=O)Oc1cc(C)c(OC(C)=O)c2ccccc12,
Menadiol Diacetate,ACETOMENAPHTHONE,Selleck_L1300,,Y,,M,,,,,,,,,,L,,,,,-,-,+,100,CC(=O)Oc1cc(C)c(OC(C)=O)c2ccccc12,
Menadiol Diacetate,ACETOMENAPHTHONE,Selleck_L1300,,,,I,,,,,,,,,,A,L,,,,-,-,+,100,CC(=O)Oc1cc(C)c(OC(C)=O)c2ccccc12,
Menadiol Diacetate,ACETOMENAPHTHONE,Selleck_L1300,,,,,F,,,W,T,,,,,,,,,,-,-,+,100,CC(=O)Oc1cc(C)c(OC(C)=O)c2ccccc12,
Menadiol Diacetate,ACETOMENAPHTHONE,Selleck_L1300,,,,,,,,N,,,,,,V,L,,,,-,-,+,100,CC(=O)Oc1cc(C)c(OC(C)=O)c2ccccc12,
Menadiol Diacetate,ACETOMENAPHTHONE,Selleck_L1300,,Y,,,,,,Y,,,,,,I,,,,,-,-,+,100,CC(=O)Oc1cc(C)c(OC(C)=O)c2ccccc12,
Menadiol Diacetate,ACETOMENAPHTHONE,Selleck_L1300,,M,,,,,,,,,,,,T,L,,,,-,-,+,100,CC(=O)Oc1cc(C)c(OC(C)=O)c2ccccc12,
Menadiol Diacetate,ACETOMENAPHTHONE,Selleck_L1300,,L,,,,,,,,,,,,S,V,,,,-,-,+,100,CC(=O)Oc1cc(C)c(OC(C)=O)c2ccccc12,
Menadiol Diacetate,ACETOMENAPHTHONE,Selleck_L1300,,,,,,,,,,,,,,I,L,,,,-,-,+,100,CC(=O)Oc1cc(C)c(OC(C)=O)c2ccccc12,
Menadiol Diacetate,ACETOMENAPHTHONE,Selleck_L1300,,,,,,,,,,,,,,I,,,,,-,-,+,100,CC(=O)Oc1cc(C)c(OC(C)=O)c2ccccc12,
Isopsoralen,ANGELICIN,Selleck_L1300,,R,L,,,,,,,,,,,,,,,,-,-,+,100,O=c1ccc2ccc3occc3c2o1,
Isopsoralen,ANGELICIN,Selleck_L1300,,Y,,,,,,,,,,,,,,,,,-,-,+,100,O=c1ccc2ccc3occc3c2o1,
Isopsoralen,ANGELICIN,Selleck_L1300,,,,,,,,,,,A,,,V,,,F,,-,-,+,100,O=c1ccc2ccc3occc3c2o1,
Isopsoralen,ANGELICIN,Selleck_L1300,,I,,,,,,,,,,,,,,,N,,-,-,+,100,O=c1ccc2ccc3occc3c2o1,
Isopsoralen,ANGELICIN,Selleck_L1300,,Y,,,,,,,,,,,,,I,,,,-,-,+,100,O=c1ccc2ccc3occc3c2o1,
Isopsoralen,ANGELICIN,Selleck_L1300,,,L,,,,,,,,,,,,,,,,-,-,+,100,O=c1ccc2ccc3occc3c2o1,
Bergapten,BERGAPTEN,Selleck_L1300,L,,,,W,,,,,,,,,T,,,,,-,+,+,10,COc1c2ccoc2cc2oc(=O)ccc12,
Carbaryl,CARBARIL,Selleck_L1300,,,,,,,,,,,A,,,V,,,F,,-,-,+,100,CNC(=O)Oc1cccc2ccccc12,
citropten,CITROPTEN,Selleck_L1300,,Y,,,G,,,,,,,,,S,I,,,,-,-,+,100,COc1cc(OC)c2ccc(=O)oc2c1,
citropten,CITROPTEN,Selleck_L1300,,Y,,,G,,,,,,,,,,I,,,,-,-,+,100,COc1cc(OC)c2ccc(=O)oc2c1,
Khellin,KHELLIN,Selleck_L1300,,,,,,,,,,,,,,,,,G,K,-,-,+,100,COc1c2occc2c(OC)c2c(=O)cc(C)oc12,
Khellin,KHELLIN,Selleck_L1300,,,,,,,,,,,,,,,,,S,K,-,-,+,100,COc1c2occc2c(OC)c2c(=O)cc(C)oc12,
Khellin,KHELLIN,Selleck_L1300,,,,,,,,,,,,,I,T,,,F,,-,-,+,100,COc1c2occc2c(OC)c2c(=O)cc(C)oc12,
Khellin,KHELLIN,Selleck_L1300,,L,L,,,,,,,,,,,G,,,,,-,-,+,100,COc1c2occc2c(OC)c2c(=O)cc(C)oc12,
Khellin,KHELLIN,Selleck_L1300,,,,,,,,,,,,Q,T,M,,,,,-,-,+,100,COc1c2occc2c(OC)c2c(=O)cc(C)oc12,
Khellin,KHELLIN,Selleck_L1300,,,,,,,,,,,,,,,,,T,,-,-,+,100,COc1c2occc2c(OC)c2c(=O)cc(C)oc12,
Methoxsalen,METHOXSALEN,Selleck_L1300,A,,,,,,,,,,,,F,,,,S,,-,+,+,10,COc1c2occc2cc2ccc(=O)oc12,
Methoxsalen,METHOXSALEN,Selleck_L1300,,,L,,,,,,V,,,,,,,,,,-,+,+,10,COc1c2occc2cc2ccc(=O)oc12,
Methoxsalen,METHOXSALEN,Selleck_L1300,,,L,,,,,,V,,,,,,,,,,-,+,+,10,COc1c2occc2cc2ccc(=O)oc12,
Methoxsalen,METHOXSALEN,Selleck_L1300,R,,,,,,,,,,,,,,,,I,H,-,-,+,100,COc1c2occc2cc2ccc(=O)oc12,
Methoxsalen,METHOXSALEN,Selleck_L1300,S,I,,,,,,L,,,,,,,,,,,-,-,+,100,COc1c2occc2cc2ccc(=O)oc12,
Methoxsalen,METHOXSALEN,Selleck_L1300,,,L,,,,,,,,T,,,,,,F,,-,-,+,100,COc1c2occc2cc2ccc(=O)oc12,
Osthole,OSTHOLE,Selleck_L1300,,,,,,,,,,,,,,I,,,S,,-,+,+,10,COc1ccc2ccc(=O)oc2c1CC=C(C)C,
Osthole,OSTHOLE,Selleck_L1300,,,,,,,,,,,,,,,,W,,D,-,+,+,10,COc1ccc2ccc(=O)oc2c1CC=C(C)C,
Osthole,OSTHOLE,Selleck_L1300,,,,,,,,,,,,,,I,,,,,-,+,+,10,COc1ccc2ccc(=O)oc2c1CC=C(C)C,
Osthole,OSTHOLE,Selleck_L1300,,,,,,,,,,,,,,I,,,F,,-,+,+,10,COc1ccc2ccc(=O)oc2c1CC=C(C)C,
Osthole,OSTHOLE,Selleck_L1300,,,,,,,,,,,,G,,,M,W,,,-,-,+,100,COc1ccc2ccc(=O)oc2c1CC=C(C)C,
Osthole,OSTHOLE,Selleck_L1300,,,,,,,,W,,,M,,,,,W,,,-,-,+,100,COc1ccc2ccc(=O)oc2c1CC=C(C)C,
Osthole,OSTHOLE,Selleck_L1300,,,,,,,,,,,,E,,,V,W,,,-,-,+,100,COc1ccc2ccc(=O)oc2c1CC=C(C)C,
Osthole,OSTHOLE,Selleck_L1300,,,,,,,,,,,,N,,I,,,F,,-,-,+,100,COc1ccc2ccc(=O)oc2c1CC=C(C)C,
Imperatorin,PENTOSALEN,Selleck_L1300,A,,,,,,,,,,,,,,,W,M,,-,+,+,10,CC(C)=CCOc1c2occc2cc2ccc(=O)oc12,
Imperatorin,PENTOSALEN,Selleck_L1300,Q,M,,,,,,,,,,,,V,,W,,,-,+,+,10,CC(C)=CCOc1c2occc2cc2ccc(=O)oc12,
Imperatorin,PENTOSALEN,Selleck_L1300,,,W,,,,,,,,,,,H,,,,,-,+,+,10,CC(C)=CCOc1c2occc2cc2ccc(=O)oc12,
Imperatorin,PENTOSALEN,Selleck_L1300,,,,,,,,,,,,,,,I,,T,,-,+,+,10,CC(C)=CCOc1c2occc2cc2ccc(=O)oc12,
Imperatorin,PENTOSALEN,Selleck_L1300,,L,L,,,,,,,,,,,I,,,G,,-,-,+,100,CC(C)=CCOc1c2occc2cc2ccc(=O)oc12,
Imperatorin,PENTOSALEN,Selleck_L1300,A,,,,,,,,,,,,,,G,W,,,-,-,+,100,CC(C)=CCOc1c2occc2cc2ccc(=O)oc12,
Imperatorin,PENTOSALEN,Selleck_L1300,Q,,Y,,,,,,,H,,,,,,,,,-,-,+,100,CC(C)=CCOc1c2occc2cc2ccc(=O)oc12,
Imperatorin,PENTOSALEN,Selleck_L1300,D,,,,,,,,,,,,T,,I,,,,-,-,+,100,CC(C)=CCOc1c2occc2cc2ccc(=O)oc12,
Imperatorin,PENTOSALEN,Selleck_L1300,,,,,,,,,,,,G,,,,W,,D,-,-,+,100,CC(C)=CCOc1c2occc2cc2ccc(=O)oc12,
Imperatorin,PENTOSALEN,Selleck_L1300,E,,,,M,,,,,,A,V,,,,,,,-,-,+,100,CC(C)=CCOc1c2occc2cc2ccc(=O)oc12,
Imperatorin,PENTOSALEN,Selleck_L1300,,,,,,,,Y,,,,,,,,W,,D,-,-,+,100,CC(C)=CCOc1c2occc2cc2ccc(=O)oc12,
Psoralen,PSORALEN,Selleck_L1300,,,L,,,,,,,,,,,,,,,,-,-,+,100,O=c1ccc2cc3ccoc3cc2o1,
Scopoletin,SCOPOLETIN,Selleck_L1300,,,L,,,,,,,,,,,,,,,,-,-,+,100,COc1cc2ccc(=O)oc2cc1O,
alpha-Asarone,TRANS-ASARONE,Selleck_L1300,,,,,,,,,,,,,,L,M,,,,-,-,+,100,C/C=C/c1cc(OC)c(OC)cc1OC,
alpha-Asarone,TRANS-ASARONE,Selleck_L1300,,,,,,,,,,,,,,I,L,,,,-,-,+,100,C/C=C/c1cc(OC)c(OC)cc1OC,
Yangonin,YANGONIN,Selleck_L1300,,,,,,,,,,,,,,,M,W,,D,-,+,+,10,COc1ccc(/C=C/c2cc(OC)cc(=O)o2)cc1,
Yangonin,YANGONIN,Selleck_L1300,,,,,,,,,,,,,,,,M,,Q,-,-,+,100,COc1ccc(/C=C/c2cc(OC)cc(=O)o2)cc1,
Hexylresorcinol,HEXYLRESORCINOL,Selleck_L1300,,,,,,,,,,,,I,,,S,W,,,-,+,+,10,CCCCCCc1ccc(O)cc1O,
Hexylresorcinol,HEXYLRESORCINOL,Selleck_L1300,A,,,,,,,,,,,,,,G,W,,,-,+,+,10,CCCCCCc1ccc(O)cc1O,
Hexylresorcinol,HEXYLRESORCINOL,Selleck_L1300,,,,,,,,,,,,,,,,W,S,,-,-,+,100,CCCCCCc1ccc(O)cc1O,
Hexylresorcinol,HEXYLRESORCINOL,Selleck_L1300,,,,,,,,,,W,,,,T,,,G,,-,-,+,100,CCCCCCc1ccc(O)cc1O,
Oxantel Pamoate,OXANTEL,Selleck_L1300,,,Y,,,,,,,,V,V,,,,,,,-,-,+,100,CN1CCCN=C1/C=C/c1cccc(O)c1,
Oxantel Pamoate,OXANTEL,Selleck_L1300,,,L,,,,Q,,,,V,,,,,,,,-,-,+,100,CN1CCCN=C1/C=C/c1cccc(O)c1,
Olivetol,WHILE OLIVETOL,Selleck_L1300,,,,I,,,,,,,,,,M,,,H,,-,+,+,10,CCCCCc1cc(O)cc(O)c1,
Olivetol,WHILE OLIVETOL,Selleck_L1300,,M,,,,,,,,,G,,,,,,L,,-,-,+,100,CCCCCc1cc(O)cc(O)c1,
Olivetol,WHILE OLIVETOL,Selleck_L1300,,,,,,,,,,,,E,,I,,,H,,-,-,+,100,CCCCCc1cc(O)cc(O)c1,
Olivetol,WHILE OLIVETOL,Selleck_L1300,,,,,,,,,,,,,,,,,H,,-,-,+,100,CCCCCc1cc(O)cc(O)c1,
Olivetol,WHILE OLIVETOL,Selleck_L1300,,,L,,,,,,,,,,,,,,,,-,-,+,100,CCCCCc1cc(O)cc(O)c1,
Olivetol,WHILE OLIVETOL,Selleck_L1300,,,,,,,,,,,,,,T,,,N,,-,-,+,100,CCCCCc1cc(O)cc(O)c1,
Metronidazole Benzoate,METRONIDAZOLE BENZOATE,Selleck_L1300,,I,,,,,,,,,,,,,L,,,,-,-,+,100,Cc1ncc([N+](=O)[O-])n1CCOC(=O)c1ccccc1,
Sodium dehydroacetate,DEHYDROACETIC ACID,Selleck_L1300,,,W,,,,Q,,,H,,,,,G,,,,-,+,+,10,CC(=O)C1C(=O)C=C(C)OC1=O,
Dehydroacetic acid,DEHYDROACETIC ACID,Selleck_L1300,,R,,,,,D,,,M,,,,,,,,,-,-,+,100,CC(=O)C1C(=O)C=C(C)OC1=O,
Sodium dehydroacetate,DEHYDROACETIC ACID,Selleck_L1300,,R,,,,,,Y,,,,,,,,,,,-,-,+,100,CC(=O)C1C(=O)C=C(C)OC1=O,
Sodium dehydroacetate,DEHYDROACETIC ACID,Selleck_L1300,,R,I,,,,,,,,,,,,,,,,-,-,+,100,CC(=O)C1C(=O)C=C(C)OC1=O,
Sodium dehydroacetate,DEHYDROACETIC ACID,Selleck_L1300,,R,,,,,D,,,M,,,,,,,,,-,-,+,100,CC(=O)C1C(=O)C=C(C)OC1=O,
Sodium dehydroacetate,DEHYDROACETIC ACID,Selleck_L1300,,R,,M,,,,,,,,,,,,,,,-,-,+,100,CC(=O)C1C(=O)C=C(C)OC1=O,
Equol,AUS-131,Selleck_L1300,,,,,,,,,,,,,,V,,W,G,,-,-,+,100,Oc1ccc([C@H]2COc3cc(O)ccc3C2)cc1,
Diethylstilbestrol,DIETHYLSTILBESTROL,Selleck_L1300,,,,,,,,,,,,,,I,,W,S,,-,+,+,10,CCC(=C(CC)c1ccc(O)cc1)c1ccc(O)cc1,
Hexestrol,HEXESTROL,LATCA,,,,,,,,,,M,,,,I,,W,,,nd,nd,+,nd,CCC(c1ccc(O)cc1)C(CC)c1ccc(O)cc1,
"2,4-Dinitrophenol","2,4-DINITROPHENOL",LATCA,,,,,,,Q,,,,,E,,,,,,,nd,nd,+,nd,O=[N+]([O-])c1ccc(O)c([N+](=O)[O-])c1,
"2,4-Dinitrophenol","2,4-DINITROPHENOL",LATCA,,,,,,,Q,,,,,,T,,,,N,,nd,nd,+,nd,O=[N+]([O-])c1ccc(O)c([N+](=O)[O-])c1,
"2,4,6-Trihydroxybenzoic acid","2,4,6-TRIHYDROXYBENZOIC ACID",LATCA,,,F,I,M,G,,,,,,,,,,,,,nd,nd,+,nd,O=C(O)c1c(O)cc(O)cc1O,
"2,6-Dihydroxybenzoic acid","2,6-DIHYDROXYBENZOIC ACID",LATCA,R,,,,,,,,,A,W,,,,,,,,nd,nd,+,nd,O=C(O)c1c(O)cccc1O,
Amfonelic acid,AMFONELIC ACID,LATCA,,R,,,,L,,,,,,,,I,,,,,nd,nd,+,nd,CCn1cc(C(=O)O)c(=O)c2ccc(Cc3ccccc3)nc21,
Lesinurad,LESINURAD,Selleck_L1300,N,,L,,,,Q,,,,,,,,,,M,,-,-,+,100,O=C(O)CSc1nnc(Br)n1-c1ccc(C2CC2)c2ccccc12,
S-(-)-Lisuride,LISURIDE,LATCA,,,,,,,,,,,T,V,,,,,,,-,-,+,100,CCN(CC)C(=O)N[C@H]1C=C2c3cccc4[nH]cc(c34)C[C@H]2N(C)C1,
S-(-)-Lisuride,LISURIDE,LATCA,,Y,,,,,,,,,,,,T,,,,,-,-,+,100,CCN(CC)C(=O)N[C@H]1C=C2c3cccc4[nH]cc(c34)C[C@H]2N(C)C1,
S-(-)-Lisuride,LISURIDE,LATCA,,,,,,,,,,,A,,,,,,,,-,-,+,100,CCN(CC)C(=O)N[C@H]1C=C2c3cccc4[nH]cc(c34)C[C@H]2N(C)C1,
S-(-)-Lisuride,LISURIDE,LATCA,,,,,,,,,,,S,V,,,,,,,-,-,+,100,CCN(CC)C(=O)N[C@H]1C=C2c3cccc4[nH]cc(c34)C[C@H]2N(C)C1,
S-(-)-Lisuride,LISURIDE,LATCA,,Y,,,,,,,,,,,,T,,,,,-,-,+,100,CCN(CC)C(=O)N[C@H]1C=C2c3cccc4[nH]cc(c34)C[C@H]2N(C)C1,
S-(-)-Lisuride,LISURIDE,LATCA,,Y,,,,,,,,,,Q,,V,,,,,nd,nd,+,nd,CCN(CC)C(=O)N[C@H]1C=C2c3cccc4[nH]cc(c34)C[C@H]2N(C)C1,
S-(-)-Lisuride,LISURIDE,LATCA,,,,,,,,,,,G,Q,,A,,,,,nd,nd,+,nd,CCN(CC)C(=O)N[C@H]1C=C2c3cccc4[nH]cc(c34)C[C@H]2N(C)C1,
S-(-)-Lisuride,LISURIDE,LATCA,,Y,,,,,,,,,,E,,,,,,,nd,nd,+,nd,CCN(CC)C(=O)N[C@H]1C=C2c3cccc4[nH]cc(c34)C[C@H]2N(C)C1,
7-Nitroindazole,7-NITROINDAZOLE,LATCA,,,,,,,,,,,,,,S,,Q,,,nd,nd,+,nd,O=[N+]([O-])c1cccc2cn[nH]c12,
"( R)-(+)-Win 55,212-2 Mesylate",WIN-552122,LATCA,,,,,,,,,,,,,,S,M,,,,+,+,+,1,Cc1c(C(=O)c2cccc3ccccc23)c2cccc3c2n1[C@H](CN1CCOCC1)CO3,
"( R)-(+)-Win 55,212-2 Mesylate",WIN-552122,LATCA,,,,,,,,,,,,,,G,V,,,,+,+,+,1,Cc1c(C(=O)c2cccc3ccccc23)c2cccc3c2n1[C@H](CN1CCOCC1)CO3,
"( R)-(+)-Win 55,212-2 Mesylate",WIN-552122,LATCA,,,,,,,,,,,,,,S,L,,,,+,+,+,1,Cc1c(C(=O)c2cccc3ccccc23)c2cccc3c2n1[C@H](CN1CCOCC1)CO3,
"( R)-(+)-Win 55,212-2 Mesylate",WIN-552122,LATCA,,,,,,,,,,,,,,T,,,N,,-,+,+,10,Cc1c(C(=O)c2cccc3ccccc23)c2cccc3c2n1[C@H](CN1CCOCC1)CO3,
"( R)-(+)-Win 55,212-2 Mesylate",WIN-552122,LATCA,,,,,,,,,,,M,,,G,I,,,,nd,nd,+,nd,Cc1c(C(=O)c2cccc3ccccc23)c2cccc3c2n1[C@H](CN1CCOCC1)CO3,
"( R)-(+)-Win 55,212-2 Mesylate",WIN-552122,LATCA,,,,,,,,,,,,,,S,L,,,T,nd,nd,+,nd,Cc1c(C(=O)c2cccc3ccccc23)c2cccc3c2n1[C@H](CN1CCOCC1)CO3,
Vanillyl Butyl Ether,VANILLYL BUTYL ETHER,Selleck_L1300,R,,,,,,,,,,,,,H,,,,,-,-,+,100,CCCCOCC1=CC(=C(C=C1)O)OC,
Vanillyl Butyl Ether,VANILLYL BUTYL ETHER,Selleck_L1300,,,,,,,,,,,,,,H,,,,T,-,-,+,100,CCCCOCC1=CC(=C(C=C1)O)OC,
Bicalutamide,BICALUTAMIDE,Selleck_L1300,,,,,,,,,,,,,,,I,,F,,-,+,+,10,CC(O)(CS(=O)(=O)c1ccc(F)cc1)C(=O)Nc1ccc(C#N)c(C(F)(F)F)c1,
Bicalutamide,BICALUTAMIDE,Selleck_L1300,D,,,,,,,,,,,,I,,V,,,,-,-,+,100,CC(O)(CS(=O)(=O)c1ccc(F)cc1)C(=O)Nc1ccc(C#N)c(C(F)(F)F)c1,
Bicalutamide,BICALUTAMIDE,Selleck_L1300,,,,,,,,,,,,,,,I,,W,,-,-,+,100,CC(O)(CS(=O)(=O)c1ccc(F)cc1)C(=O)Nc1ccc(C#N)c(C(F)(F)F)c1,
Efavirenz,EFAVIRENZ,Selleck_L1300,S,T,,,,,,,,,,,,,,W,,,-,+,+,10,O=C1Nc2ccc(Cl)cc2[C@@](C#CC2CC2)(C(F)(F)F)O1,
Efavirenz,EFAVIRENZ,Selleck_L1300,,,,,,,,,,,,,,Q,,,,Y,-,+,+,10,O=C1Nc2ccc(Cl)cc2[C@@](C#CC2CC2)(C(F)(F)F)O1,
Efavirenz,EFAVIRENZ,Selleck_L1300,,,,,,,,,,,,,,N,,M,,Y,-,+,+,10,O=C1Nc2ccc(Cl)cc2[C@@](C#CC2CC2)(C(F)(F)F)O1,
Efavirenz,EFAVIRENZ,Selleck_L1300,,,,,,,,,,,,,,,,,T,V,-,+,+,10,O=C1Nc2ccc(Cl)cc2[C@@](C#CC2CC2)(C(F)(F)F)O1,
Efavirenz,EFAVIRENZ,Selleck_L1300,S,,,,,,,,,,,,,,,W,S,,-,+,+,10,O=C1Nc2ccc(Cl)cc2[C@@](C#CC2CC2)(C(F)(F)F)O1,
Efavirenz,EFAVIRENZ,Selleck_L1300,,,I,,,,,L,,,,,,,,,H,,-,+,+,10,O=C1Nc2ccc(Cl)cc2[C@@](C#CC2CC2)(C(F)(F)F)O1,
Efavirenz,EFAVIRENZ,Selleck_L1300,,,,,,,,,,,,,,,,,L,V,-,+,+,10,O=C1Nc2ccc(Cl)cc2[C@@](C#CC2CC2)(C(F)(F)F)O1,
Efavirenz,EFAVIRENZ,Selleck_L1300,T,,,M,,,,,,,,,,,G,,,,-,-,+,100,O=C1Nc2ccc(Cl)cc2[C@@](C#CC2CC2)(C(F)(F)F)O1,
Flutamide,FLUTAMIDE,Selleck_L1300,,,I,,,,,,,,,,,,M,,M,,-,+,+,10,CC(C)C(=O)Nc1ccc([N+](=O)[O-])c(C(F)(F)F)c1,
Flutamide,FLUTAMIDE,Selleck_L1300,D,,,,,,,,,,,,I,,V,,,,-,+,+,10,CC(C)C(=O)Nc1ccc([N+](=O)[O-])c(C(F)(F)F)c1,
Flutamide,FLUTAMIDE,Selleck_L1300,A,I,,,,,,,,,,,,,,,,S,-,+,+,10,CC(C)C(=O)Nc1ccc([N+](=O)[O-])c(C(F)(F)F)c1,
Flutamide,FLUTAMIDE,Selleck_L1300,A,,,,,,,,,,,,F,,,,S,,-,+,+,10,CC(C)C(=O)Nc1ccc([N+](=O)[O-])c(C(F)(F)F)c1,
Flutamide,FLUTAMIDE,Selleck_L1300,,,I,,,,,,,,L,,,,,,M,,-,+,+,10,CC(C)C(=O)Nc1ccc([N+](=O)[O-])c(C(F)(F)F)c1,
Flutamide,FLUTAMIDE,Selleck_L1300,V,,,,,,,,,,,,,,,,,,-,-,+,100,CC(C)C(=O)Nc1ccc([N+](=O)[O-])c(C(F)(F)F)c1,
Flutamide,FLUTAMIDE,Selleck_L1300,,,,,,,,,,,,,T,,,,,,-,-,+,100,CC(C)C(=O)Nc1ccc([N+](=O)[O-])c(C(F)(F)F)c1,
Flutamide,FLUTAMIDE,Selleck_L1300,,,,,,,,,,,,M,,,,,,,-,-,+,100,CC(C)C(=O)Nc1ccc([N+](=O)[O-])c(C(F)(F)F)c1,
Flutamide,FLUTAMIDE,Selleck_L1300,A,,,,,,,,,,,,,,,,,,-,-,+,100,CC(C)C(=O)Nc1ccc([N+](=O)[O-])c(C(F)(F)F)c1,
Flutamide,FLUTAMIDE,Selleck_L1300,,,,,,,,,,,H,,V,,,,,,-,-,+,100,CC(C)C(=O)Nc1ccc([N+](=O)[O-])c(C(F)(F)F)c1,
Flutamide,FLUTAMIDE,Selleck_L1300,,,,,,,,,,,,,I,,,,,,-,-,+,100,CC(C)C(=O)Nc1ccc([N+](=O)[O-])c(C(F)(F)F)c1,
Flutamide,FLUTAMIDE,Selleck_L1300,L,,,,,,,,,,,,,,,,,,-,-,+,100,CC(C)C(=O)Nc1ccc([N+](=O)[O-])c(C(F)(F)F)c1,
Flutamide,FLUTAMIDE,LATCA,,I,,,,,,,,,M,,,,,,,G,nd,nd,+,nd,CC(C)C(=O)Nc1ccc([N+](=O)[O-])c(C(F)(F)F)c1,
Flutamide,FLUTAMIDE,LATCA,A,,,,,,,,,,,,F,,,,S,,nd,nd,+,nd,CC(C)C(=O)Nc1ccc([N+](=O)[O-])c(C(F)(F)F)c1,
Flutamide,FLUTAMIDE,LATCA,A,,,,,,,,,,,,F,,,,S,,nd,nd,+,nd,CC(C)C(=O)Nc1ccc([N+](=O)[O-])c(C(F)(F)F)c1,
Riluzole,RILUZOLE,Selleck_L1300,S,,,,,,,,,,,,I,L,,,,,-,+,+,10,Nc1nc2ccc(OC(F)(F)F)cc2s1,
Riluzole,RILUZOLE,Selleck_L1300,S,,,I,,,,,,,,,,I,,,,,-,-,+,100,Nc1nc2ccc(OC(F)(F)F)cc2s1,
Riluzole,RILUZOLE,Selleck_L1300,Q,,,,,,,,,,,,,L,,,E,,-,-,+,100,Nc1nc2ccc(OC(F)(F)F)cc2s1,
Riluzole,RILUZOLE,Selleck_L1300,E,,M,,,,,,,,A,,,,,,,,-,-,+,100,Nc1nc2ccc(OC(F)(F)F)cc2s1,
Riluzole,RILUZOLE,Selleck_L1300,S,,,,,,,,,,,G,,I,,,,,-,-,+,100,Nc1nc2ccc(OC(F)(F)F)cc2s1,
Riluzole,RILUZOLE,LATCA,Q,L,,,,,,,,,,,,L,,,,,nd,nd,+,nd,Nc1nc2ccc(OC(F)(F)F)cc2s1,
Cinacalcet HCl,CINACALCET,Selleck_L1300,E,,,,,,,,,,A,,,,,,,,+,+,+,1,C[C@@H](NCCCc1cccc(C(F)(F)F)c1)c1cccc2ccccc12,
Cinacalcet,CINACALCET,Selleck_L1300,D,,,,,,,,T,,,V,,,,,,,+,+,+,1,C[C@@H](NCCCc1cccc(C(F)(F)F)c1)c1cccc2ccccc12,
Cinacalcet HCl,CINACALCET,Selleck_L1300,D,,,,,,,,,,F,,,,,,I,,-,+,+,10,C[C@@H](NCCCc1cccc(C(F)(F)F)c1)c1cccc2ccccc12,
Cinacalcet HCl,CINACALCET,Selleck_L1300,D,,,,,,,,,M,,,,,,,I,,-,+,+,10,C[C@@H](NCCCc1cccc(C(F)(F)F)c1)c1cccc2ccccc12,
Cinacalcet HCl,CINACALCET,Selleck_L1300,D,,,,,,,,,A,,,,I,,,,,-,+,+,10,C[C@@H](NCCCc1cccc(C(F)(F)F)c1)c1cccc2ccccc12,
Cinacalcet,CINACALCET,Selleck_L1300,E,,,,,,,,,,A,,,I,,,,,-,+,+,10,C[C@@H](NCCCc1cccc(C(F)(F)F)c1)c1cccc2ccccc12,
Cinacalcet,CINACALCET,Selleck_L1300,M,,,,,,,,,,A,N,,,,,,,-,+,+,10,C[C@@H](NCCCc1cccc(C(F)(F)F)c1)c1cccc2ccccc12,
Cinacalcet,CINACALCET,Selleck_L1300,D,,,,,,,,,,F,,,,,,I,,-,+,+,10,C[C@@H](NCCCc1cccc(C(F)(F)F)c1)c1cccc2ccccc12,
Cinacalcet,CINACALCET,Selleck_L1300,D,,,,,,,,,,G,,,,,,F,,-,+,+,10,C[C@@H](NCCCc1cccc(C(F)(F)F)c1)c1cccc2ccccc12,
Cinacalcet,CINACALCET,Selleck_L1300,E,,,,,,,,,,S,,,,,,,,-,+,+,10,C[C@@H](NCCCc1cccc(C(F)(F)F)c1)c1cccc2ccccc12,
Bumetanide,BUMETANIDE,Selleck_L1300,,,Q,,,,,,,,,K,,,,,,,-,+,+,10,CCCCNc1cc(C(=O)O)cc(S(N)(=O)=O)c1Oc1ccccc1,
Clopidogrel,CLOPIDOGREL,Selleck_L1300,,,,,,,,,,G,W,,,,G,,,,-,+,+,10,COC(=O)[C@H](c1ccccc1Cl)N1CCc2sccc2C1,
Nitazoxanide,NITAZOXANIDE,Selleck_L1300,,,M,,,,G,,,,,,,,L,,,,-,-,+,100,CC(=O)Oc1ccccc1C(=O)Nc1ncc([N+](=O)[O-])s1,
Monobenzone,MONOBENZONE,Selleck_L1300,,,,,,,,,,,,,,V,,,,F,-,-,+,100,Oc1ccc(OCc2ccccc2)cc1,
Monobenzone,MONOBENZONE,Selleck_L1300,,,,,,,,,,,,,,T,,,,H,-,-,+,100,Oc1ccc(OCc2ccccc2)cc1,
Monobenzone,MONOBENZONE,Selleck_L1300,,,,,,,,,,,H,,,I,,,,,-,-,+,100,Oc1ccc(OCc2ccccc2)cc1,
Monobenzone,MONOBENZONE,Selleck_L1300,,,,,,,,,,H,,M,,V,,,,,-,-,+,100,Oc1ccc(OCc2ccccc2)cc1,
Monobenzone,MONOBENZONE,Selleck_L1300,N,,,,,,,,,,,M,,T,,,,,-,-,+,100,Oc1ccc(OCc2ccccc2)cc1,
Monobenzone,MONOBENZONE,Selleck_L1300,,,,,,,,,,,V,,,A,G,,,,-,-,+,100,Oc1ccc(OCc2ccccc2)cc1,
Monobenzone,MONOBENZONE,Selleck_L1300,,,,,,,,,,,M,,,T,L,,,,-,-,+,100,Oc1ccc(OCc2ccccc2)cc1,
Monobenzone,MONOBENZONE,Selleck_L1300,,,,,,,,,,,,I,,V,,,E,,-,-,+,100,Oc1ccc(OCc2ccccc2)cc1,
Monobenzone,MONOBENZONE,Selleck_L1300,,,,,,,,M,,,,,,T,G,,,,-,-,+,100,Oc1ccc(OCc2ccccc2)cc1,
Monobenzone,MONOBENZONE,Selleck_L1300,,,,,,,,,,,,,T,T,,,K,,-,-,+,100,Oc1ccc(OCc2ccccc2)cc1,
Monobenzone,MONOBENZONE,Selleck_L1300,,,,,,,,,,,,,,I,,,F,,-,-,+,100,Oc1ccc(OCc2ccccc2)cc1,
Praziquantel,PRAZIQUANTEL,Selleck_L1300,,,Y,,,,,,,,L,,,,G,,,,-,+,+,10,O=C(C1CCCCC1)N1CC(=O)N2CCc3ccccc3C2C1,
Praziquantel,PRAZIQUANTEL,Selleck_L1300,,L,F,,,,,,W,,M,,,,,,,,-,-,+,100,O=C(C1CCCCC1)N1CC(=O)N2CCc3ccccc3C2C1,
Praziquantel,PRAZIQUANTEL,Selleck_L1300,,,Y,,,,,,,,H,,,I,,,,,-,-,+,100,O=C(C1CCCCC1)N1CC(=O)N2CCc3ccccc3C2C1,
Nevirapine,NEVIRAPINE,Selleck_L1300,,,,F,,,,,,,,,,Q,,,,,-,+,+,10,Cc1ccnc2c1NC(=O)c1cccnc1N2C1CC1,
Diclazuril,DICLAZURIL,Selleck_L1300,,,,,,,,,,,,V,,,I,,,I,+,+,+,1,N#CC(c1ccc(Cl)cc1)c1c(Cl)cc(-n2ncc(=O)[nH]c2=O)cc1Cl,
Diclazuril,DICLAZURIL,Selleck_L1300,,,,,,,,,,,M,,,,I,,,I,+,+,+,1,N#CC(c1ccc(Cl)cc1)c1c(Cl)cc(-n2ncc(=O)[nH]c2=O)cc1Cl,
Diclazuril,DICLAZURIL,Selleck_L1300,,I,,,,,G,,,,,,,,M,,,,+,+,+,1,N#CC(c1ccc(Cl)cc1)c1c(Cl)cc(-n2ncc(=O)[nH]c2=O)cc1Cl,
Diclazuril,DICLAZURIL,Selleck_L1300,,,,,,,G,,,,,,,,N,,,Y,+,+,+,1,N#CC(c1ccc(Cl)cc1)c1c(Cl)cc(-n2ncc(=O)[nH]c2=O)cc1Cl,
Diclazuril,DICLAZURIL,Selleck_L1300,,,,,,,G,,,,,,,,,,T,H,+,+,+,1,N#CC(c1ccc(Cl)cc1)c1c(Cl)cc(-n2ncc(=O)[nH]c2=O)cc1Cl,
Triclabendazole,TRICLABENDAZOLE,Selleck_L1300,S,,,,,,,,,,,,,Q,I,,,,-,+,+,10,CSc1nc2cc(Cl)c(Oc3cccc(Cl)c3Cl)cc2[nH]1,
Triclabendazole,TRICLABENDAZOLE,Selleck_L1300,,,,,,,,,,,,,,T,L,,W,,-,+,+,10,CSc1nc2cc(Cl)c(Oc3cccc(Cl)c3Cl)cc2[nH]1,
Triclabendazole,TRICLABENDAZOLE,Selleck_L1300,,,L,,,,,,,,,,,G,,,T,,-,+,+,10,CSc1nc2cc(Cl)c(Oc3cccc(Cl)c3Cl)cc2[nH]1,
Triclabendazole,TRICLABENDAZOLE,Selleck_L1300,,,L,,,,,,,,,D,,G,,,,,-,+,+,10,CSc1nc2cc(Cl)c(Oc3cccc(Cl)c3Cl)cc2[nH]1,
Triclabendazole,TRICLABENDAZOLE,Selleck_L1300,,,,,,,,,,,F,,,H,,W,,,-,-,+,100,CSc1nc2cc(Cl)c(Oc3cccc(Cl)c3Cl)cc2[nH]1,
Oxytetracycline Dihydrate,OXYTETRACYCLINE,Selleck_L1300,R,,,,,,,,,,,,,I,,,M,,-,-,+,100,CN(C)[C@@H]1C(O)=C(C(N)=O)C(=O)[C@@]2(O)C(O)=C3C(=O)c4c(O)cccc4[C@@](C)(O)[C@H]3[C@H](O)[C@@H]12,
Oxytetracycline Dihydrate,OXYTETRACYCLINE,Selleck_L1300,,L,,,,L,,,,,G,,,,,,,G,-,-,+,100,CN(C)[C@@H]1C(O)=C(C(N)=O)C(=O)[C@@]2(O)C(O)=C3C(=O)c4c(O)cccc4[C@@](C)(O)[C@H]3[C@H](O)[C@@H]12,
"Seratrodast(AA-2414, ABT-001)",SERATRODAST,Selleck_L1300,,,M,,,,,,,G,,,,M,,,,,-,+,+,10,CC1=C(C)C(=O)C(C(CCCCCC(=O)O)c2ccccc2)=C(C)C1=O,
Artemether,ARTEMETHER,Selleck_L1300,,Y,,V,,,,,,,,,,,I,,,,-,-,+,100,CO[C@H]1O[C@@H]2O[C@@]3(C)CC[C@H]4[C@H](C)CC[C@@H]([C@H]1C)[C@]42OO3,
Artemether,ARTEMETHER,Selleck_L1300,R,L,,,L,,,,,,,,,Q,,,,,-,-,+,100,CO[C@H]1O[C@@H]2O[C@@]3(C)CC[C@H]4[C@H](C)CC[C@@H]([C@H]1C)[C@]42OO3,
Tolbutamide,TOLBUTAMIDE,Selleck_L1300,,,,,,L,G,,,,,,,,,,,D,-,-,+,100,CCCCNC(=O)NS(=O)(=O)c1ccc(C)cc1,
Tolbutamide,TOLBUTAMIDE,Selleck_L1300,,R,F,,,,,,,,S,,,,,,,,-,-,+,100,CCCCNC(=O)NS(=O)(=O)c1ccc(C)cc1,
Tolbutamide,TOLBUTAMIDE,Selleck_L1300,,,,,,,G,,,,,,,,,,N,,-,-,+,100,CCCCNC(=O)NS(=O)(=O)c1ccc(C)cc1,
Clomipramine HCl,CLOMIPRAMINE,Selleck_L1300,Q,,A,,,,,,,,,,,L,,,,,-,+,+,10,CN(C)CCCN1c2ccccc2CCc2ccc(Cl)cc21,
Melitracen hydrochloride,MELITRACEN,Selleck_L1300,L,,,,,,,,,,,,,V,M,,,,-,-,+,100,CN(C)CCC=C1c2ccccc2C(C)(C)c2ccccc21,
Melitracen hydrochloride,MELITRACEN,Selleck_L1300,,Y,,,,,,,,,,,,V,,,E,,-,-,+,100,CN(C)CCC=C1c2ccccc2C(C)(C)c2ccccc21,
Melitracen hydrochloride,MELITRACEN,Selleck_L1300,,,,,,,,,,,,,,I,,,F,,-,-,+,100,CN(C)CCC=C1c2ccccc2C(C)(C)c2ccccc21,
Melitracen hydrochloride,MELITRACEN,Selleck_L1300,,,,,,,,,,,,,,T,,,H,,-,-,+,100,CN(C)CCC=C1c2ccccc2C(C)(C)c2ccccc21,
Linagliptin,LINAGLIPTIN,Selleck_L1300,S,,,,,,,,,,,,V,,,,H,,-,-,+,100,CC#CCn1c(N2CCC[C@@H](N)C2)nc2c1c(=O)n(Cc1nc(C)c3ccccc3n1)c(=O)n2C,
Calcipotriene,CALCIPOTRIENE,Selleck_L1300,,,,,,,,,,,L,N,,,,,,,-,+,+,10,C=C1/C(=C\C=C2/CCC[C@@]3(C)[C@H]2CC[C@@H]3[C@H](C)/C=C/[C@@H](O)C2CC2)C[C@@H](O)C[C@@H]1O,
Calcipotriene,CALCIPOTRIENE,Selleck_L1300,,,,,,,,,,,T,,,,V,,,,-,-,+,100,C=C1/C(=C\C=C2/CCC[C@@]3(C)[C@H]2CC[C@@H]3[C@H](C)/C=C/[C@@H](O)C2CC2)C[C@@H](O)C[C@@H]1O,
Latanoprost,LATANOPROST,Selleck_L1300,,,,,,,,,,,H,,,V,,,E,,-,-,+,100,CC(C)OC(=O)CCC/C=C\C[C@H]1[C@@H](O)C[C@@H](O)[C@@H]1CC[C@@H](O)CCc1ccccc1,
Latanoprost,LATANOPROST,Selleck_L1300,,,Q,,,,,,,,A,,,I,,,,,-,-,+,100,CC(C)OC(=O)CCC/C=C\C[C@H]1[C@@H](O)C[C@@H](O)[C@@H]1CC[C@@H](O)CCc1ccccc1,
Latanoprost,LATANOPROST,Selleck_L1300,,,,,,,,,,,H,,,,G,,,H,-,-,+,100,CC(C)OC(=O)CCC/C=C\C[C@H]1[C@@H](O)C[C@@H](O)[C@@H]1CC[C@@H](O)CCc1ccccc1,
Tafluprost,TAFLUPROST,Selleck_L1300,,,,M,,,,,,,G,,,,,,E,,-,-,+,100,CC(C)OC(=O)CCC/C=C\C[C@H]1[C@@H](O)C[C@@H](O)[C@@H]1/C=C/C(F)(F)COc1ccccc1,
Tafluprost,TAFLUPROST,Selleck_L1300,,,,,,,,,,,G,,,I,L,,,,-,-,+,100,CC(C)OC(=O)CCC/C=C\C[C@H]1[C@@H](O)C[C@@H](O)[C@@H]1/C=C/C(F)(F)COc1ccccc1,
Lathyrol,LATHYROL,Selleck_L1300,N,,L,,,,M,,,,,,,L,,,D,,-,-,+,100,C=C1CC[C@H]2[C@@H](/C=C(\C)C(=O)[C@@]3(O)C[C@H](C)[C@H](O)[C@@H]3[C@H]1O)C2(C)C,
Lathyrol,LATHYROL,Selleck_L1300,,,L,,,,M,,,,,,,L,,,N,,-,-,+,100,C=C1CC[C@H]2[C@@H](/C=C(\C)C(=O)[C@@]3(O)C[C@H](C)[C@H](O)[C@@H]3[C@H]1O)C2(C)C,
GUANABENZ,GUANABENZ,Selleck_L1300,E,,,,D,,,,,,,,,,,,,,-,+,+,10,N=C(N)N/N=C/c1c(Cl)cccc1Cl,
GUANABENZ,GUANABENZ,Selleck_L1300,A,,,,D,,,,,,,,,,I,,,,-,+,+,10,N=C(N)N/N=C/c1c(Cl)cccc1Cl,
Guanabenz acetate,GUANABENZ,Selleck_L1300,Q,,,,,,,,,,,,,V,,,,,-,-,+,100,N=C(N)N/N=C/c1c(Cl)cccc1Cl,
Guanabenz acetate,GUANABENZ,Selleck_L1300,Q,,,,,,,,,,,,,A,,M,,,-,-,+,100,N=C(N)N/N=C/c1c(Cl)cccc1Cl,
GUANABENZ,GUANABENZ,Selleck_L1300,Q,,,,,,,,,,,,,,,,F,,-,-,+,100,N=C(N)N/N=C/c1c(Cl)cccc1Cl,
Loxapine Succinate,LOXAPINE,Selleck_L1300,,,L,,,,,,T,,A,,,,,,,,-,-,+,100,CN1CCN(C2=Nc3ccccc3Oc3ccc(Cl)cc32)CC1,
Mezlocillin Sodium,MEZLOCILLIN,Selleck_L1300,,,,,,,,,,,A,,,,V,,,,-,-,+,100,CC1(C)S[C@@H]2[C@H](NC(=O)[C@H](NC(=O)N3CCN(S(C)(=O)=O)C3=O)c3ccccc3)C(=O)N2[C@H]1C(=O)O,
Mezlocillin Sodium,MEZLOCILLIN,Selleck_L1300,,,,,,,,,,,A,T,,,,,,,-,-,+,100,CC1(C)S[C@@H]2[C@H](NC(=O)[C@H](NC(=O)N3CCN(S(C)(=O)=O)C3=O)c3ccccc3)C(=O)N2[C@H]1C(=O)O,
Liothyronine Sodium,LIOTHYRONINE,Selleck_L1300,,,,,,,,,,M,F,,,,,,I,,-,+,+,10,N[C@@H](Cc1cc(I)c(Oc2ccc(O)c(I)c2)c(I)c1)C(=O)O,
Liothyronine Sodium,LIOTHYRONINE,Selleck_L1300,,I,,,,,,,,A,,,,,,,L,,-,-,+,100,N[C@@H](Cc1cc(I)c(Oc2ccc(O)c(I)c2)c(I)c1)C(=O)O,
Tetrac,TETRAC,LATCA,,,,,,,,,,,,,,L,F,,,,+,+,+,1,O=C(O)Cc1cc(I)c(Oc2cc(I)c(O)c(I)c2)c(I)c1,
Tetrac,TETRAC,LATCA,,,,,,,,,,,W,,,L,M,,,,nd,nd,+,nd,O=C(O)Cc1cc(I)c(Oc2cc(I)c(O)c(I)c2)c(I)c1,
Phenazopyridine HCl,PHENAZOPYRIDINE,Selleck_L1300,D,,,,I,,,,,,,Q,,V,,,,,+,+,+,1,Nc1ccc(/N=N/c2ccccc2)c(N)n1,
Phenazopyridine HCl,PHENAZOPYRIDINE,Selleck_L1300,D,,,,I,,,,,,,,,V,,,,,-,+,+,10,Nc1ccc(/N=N/c2ccccc2)c(N)n1,
Phenazopyridine HCl,PHENAZOPYRIDINE,Selleck_L1300,D,,,,I,,,,,,,,,T,,,,,-,+,+,10,Nc1ccc(/N=N/c2ccccc2)c(N)n1,
Phenazopyridine HCl,PHENAZOPYRIDINE,Selleck_L1300,S,,L,,,,,,,,,,,T,,,,Q,-,+,+,10,Nc1ccc(/N=N/c2ccccc2)c(N)n1,
Chloroxylenol,CHLOROXYLENOL,Selleck_L1300,,,I,M,,,,,,,,,,,,,,Q,-,+,+,10,Cc1cc(O)cc(C)c1Cl,
Chloroxylenol,CHLOROXYLENOL,Selleck_L1300,N,,,,,,,,,W,,,,,,,K,,-,+,+,10,Cc1cc(O)cc(C)c1Cl,
Chloroxylenol,CHLOROXYLENOL,Selleck_L1300,,,I,,,,,,,,,,,,,,,,-,-,+,100,Cc1cc(O)cc(C)c1Cl,
Chloroxylenol,CHLOROXYLENOL,Selleck_L1300,D,,,,,,,,,,,,I,,V,,,,-,-,+,100,Cc1cc(O)cc(C)c1Cl,
Chloroxylenol,CHLOROXYLENOL,Selleck_L1300,M,,,,,,,,,,F,,,,,,S,,-,-,+,100,Cc1cc(O)cc(C)c1Cl,
Chloroxylenol,CHLOROXYLENOL,Selleck_L1300,N,I,,,,,,,,,,,,T,,M,,,-,-,+,100,Cc1cc(O)cc(C)c1Cl,
Chloroxylenol,CHLOROXYLENOL,Selleck_L1300,,,,,,,,,,,,,,,,,S,Q,-,-,+,100,Cc1cc(O)cc(C)c1Cl,
Chloroxylenol,CHLOROXYLENOL,Selleck_L1300,,,,,,,,,,,,,,,,,L,V,-,-,+,100,Cc1cc(O)cc(C)c1Cl,
Chloroxylenol,CHLOROXYLENOL,Selleck_L1300,,,,,,,,,,,,,,,,,,Q,-,-,+,100,Cc1cc(O)cc(C)c1Cl,
Metyrapone,METYRAPONE,Selleck_L1300,,Y,,,,,,,,,,Q,,V,,,,,-,+,+,10,CC(C)(C(=O)c1cccnc1)c1cccnc1,
Metyrapone,METYRAPONE,Selleck_L1300,,Y,,,,,,,,,,,,I,,,,,-,+,+,10,CC(C)(C(=O)c1cccnc1)c1cccnc1,
Metyrapone,METYRAPONE,Selleck_L1300,,Y,,,,,,,,,,,,V,,,,,-,-,+,100,CC(C)(C(=O)c1cccnc1)c1cccnc1,
Metyrapone,METYRAPONE,Selleck_L1300,,Y,,,,,,,,,,,,I,,,,,-,-,+,100,CC(C)(C(=O)c1cccnc1)c1cccnc1,
Hydroxyzine pamoate,HYDROXYZINE,Selleck_L1300,,,L,,,,Q,,,,H,,,,,,,,-,-,+,100,OCCOCCN1CCN(C(c2ccccc2)c2ccc(Cl)cc2)CC1,
Hydroxyzine pamoate,HYDROXYZINE,Selleck_L1300,,,L,,,,Q,,,,,,,,,,,,-,-,+,100,OCCOCCN1CCN(C(c2ccccc2)c2ccc(Cl)cc2)CC1,
Benzbromarone,BENZBROMARONE,Selleck_L1300,,,,,,,Q,,,,,,,H,L,,,,-,+,+,10,CCc1oc2ccccc2c1C(=O)c1cc(Br)c(O)c(Br)c1,
Benzbromarone,BENZBROMARONE,Selleck_L1300,,T,,,G,,Q,,,,,,,,,,,,-,+,+,10,CCc1oc2ccccc2c1C(=O)c1cc(Br)c(O)c(Br)c1,
Benzbromarone,BENZBROMARONE,Selleck_L1300,,,L,,,,M,,,,,,,,,,,,-,+,+,10,CCc1oc2ccccc2c1C(=O)c1cc(Br)c(O)c(Br)c1,
Benzbromarone,BENZBROMARONE,Selleck_L1300,L,,,F,,L,G,,,,,,,,,,,,-,-,+,100,CCc1oc2ccccc2c1C(=O)c1cc(Br)c(O)c(Br)c1,
Ibudilast,IBUDILAST,Selleck_L1300,R,I,,,,,,,,,,,,S,,,,,-,+,+,10,CC(C)C(=O)c1c(C(C)C)nn2ccccc12,
Ibudilast,IBUDILAST,Selleck_L1300,,,,,,,,,,,,,,,,H,,Y,-,+,+,10,CC(C)C(=O)c1c(C(C)C)nn2ccccc12,
Ibudilast,IBUDILAST,Selleck_L1300,,,,,,,,,,,,,,M,,,L,,-,-,+,100,CC(C)C(=O)c1c(C(C)C)nn2ccccc12,
Ibuprofen piconol,IBUPROFEN PICONOL,Selleck_L1300,,M,,,,,,,,,,,,I,,,,,-,+,+,10,CC(C)Cc1ccc(C(C)C(=O)OCc2ccccn2)cc1,
Ibuprofen piconol,IBUPROFEN PICONOL,Selleck_L1300,,,,,,,,,,,L,E,,T,,,,,-,+,+,10,CC(C)Cc1ccc(C(C)C(=O)OCc2ccccn2)cc1,
Ibuprofen piconol,IBUPROFEN PICONOL,Selleck_L1300,,,Y,,,,,,,,,,,G,,,,Y,-,+,+,10,CC(C)Cc1ccc(C(C)C(=O)OCc2ccccn2)cc1,
Ibuprofen piconol,IBUPROFEN PICONOL,Selleck_L1300,,M,,,,,,,,,L,,,I,,,,,-,+,+,10,CC(C)Cc1ccc(C(C)C(=O)OCc2ccccn2)cc1,
Ibuprofen piconol,IBUPROFEN PICONOL,Selleck_L1300,,,,,,,,,,,,,,I,,,,,-,-,+,100,CC(C)Cc1ccc(C(C)C(=O)OCc2ccccn2)cc1,
Ibuprofen piconol,IBUPROFEN PICONOL,Selleck_L1300,,,,,,,,,,,,,,T,,,,,-,-,+,100,CC(C)Cc1ccc(C(C)C(=O)OCc2ccccn2)cc1,
Combretastatin A4,COMBRETASTATIN A4,Selleck_L1300,,,,,,,,,,,,,,T,M,,,T,-,+,+,10,COc1ccc(/C=C\c2cc(OC)c(OC)c(OC)c2)cc1O,
Combretastatin A4,COMBRETASTATIN A4,Selleck_L1300,,,,,,,,,,,,,,H,,,,G,-,+,+,10,COc1ccc(/C=C\c2cc(OC)c(OC)c(OC)c2)cc1O,
Combretastatin A4,COMBRETASTATIN A4,Selleck_L1300,,,,,,,,,,,,,,L,M,,,,-,+,+,10,COc1ccc(/C=C\c2cc(OC)c(OC)c(OC)c2)cc1O,
Combretastatin A4,COMBRETASTATIN A4,Selleck_L1300,,,,,,,,,,,,,,I,,,,,-,-,+,100,COc1ccc(/C=C\c2cc(OC)c(OC)c(OC)c2)cc1O,
Combretastatin A4,COMBRETASTATIN A4,Selleck_L1300,,Y,,,,,D,,,,,,,H,,,,,-,-,+,100,COc1ccc(/C=C\c2cc(OC)c(OC)c(OC)c2)cc1O,
Combretastatin A4,COMBRETASTATIN A4,Selleck_L1300,N,,,F,,,,,,,,,,T,,,,,-,-,+,100,COc1ccc(/C=C\c2cc(OC)c(OC)c(OC)c2)cc1O,
2-Aminopyrimidine,2-AMINOPYRIMIDINE,LATCA,,,,,,,,,,,,,,L,,,,,-,-,+,100,Nc1ncccn1,
2-Aminopyrimidine,2-AMINOPYRIMIDINE,LATCA,,,,I,,,,,,W,,,,Q,,,,,nd,nd,+,nd,Nc1ncccn1,
2-Aminopyrimidine,2-AMINOPYRIMIDINE,LATCA,,,,,,,,M,,W,,,,L,,,,,nd,nd,+,nd,Nc1ncccn1,
"3-Amino-1,2,4-Triazole carboxylic acid","3-AMINO-1,2,4-TRIAZOLE CARBOXYLIC ACID",LATCA,,Y,,,,,M,,A,,,,,,,,,,nd,nd,+,nd,C1(=NC(=NN1)N)C(=O)O,
Dihydroxyacetone,DIHYDROXYACETONE,LATCA,,,,,,,,,,,,,F,,,,I,,nd,nd,+,nd,O=C(CO)CO,
Honokiol,HONOKIOL,Selleck_L1300,,L,,,,,,,,,G,,,,,,,G,+,+,tox,1,C=CCc1ccc(O)c(-c2ccc(O)c(CC=C)c2)c1,
Magnolol,MAGNOLOL,Selleck_L1300,,,,,,,,,,,V,D,,,,,,,+,+,tox,1,C=CCc1ccc(O)c(-c2cc(CC=C)ccc2O)c1,
Magnolol,MAGNOLOL,Selleck_L1300,,,,,,,,,,,T,,,,,,,,+,+,tox,1,C=CCc1ccc(O)c(-c2cc(CC=C)ccc2O)c1,
Magnolol,MAGNOLOL,Selleck_L1300,,L,,,,,,,,,G,,,,,,,G,+,+,tox,1,C=CCc1ccc(O)c(-c2cc(CC=C)ccc2O)c1,
Magnolol,MAGNOLOL,Selleck_L1300,,,,,,,,,,,V,,,,,,,,+,+,tox,1,C=CCc1ccc(O)c(-c2cc(CC=C)ccc2O)c1,
Magnolol,MAGNOLOL,Selleck_L1300,,,,,,,,,,,M,,,,,,,,-,+,tox,10,C=CCc1ccc(O)c(-c2cc(CC=C)ccc2O)c1,
Magnolol,MAGNOLOL,Selleck_L1300,,,,,,,,,,,H,,,,,,,,-,+,tox,10,C=CCc1ccc(O)c(-c2cc(CC=C)ccc2O)c1,
Magnolol,MAGNOLOL,Selleck_L1300,,,,,,,,,,,H,,,L,,,,,-,+,tox,10,C=CCc1ccc(O)c(-c2cc(CC=C)ccc2O)c1,
Evodiamine,EVODIAMINE,Selleck_L1300,,T,,,,,,,,,,E,,I,,,,,+,+,+,1,CN1c2ccccc2C(=O)N2CCc3c([nH]c4ccccc34)[C@@H]21,
Benzyl cinnamate,BENZYL CINNAMATE,Selleck_L1300,,,,,,,,Y,,,,,,,G,,F,,-,+,+,10,O=C(/C=C/c1ccccc1)OCc1ccccc1,
Benzyl cinnamate,BENZYL CINNAMATE,Selleck_L1300,,,,,,,,,,,,,,H,,,,T,-,+,+,10,O=C(/C=C/c1ccccc1)OCc1ccccc1,
Benzyl cinnamate,BENZYL CINNAMATE,Selleck_L1300,,L,,,,,,,,,,,,,,,,V,-,+,+,10,O=C(/C=C/c1ccccc1)OCc1ccccc1,
Benzyl cinnamate,BENZYL CINNAMATE,Selleck_L1300,,,,,,,,,,,,,,,,,,N,-,+,+,10,O=C(/C=C/c1ccccc1)OCc1ccccc1,
5-Bromo-2-Hydroxybenzophenone,5-BROMO-2-HYDROXYBENZOPHENONE,LATCA,,,,,,,,,,,,,,,,,L,V,-,+,+,10,Cc1nc2cccnc2c(=O)n1O,
Atipamezole hydrochloride,ATIPAMEZOLE,Selleck_L1300,D,,,M,,,D,W,,,,,,,,,,,+,+,+,1,CCC1(c2cnc[nH]2)Cc2ccccc2C1,
