pair_id,md_group,label,variant_name,variant_signature,full_sequence,pocket_signature,label_tier,binary_plddt_ligand,binary_hbond_distance,binary_plddt_pocket,pdb_file,group_description
pair_3098,binder,1,seq44,59A;81L;83L;92M;94V;108V;141K;159I;160V;163G;167L,MASELTPEERSELKNSIAEFHTYQLDPGSCSSLHAQRIHAPPELVWSIVRRFDKPQTYAHFIKSCSVEQNFEMRVGCTRDLILISGLPANTMTVRLDILDDERRVTGVSIIGGEHRLTNYKSVTTVHRFEKENRIWTVVLKSYVVDMPEGNSEDDTRMIVDTGVKLLLQKLATVAEAMARN,59A;81L;83L;92M;94V;108V;110I;117L;120Y;122S;141K;159I;160V;163G;164V;167L,strong,0.9243,2.5190,0.9732,pair_3098.pdb,Experimentally validated binder (Y2H/FACS). Passes all Boltz2 quality gates and ranks in top 100 by pocket pLDDT.
pair_3092,binder,1,seq39,59V;81D;83L;92M;94V;108A;110V;141K;159I;160V;163G;167L,MASELTPEERSELKNSIAEFHTYQLDPGSCSSLHAQRIHAPPELVWSIVRRFDKPQTYVHFIKSCSVEQNFEMRVGCTRDDILISGLPANTMTVRLDILDDERRVTGASVIGGEHRLTNYKSVTTVHRFEKENRIWTVVLKSYVVDMPEGNSEDDTRMIVDTGVKLLLQKLATVAEAMARN,59V;81D;83L;92M;94V;108A;110V;117L;120Y;122S;141K;159I;160V;163G;164V;167L,strong,0.8848,2.2970,0.9722,pair_3092.pdb,Experimentally validated binder (Y2H/FACS). Passes all Boltz2 quality gates and ranks in top 100 by pocket pLDDT.
pair_3069,binder,1,seq17,59A;81D;83L;92M;94V;108V;141K;159I;160L;163G;167I,MASELTPEERSELKNSIAEFHTYQLDPGSCSSLHAQRIHAPPELVWSIVRRFDKPQTYAHFIKSCSVEQNFEMRVGCTRDDILISGLPANTMTVRLDILDDERRVTGVSIIGGEHRLTNYKSVTTVHRFEKENRIWTVVLKSYVVDMPEGNSEDDTRMILDTGVKLILQKLATVAEAMARN,59A;81D;83L;92M;94V;108V;110I;117L;120Y;122S;141K;159I;160L;163G;164V;167I,strong,0.8914,1.1020,0.9720,pair_3069.pdb,Experimentally validated binder (Y2H/FACS). Passes all Boltz2 quality gates and ranks in top 100 by pocket pLDDT.
pair_3070,binder,1,seq18,59A;81D;83L;92M;94V;108A;110V;141K;159I;160V;163G;167L,MASELTPEERSELKNSIAEFHTYQLDPGSCSSLHAQRIHAPPELVWSIVRRFDKPQTYAHFIKSCSVEQNFEMRVGCTRDDILISGLPANTMTVRLDILDDERRVTGASVIGGEHRLTNYKSVTTVHRFEKENRIWTVVLKSYVVDMPEGNSEDDTRMIVDTGVKLLLQKLATVAEAMARN,59A;81D;83L;92M;94V;108A;110V;117L;120Y;122S;141K;159I;160V;163G;164V;167L,strong,0.8853,2.3600,0.9720,pair_3070.pdb,Experimentally validated binder (Y2H/FACS). Passes all Boltz2 quality gates and ranks in top 100 by pocket pLDDT.
pair_3074,binder,1,seq21,59A;81D;83L;92M;94V;108V;141K;159H;160V;163L;164T;167A,MASELTPEERSELKNSIAEFHTYQLDPGSCSSLHAQRIHAPPELVWSIVRRFDKPQTYAHFIKSCSVEQNFEMRVGCTRDDILISGLPANTMTVRLDILDDERRVTGVSIIGGEHRLTNYKSVTTVHRFEKENRIWTVVLKSYVVDMPEGNSEDDTRMHVDTLTKLALQKLATVAEAMARN,59A;81D;83L;92M;94V;108V;110I;117L;120Y;122S;141K;159H;160V;163L;164T;167A,strong,0.8605,2.3320,0.9717,pair_3074.pdb,Experimentally validated binder (Y2H/FACS). Passes all Boltz2 quality gates and ranks in top 100 by pocket pLDDT.
pair_3108,binder,1,seq7,59A;81D;83L;92M;94V;108H;141K;159I;160L;163G;167I,MASELTPEERSELKNSIAEFHTYQLDPGSCSSLHAQRIHAPPELVWSIVRRFDKPQTYAHFIKSCSVEQNFEMRVGCTRDDILISGLPANTMTVRLDILDDERRVTGHSIIGGEHRLTNYKSVTTVHRFEKENRIWTVVLKSYVVDMPEGNSEDDTRMILDTGVKLILQKLATVAEAMARN,59A;81D;83L;92M;94V;108H;110I;117L;120Y;122S;141K;159I;160L;163G;164V;167I,strong,0.8974,0.7930,0.9713,pair_3108.pdb,Experimentally validated binder (Y2H/FACS). Passes all Boltz2 quality gates and ranks in top 100 by pocket pLDDT.
pair_3101,binder,1,seq47,59V;81D;83L;92M;94V;108V;141K;159I;160L;163G;167I,MASELTPEERSELKNSIAEFHTYQLDPGSCSSLHAQRIHAPPELVWSIVRRFDKPQTYVHFIKSCSVEQNFEMRVGCTRDDILISGLPANTMTVRLDILDDERRVTGVSIIGGEHRLTNYKSVTTVHRFEKENRIWTVVLKSYVVDMPEGNSEDDTRMILDTGVKLILQKLATVAEAMARN,59V;81D;83L;92M;94V;108V;110I;117L;120Y;122S;141K;159I;160L;163G;164V;167I,strong,0.8882,0.9120,0.9707,pair_3101.pdb,Experimentally validated binder (Y2H/FACS). Passes all Boltz2 quality gates and ranks in top 100 by pocket pLDDT.
pair_0664,non_binder,0,59v_0326,59V;81D;83L;92M;94V;108V;141K;159I;160V;163G;167L,MASELTPEERSELKNSIAEFHTYQLDPGSCSSLHAQRIHAPPELVWSIVRRFDKPQTYVHFIKSCSVEQNFEMRVGCTRDDILISGLPANTMTVRLDILDDERRVTGVSIIGGEHRLTNYKSVTTVHRFEKENRIWTVVLKSYVVDMPEGNSEDDTRMIVDTGVKLLLQKLATVAEAMARN,59V;81D;83L;92M;94V;108V;110I;117L;120Y;122S;141K;159I;160V;163G;164V;167L,negative,0.8715,2.1550,0.9700,pair_0664.pdb,Non-binder that passes Boltz2 quality gates and ranks in top 100. Predicted high confidence but no experimental binding.
pair_0777,non_binder,0,59v_0208,59V;81L;92G;94V;108A;110V;120F;122W;141Q;159Y;160V;163F,MASELTPEERSELKNSIAEFHTYQLDPGSCSSLHAQRIHAPPELVWSIVRRFDKPQTYVHFIKSCSVEQNFEMRVGCTRDLIVISGLPANTGTVRLDILDDERRVTGASVIGGEHRLTNFKWVTTVHRFEKENRIWTVVLQSYVVDMPEGNSEDDTRMYVDTFVKLNLQKLATVAEAMARN,59V;81L;83V;92G;94V;108A;110V;117L;120F;122W;141Q;159Y;160V;163F;164V;167N,negative,0.8426,3.8880,0.9695,pair_0777.pdb,Non-binder that passes Boltz2 quality gates and ranks in top 100. Predicted high confidence but no experimental binding.
pair_3079,binder,1,seq26,59V;81D;83L;92M;94V;108V;141K;159I;160M;163G;164I;167I,MASELTPEERSELKNSIAEFHTYQLDPGSCSSLHAQRIHAPPELVWSIVRRFDKPQTYVHFIKSCSVEQNFEMRVGCTRDDILISGLPANTMTVRLDILDDERRVTGVSIIGGEHRLTNYKSVTTVHRFEKENRIWTVVLKSYVVDMPEGNSEDDTRMIMDTGIKLILQKLATVAEAMARN,59V;81D;83L;92M;94V;108V;110I;117L;120Y;122S;141K;159I;160M;163G;164I;167I,strong,0.8670,1.1220,0.9690,pair_3079.pdb,Experimentally validated binder (Y2H/FACS). Passes all Boltz2 quality gates and ranks in top 100 by pocket pLDDT.
pair_3076,binder,1,seq23,59V;81D;83L;92M;94V;108H;141K;159I;160L;163G;167I,MASELTPEERSELKNSIAEFHTYQLDPGSCSSLHAQRIHAPPELVWSIVRRFDKPQTYVHFIKSCSVEQNFEMRVGCTRDDILISGLPANTMTVRLDILDDERRVTGHSIIGGEHRLTNYKSVTTVHRFEKENRIWTVVLKSYVVDMPEGNSEDDTRMILDTGVKLILQKLATVAEAMARN,59V;81D;83L;92M;94V;108H;110I;117L;120Y;122S;141K;159I;160L;163G;164V;167I,strong,0.8867,1.4160,0.9687,pair_3076.pdb,Experimentally validated binder (Y2H/FACS). Passes all Boltz2 quality gates and ranks in top 100 by pocket pLDDT.
pair_3099,binder,1,seq45,59V;81D;83L;92M;94V;108A;110V;120L;122W;141R;159H;160V;163L;164F;167G,MASELTPEERSELKNSIAEFHTYQLDPGSCSSLHAQRIHAPPELVWSIVRRFDKPQTYVHFIKSCSVEQNFEMRVGCTRDDILISGLPANTMTVRLDILDDERRVTGASVIGGEHRLTNLKWVTTVHRFEKENRIWTVVLRSYVVDMPEGNSEDDTRMHVDTLFKLGLQKLATVAEAMARN,59V;81D;83L;92M;94V;108A;110V;117L;120L;122W;141R;159H;160V;163L;164F;167G,strong,0.8935,3.7500,0.9675,pair_3099.pdb,Experimentally validated binder (Y2H/FACS). Passes all Boltz2 quality gates and ranks in top 100 by pocket pLDDT.
pair_3087,binder,1,seq34,59V;81D;83L;92M;94V;108H;141K;159I;160V;163G;167L,MASELTPEERSELKNSIAEFHTYQLDPGSCSSLHAQRIHAPPELVWSIVRRFDKPQTYVHFIKSCSVEQNFEMRVGCTRDDILISGLPANTMTVRLDILDDERRVTGHSIIGGEHRLTNYKSVTTVHRFEKENRIWTVVLKSYVVDMPEGNSEDDTRMIVDTGVKLLLQKLATVAEAMARN,59V;81D;83L;92M;94V;108H;110I;117L;120Y;122S;141K;159I;160V;163G;164V;167L,strong,0.8224,1.9110,0.9668,pair_3087.pdb,Experimentally validated binder (Y2H/FACS). Passes all Boltz2 quality gates and ranks in top 100 by pocket pLDDT.
pair_3062,binder,1,seq10,59V;81D;83L;92M;94V;108A;110V;117V;120L;122T;141K;159I;160V;163G;167L,MASELTPEERSELKNSIAEFHTYQLDPGSCSSLHAQRIHAPPELVWSIVRRFDKPQTYVHFIKSCSVEQNFEMRVGCTRDDILISGLPANTMTVRLDILDDERRVTGASVIGGEHRVTNLKTVTTVHRFEKENRIWTVVLKSYVVDMPEGNSEDDTRMIVDTGVKLLLQKLATVAEAMARN,59V;81D;83L;92M;94V;108A;110V;117V;120L;122T;141K;159I;160V;163G;164V;167L,strong,0.8672,2.8550,0.9666,pair_3062.pdb,Experimentally validated binder (Y2H/FACS). Passes all Boltz2 quality gates and ranks in top 100 by pocket pLDDT.
pair_1939,non_binder,0,59a_0028,59A;81L;92A;94V;108A;110V;120F;122W;141Q;159Y;160V;163F;167A,MASELTPEERSELKNSIAEFHTYQLDPGSCSSLHAQRIHAPPELVWSIVRRFDKPQTYAHFIKSCSVEQNFEMRVGCTRDLIVISGLPANTATVRLDILDDERRVTGASVIGGEHRLTNFKWVTTVHRFEKENRIWTVVLQSYVVDMPEGNSEDDTRMYVDTFVKLALQKLATVAEAMARN,59A;81L;83V;92A;94V;108A;110V;117L;120F;122W;141Q;159Y;160V;163F;164V;167A,negative,0.8559,2.8020,0.9663,pair_1939.pdb,Non-binder that passes Boltz2 quality gates and ranks in top 100. Predicted high confidence but no experimental binding.
pair_1824,non_binder,0,59a_0144,59A;81L;83A;92G;94V;108S;110V;120F;122W;141Q;160V;163L;164F;167T,MASELTPEERSELKNSIAEFHTYQLDPGSCSSLHAQRIHAPPELVWSIVRRFDKPQTYAHFIKSCSVEQNFEMRVGCTRDLIAISGLPANTGTVRLDILDDERRVTGSSVIGGEHRLTNFKWVTTVHRFEKENRIWTVVLQSYVVDMPEGNSEDDTRMFVDTLFKLTLQKLATVAEAMARN,59A;81L;83A;92G;94V;108S;110V;117L;120F;122W;141Q;159F;160V;163L;164F;167T,negative,0.9104,2.9290,0.9657,pair_1824.pdb,Non-binder that passes Boltz2 quality gates and ranks in top 100. Predicted high confidence but no experimental binding.
pair_3059,binder,1,59v_0379,59V;81L;83A;92A;108A;110V;120L;122W;141R;159H;160V;163L;164F;167G,MASELTPEERSELKNSIAEFHTYQLDPGSCSSLHAQRIHAPPELVWSIVRRFDKPQTYVHFIKSCSVEQNFEMRVGCTRDLIAISGLPANTATERLDILDDERRVTGASVIGGEHRLTNLKWVTTVHRFEKENRIWTVVLRSYVVDMPEGNSEDDTRMHVDTLFKLGLQKLATVAEAMARN,59V;81L;83A;92A;94E;108A;110V;117L;120L;122W;141R;159H;160V;163L;164F;167G,strong,0.8965,3.3220,0.9655,pair_3059.pdb,Experimentally validated binder (Y2H/FACS). Passes all Boltz2 quality gates and ranks in top 100 by pocket pLDDT.
pair_3064,binder,1,seq12,59A;81D;83L;92M;94V;108A;110V;117V;120L;122T;141Q;159Y;160V;163F;167A,MASELTPEERSELKNSIAEFHTYQLDPGSCSSLHAQRIHAPPELVWSIVRRFDKPQTYAHFIKSCSVEQNFEMRVGCTRDDILISGLPANTMTVRLDILDDERRVTGASVIGGEHRVTNLKTVTTVHRFEKENRIWTVVLQSYVVDMPEGNSEDDTRMYVDTFVKLALQKLATVAEAMARN,59A;81D;83L;92M;94V;108A;110V;117V;120L;122T;141Q;159Y;160V;163F;164V;167A,strong,0.8604,1.8020,0.9652,pair_3064.pdb,Experimentally validated binder (Y2H/FACS). Passes all Boltz2 quality gates and ranks in top 100 by pocket pLDDT.
pair_3063,binder,1,seq11,59A;81D;83L;92M;94V;108A;110V;117V;120L;122T;141K;159I;160M;163G;164I;167I,MASELTPEERSELKNSIAEFHTYQLDPGSCSSLHAQRIHAPPELVWSIVRRFDKPQTYAHFIKSCSVEQNFEMRVGCTRDDILISGLPANTMTVRLDILDDERRVTGASVIGGEHRVTNLKTVTTVHRFEKENRIWTVVLKSYVVDMPEGNSEDDTRMIMDTGIKLILQKLATVAEAMARN,59A;81D;83L;92M;94V;108A;110V;117V;120L;122T;141K;159I;160M;163G;164I;167I,strong,0.9137,2.7960,0.9650,pair_3063.pdb,Experimentally validated binder (Y2H/FACS). Passes all Boltz2 quality gates and ranks in top 100 by pocket pLDDT.
pair_0827,non_binder,0,59v_0157,59V;81L;92G;94V;108A;110V;120F;122W;141Q;160V;163F;167V,MASELTPEERSELKNSIAEFHTYQLDPGSCSSLHAQRIHAPPELVWSIVRRFDKPQTYVHFIKSCSVEQNFEMRVGCTRDLIVISGLPANTGTVRLDILDDERRVTGASVIGGEHRLTNFKWVTTVHRFEKENRIWTVVLQSYVVDMPEGNSEDDTRMFVDTFVKLVLQKLATVAEAMARN,59V;81L;83V;92G;94V;108A;110V;117L;120F;122W;141Q;159F;160V;163F;164V;167V,negative,0.8750,2.5600,0.9647,pair_0827.pdb,Non-binder that passes Boltz2 quality gates and ranks in top 100. Predicted high confidence but no experimental binding.
pair_1860,non_binder,0,59a_0107,59A;81L;92A;94V;108A;110V;117V;120F;122W;141Q;159Y;160M;163L;164F;167A,MASELTPEERSELKNSIAEFHTYQLDPGSCSSLHAQRIHAPPELVWSIVRRFDKPQTYAHFIKSCSVEQNFEMRVGCTRDLIVISGLPANTATVRLDILDDERRVTGASVIGGEHRVTNFKWVTTVHRFEKENRIWTVVLQSYVVDMPEGNSEDDTRMYMDTLFKLALQKLATVAEAMARN,59A;81L;83V;92A;94V;108A;110V;117V;120F;122W;141Q;159Y;160M;163L;164F;167A,negative,0.9296,3.5480,0.9645,pair_1860.pdb,Non-binder that passes Boltz2 quality gates and ranks in top 100. Predicted high confidence but no experimental binding.
pair_3088,binder,1,seq35,59V;81D;83L;92M;94V;108V;117V;120L;122T;141K;159I;160L;163G;167I,MASELTPEERSELKNSIAEFHTYQLDPGSCSSLHAQRIHAPPELVWSIVRRFDKPQTYVHFIKSCSVEQNFEMRVGCTRDDILISGLPANTMTVRLDILDDERRVTGVSIIGGEHRVTNLKTVTTVHRFEKENRIWTVVLKSYVVDMPEGNSEDDTRMILDTGVKLILQKLATVAEAMARN,59V;81D;83L;92M;94V;108V;110I;117V;120L;122T;141K;159I;160L;163G;164V;167I,strong,0.9082,2.6170,0.9643,pair_3088.pdb,Experimentally validated binder (Y2H/FACS). Passes all Boltz2 quality gates and ranks in top 100 by pocket pLDDT.
pair_3104,binder,1,seq5,59V;81D;83L;92M;94V;108A;110V;117T;120L;122T;141K;159I;160L;163G;167I,MASELTPEERSELKNSIAEFHTYQLDPGSCSSLHAQRIHAPPELVWSIVRRFDKPQTYVHFIKSCSVEQNFEMRVGCTRDDILISGLPANTMTVRLDILDDERRVTGASVIGGEHRTTNLKTVTTVHRFEKENRIWTVVLKSYVVDMPEGNSEDDTRMILDTGVKLILQKLATVAEAMARN,59V;81D;83L;92M;94V;108A;110V;117T;120L;122T;141K;159I;160L;163G;164V;167I,strong,0.8596,2.4000,0.9642,pair_3104.pdb,Experimentally validated binder (Y2H/FACS). Passes all Boltz2 quality gates and ranks in top 100 by pocket pLDDT.
pair_0647,non_binder,0,59v_0344,59V;81D;83L;92L;94L;108H;141K;159I;160L;163G;164Y;167I,MASELTPEERSELKNSIAEFHTYQLDPGSCSSLHAQRIHAPPELVWSIVRRFDKPQTYVHFIKSCSVEQNFEMRVGCTRDDILISGLPANTLTLRLDILDDERRVTGHSIIGGEHRLTNYKSVTTVHRFEKENRIWTVVLKSYVVDMPEGNSEDDTRMILDTGYKLILQKLATVAEAMARN,59V;81D;83L;92L;94L;108H;110I;117L;120Y;122S;141K;159I;160L;163G;164Y;167I,negative,0.8831,2.3530,0.9641,pair_0647.pdb,Non-binder that passes Boltz2 quality gates and ranks in top 100. Predicted high confidence but no experimental binding.
pair_3077,binder,1,seq24,59V;81D;83L;92M;94L;108A;110V;117V;120L;122T;141K;159I;160V;163G;167L,MASELTPEERSELKNSIAEFHTYQLDPGSCSSLHAQRIHAPPELVWSIVRRFDKPQTYVHFIKSCSVEQNFEMRVGCTRDDILISGLPANTMTLRLDILDDERRVTGASVIGGEHRVTNLKTVTTVHRFEKENRIWTVVLKSYVVDMPEGNSEDDTRMIVDTGVKLLLQKLATVAEAMARN,59V;81D;83L;92M;94L;108A;110V;117V;120L;122T;141K;159I;160V;163G;164V;167L,strong,0.8697,2.6620,0.9634,pair_3077.pdb,Experimentally validated binder (Y2H/FACS). Passes all Boltz2 quality gates and ranks in top 100 by pocket pLDDT.
pair_1785,non_binder,0,59a_0184,59A;83F;92A;94V;108A;117V;120F;122W;141R;159I;160V;163G;167M,MASELTPEERSELKNSIAEFHTYQLDPGSCSSLHAQRIHAPPELVWSIVRRFDKPQTYAHFIKSCSVEQNFEMRVGCTRDVIFISGLPANTATVRLDILDDERRVTGASIIGGEHRVTNFKWVTTVHRFEKENRIWTVVLRSYVVDMPEGNSEDDTRMIVDTGVKLMLQKLATVAEAMARN,59A;81V;83F;92A;94V;108A;110I;117V;120F;122W;141R;159I;160V;163G;164V;167M,negative,0.8483,2.4180,0.9632,pair_1785.pdb,Non-binder that passes Boltz2 quality gates and ranks in top 100. Predicted high confidence but no experimental binding.
pair_3073,binder,1,seq20,59L;81D;83L;92M;94V;108V;141K;159I;160L;163G;167I,MASELTPEERSELKNSIAEFHTYQLDPGSCSSLHAQRIHAPPELVWSIVRRFDKPQTYLHFIKSCSVEQNFEMRVGCTRDDILISGLPANTMTVRLDILDDERRVTGVSIIGGEHRLTNYKSVTTVHRFEKENRIWTVVLKSYVVDMPEGNSEDDTRMILDTGVKLILQKLATVAEAMARN,59L;81D;83L;92M;94V;108V;110I;117L;120Y;122S;141K;159I;160L;163G;164V;167I,strong,0.8754,1.0450,0.9630,pair_3073.pdb,Experimentally validated binder (Y2H/FACS). Passes all Boltz2 quality gates and ranks in top 100 by pocket pLDDT.
pair_3068,binder,1,seq16_designed,59V;81D;83L;92M;94V;108A;110V;117V;120L;122T;141K;159I;160L;163G;167I,MASELTPEERSELKNSIAEFHTYQLDPGSCSSLHAQRIHAPPELVWSIVRRFDKPQTYVHFIKSCSVEQNFEMRVGCTRDDILISGLPANTMTVRLDILDDERRVTGASVIGGEHRVTNLKTVTTVHRFEKENRIWTVVLKSYVVDMPEGNSEDDTRMILDTGVKLILQKLATVAEAMARN,59V;81D;83L;92M;94V;108A;110V;117V;120L;122T;141K;159I;160L;163G;164V;167I,strong,0.8825,2.2670,0.9625,pair_3068.pdb,Experimentally validated binder (Y2H/FACS). Passes all Boltz2 quality gates and ranks in top 100 by pocket pLDDT.
pair_3103,binder,1,seq49,59V;81D;83L;92M;94V;108A;110V;117V;120L;122T;141K;159I;160L;163G;167L,MASELTPEERSELKNSIAEFHTYQLDPGSCSSLHAQRIHAPPELVWSIVRRFDKPQTYVHFIKSCSVEQNFEMRVGCTRDDILISGLPANTMTVRLDILDDERRVTGASVIGGEHRVTNLKTVTTVHRFEKENRIWTVVLKSYVVDMPEGNSEDDTRMILDTGVKLLLQKLATVAEAMARN,59V;81D;83L;92M;94V;108A;110V;117V;120L;122T;141K;159I;160L;163G;164V;167L,strong,0.8520,3.1500,0.9624,pair_3103.pdb,Experimentally validated binder (Y2H/FACS). Passes all Boltz2 quality gates and ranks in top 100 by pocket pLDDT.
pair_1656,non_binder,0,59a_0318,59A;81L;92A;94Q;108S;110V;117V;120L;122W;141Q;159H;160M;163F;164F;167A,MASELTPEERSELKNSIAEFHTYQLDPGSCSSLHAQRIHAPPELVWSIVRRFDKPQTYAHFIKSCSVEQNFEMRVGCTRDLIVISGLPANTATQRLDILDDERRVTGSSVIGGEHRVTNLKWVTTVHRFEKENRIWTVVLQSYVVDMPEGNSEDDTRMHMDTFFKLALQKLATVAEAMARN,59A;81L;83V;92A;94Q;108S;110V;117V;120L;122W;141Q;159H;160M;163F;164F;167A,negative,0.9206,3.5860,0.9622,pair_1656.pdb,Non-binder that passes Boltz2 quality gates and ranks in top 100. Predicted high confidence but no experimental binding.
pair_1914,non_binder,0,59a_0053,59A;81L;83A;92A;94V;108Q;110V;120F;122W;141R;159H;160V;163F;164F;167T,MASELTPEERSELKNSIAEFHTYQLDPGSCSSLHAQRIHAPPELVWSIVRRFDKPQTYAHFIKSCSVEQNFEMRVGCTRDLIAISGLPANTATVRLDILDDERRVTGQSVIGGEHRLTNFKWVTTVHRFEKENRIWTVVLRSYVVDMPEGNSEDDTRMHVDTFFKLTLQKLATVAEAMARN,59A;81L;83A;92A;94V;108Q;110V;117L;120F;122W;141R;159H;160V;163F;164F;167T,negative,0.9093,3.4550,0.9622,pair_1914.pdb,Non-binder that passes Boltz2 quality gates and ranks in top 100. Predicted high confidence but no experimental binding.
pair_0867,non_binder,0,59v_0116,59V;81L;83A;92G;94V;108Q;110V;120F;122W;141R;160V;163L;164F;167A,MASELTPEERSELKNSIAEFHTYQLDPGSCSSLHAQRIHAPPELVWSIVRRFDKPQTYVHFIKSCSVEQNFEMRVGCTRDLIAISGLPANTGTVRLDILDDERRVTGQSVIGGEHRLTNFKWVTTVHRFEKENRIWTVVLRSYVVDMPEGNSEDDTRMFVDTLFKLALQKLATVAEAMARN,59V;81L;83A;92G;94V;108Q;110V;117L;120F;122W;141R;159F;160V;163L;164F;167A,negative,0.9190,2.7840,0.9620,pair_0867.pdb,Non-binder that passes Boltz2 quality gates and ranks in top 100. Predicted high confidence but no experimental binding.
pair_0602,non_binder,0,59v_0390,59V;81L;83A;92A;94V;108A;110V;122W;141Q;159H;160V;163L;164I;167A,MASELTPEERSELKNSIAEFHTYQLDPGSCSSLHAQRIHAPPELVWSIVRRFDKPQTYVHFIKSCSVEQNFEMRVGCTRDLIAISGLPANTATVRLDILDDERRVTGASVIGGEHRLTNYKWVTTVHRFEKENRIWTVVLQSYVVDMPEGNSEDDTRMHVDTLIKLALQKLATVAEAMARN,59V;81L;83A;92A;94V;108A;110V;117L;120Y;122W;141Q;159H;160V;163L;164I;167A,negative,0.8537,3.2630,0.9619,pair_0602.pdb,Non-binder that passes Boltz2 quality gates and ranks in top 100. Predicted high confidence but no experimental binding.
pair_0776,non_binder,0,59v_0209,59V;81L;92G;94V;108S;110V;120F;122W;141Q;159Y;160V;163F;167A,MASELTPEERSELKNSIAEFHTYQLDPGSCSSLHAQRIHAPPELVWSIVRRFDKPQTYVHFIKSCSVEQNFEMRVGCTRDLIVISGLPANTGTVRLDILDDERRVTGSSVIGGEHRLTNFKWVTTVHRFEKENRIWTVVLQSYVVDMPEGNSEDDTRMYVDTFVKLALQKLATVAEAMARN,59V;81L;83V;92G;94V;108S;110V;117L;120F;122W;141Q;159Y;160V;163F;164V;167A,negative,0.8739,3.3240,0.9617,pair_0776.pdb,Non-binder that passes Boltz2 quality gates and ranks in top 100. Predicted high confidence but no experimental binding.
pair_1961,non_binder,0,59a_0006,59A;81L;92G;94V;108A;110V;117V;120L;122W;141R;159H;160M;163I;164F;167A,MASELTPEERSELKNSIAEFHTYQLDPGSCSSLHAQRIHAPPELVWSIVRRFDKPQTYAHFIKSCSVEQNFEMRVGCTRDLIVISGLPANTGTVRLDILDDERRVTGASVIGGEHRVTNLKWVTTVHRFEKENRIWTVVLRSYVVDMPEGNSEDDTRMHMDTIFKLALQKLATVAEAMARN,59A;81L;83V;92G;94V;108A;110V;117V;120L;122W;141R;159H;160M;163I;164F;167A,negative,0.9247,3.4210,0.9617,pair_1961.pdb,Non-binder that passes Boltz2 quality gates and ranks in top 100. Predicted high confidence but no experimental binding.
pair_3071,binder,1,seq19,59V;81D;83L;92M;94L;108A;110V;117V;120L;122T;141K;159I;160L;163G;167I,MASELTPEERSELKNSIAEFHTYQLDPGSCSSLHAQRIHAPPELVWSIVRRFDKPQTYVHFIKSCSVEQNFEMRVGCTRDDILISGLPANTMTLRLDILDDERRVTGASVIGGEHRVTNLKTVTTVHRFEKENRIWTVVLKSYVVDMPEGNSEDDTRMILDTGVKLILQKLATVAEAMARN,59V;81D;83L;92M;94L;108A;110V;117V;120L;122T;141K;159I;160L;163G;164V;167I,strong,0.8852,1.9830,0.9615,pair_3071.pdb,Experimentally validated binder (Y2H/FACS). Passes all Boltz2 quality gates and ranks in top 100 by pocket pLDDT.
pair_0765,non_binder,0,59v_0220,59V;81L;83A;92G;94V;108Q;110V;120F;122W;141Q;160V;163F;164F;167A,MASELTPEERSELKNSIAEFHTYQLDPGSCSSLHAQRIHAPPELVWSIVRRFDKPQTYVHFIKSCSVEQNFEMRVGCTRDLIAISGLPANTGTVRLDILDDERRVTGQSVIGGEHRLTNFKWVTTVHRFEKENRIWTVVLQSYVVDMPEGNSEDDTRMFVDTFFKLALQKLATVAEAMARN,59V;81L;83A;92G;94V;108Q;110V;117L;120F;122W;141Q;159F;160V;163F;164F;167A,negative,0.9249,3.7130,0.9610,pair_0765.pdb,Non-binder that passes Boltz2 quality gates and ranks in top 100. Predicted high confidence but no experimental binding.
pair_0822,non_binder,0,59v_0163,59V;81D;83A;92A;94V;108A;110V;117V;120L;122W;141Q;159I;160M;163F;164F;167T,MASELTPEERSELKNSIAEFHTYQLDPGSCSSLHAQRIHAPPELVWSIVRRFDKPQTYVHFIKSCSVEQNFEMRVGCTRDDIAISGLPANTATVRLDILDDERRVTGASVIGGEHRVTNLKWVTTVHRFEKENRIWTVVLQSYVVDMPEGNSEDDTRMIMDTFFKLTLQKLATVAEAMARN,59V;81D;83A;92A;94V;108A;110V;117V;120L;122W;141Q;159I;160M;163F;164F;167T,negative,0.9114,1.8970,0.9610,pair_0822.pdb,Non-binder that passes Boltz2 quality gates and ranks in top 100. Predicted high confidence but no experimental binding.
pair_1784,non_binder,0,59a_0185,59A;83F;92A;94V;117V;122T;141R;159I;160V;163G;164I;167D,MASELTPEERSELKNSIAEFHTYQLDPGSCSSLHAQRIHAPPELVWSIVRRFDKPQTYAHFIKSCSVEQNFEMRVGCTRDVIFISGLPANTATVRLDILDDERRVTGFSIIGGEHRVTNYKTVTTVHRFEKENRIWTVVLRSYVVDMPEGNSEDDTRMIVDTGIKLDLQKLATVAEAMARN,59A;81V;83F;92A;94V;108F;110I;117V;120Y;122T;141R;159I;160V;163G;164I;167D,negative,0.8857,3.3940,0.9609,pair_1784.pdb,Non-binder that passes Boltz2 quality gates and ranks in top 100. Predicted high confidence but no experimental binding.
pair_3067,binder,1,seq15,59V;81D;83L;92M;94V;108A;110V;117V;120L;122T;141K;159I;160L;163G;164Y;167I,MASELTPEERSELKNSIAEFHTYQLDPGSCSSLHAQRIHAPPELVWSIVRRFDKPQTYVHFIKSCSVEQNFEMRVGCTRDDILISGLPANTMTVRLDILDDERRVTGASVIGGEHRVTNLKTVTTVHRFEKENRIWTVVLKSYVVDMPEGNSEDDTRMILDTGYKLILQKLATVAEAMARN,59V;81D;83L;92M;94V;108A;110V;117V;120L;122T;141K;159I;160L;163G;164Y;167I,strong,0.8725,2.4400,0.9609,pair_3067.pdb,Experimentally validated binder (Y2H/FACS). Passes all Boltz2 quality gates and ranks in top 100 by pocket pLDDT.
pair_3086,binder,1,seq33,59A;81D;83L;92M;94V;108A;110V;117V;120L;122T;141K;159I;160V;163G;167L,MASELTPEERSELKNSIAEFHTYQLDPGSCSSLHAQRIHAPPELVWSIVRRFDKPQTYAHFIKSCSVEQNFEMRVGCTRDDILISGLPANTMTVRLDILDDERRVTGASVIGGEHRVTNLKTVTTVHRFEKENRIWTVVLKSYVVDMPEGNSEDDTRMIVDTGVKLLLQKLATVAEAMARN,59A;81D;83L;92M;94V;108A;110V;117V;120L;122T;141K;159I;160V;163G;164V;167L,strong,0.8654,3.9220,0.9607,pair_3086.pdb,Experimentally validated binder (Y2H/FACS). Passes all Boltz2 quality gates and ranks in top 100 by pocket pLDDT.
pair_0506,non_binder,0,59v_0486,59V;81L;92A;108A;110V;120E;122W;141R;160M;163L;164F;167G,MASELTPEERSELKNSIAEFHTYQLDPGSCSSLHAQRIHAPPELVWSIVRRFDKPQTYVHFIKSCSVEQNFEMRVGCTRDLIVISGLPANTATERLDILDDERRVTGASVIGGEHRLTNEKWVTTVHRFEKENRIWTVVLRSYVVDMPEGNSEDDTRMFMDTLFKLGLQKLATVAEAMARN,59V;81L;83V;92A;94E;108A;110V;117L;120E;122W;141R;159F;160M;163L;164F;167G,negative,0.8935,3.4400,0.9603,pair_0506.pdb,Non-binder that passes Boltz2 quality gates and ranks in top 100. Predicted high confidence but no experimental binding.
pair_3078,binder,1,seq25,59V;81D;83L;92M;94V;108A;110V;117V;120L;122T;141K;159H;160M;163I;164F;167A,MASELTPEERSELKNSIAEFHTYQLDPGSCSSLHAQRIHAPPELVWSIVRRFDKPQTYVHFIKSCSVEQNFEMRVGCTRDDILISGLPANTMTVRLDILDDERRVTGASVIGGEHRVTNLKTVTTVHRFEKENRIWTVVLKSYVVDMPEGNSEDDTRMHMDTIFKLALQKLATVAEAMARN,59V;81D;83L;92M;94V;108A;110V;117V;120L;122T;141K;159H;160M;163I;164F;167A,strong,0.8929,3.1030,0.9603,pair_3078.pdb,Experimentally validated binder (Y2H/FACS). Passes all Boltz2 quality gates and ranks in top 100 by pocket pLDDT.
pair_3085,binder,1,seq31_designed,59A;81D;83L;92M;94V;108A;110V;117V;120L;122T;141K;159I;160L;163G;167I,MASELTPEERSELKNSIAEFHTYQLDPGSCSSLHAQRIHAPPELVWSIVRRFDKPQTYAHFIKSCSVEQNFEMRVGCTRDDILISGLPANTMTVRLDILDDERRVTGASVIGGEHRVTNLKTVTTVHRFEKENRIWTVVLKSYVVDMPEGNSEDDTRMILDTGVKLILQKLATVAEAMARN,59A;81D;83L;92M;94V;108A;110V;117V;120L;122T;141K;159I;160L;163G;164V;167I,strong,0.9013,2.5230,0.9603,pair_3085.pdb,Experimentally validated binder (Y2H/FACS). Passes all Boltz2 quality gates and ranks in top 100 by pocket pLDDT.
pair_1397,non_binder,0,59l_0079,59L;81L;83A;92A;94V;108A;110V;120L;122W;141Q;159Y;160V;163L;164F;167A,MASELTPEERSELKNSIAEFHTYQLDPGSCSSLHAQRIHAPPELVWSIVRRFDKPQTYLHFIKSCSVEQNFEMRVGCTRDLIAISGLPANTATVRLDILDDERRVTGASVIGGEHRLTNLKWVTTVHRFEKENRIWTVVLQSYVVDMPEGNSEDDTRMYVDTLFKLALQKLATVAEAMARN,59L;81L;83A;92A;94V;108A;110V;117L;120L;122W;141Q;159Y;160V;163L;164F;167A,negative,0.9025,3.5080,0.9602,pair_1397.pdb,Non-binder that passes Boltz2 quality gates and ranks in top 100. Predicted high confidence but no experimental binding.
pair_0288,non_binder,0,wt_mandi_0208,59R;81L;92G;94V;108A;110V;120F;122W;141Q;159Y;160V;163F,MASELTPEERSELKNSIAEFHTYQLDPGSCSSLHAQRIHAPPELVWSIVRRFDKPQTYRHFIKSCSVEQNFEMRVGCTRDLIVISGLPANTGTVRLDILDDERRVTGASVIGGEHRLTNFKWVTTVHRFEKENRIWTVVLQSYVVDMPEGNSEDDTRMYVDTFVKLNLQKLATVAEAMARN,59R;81L;83V;92G;94V;108A;110V;117L;120F;122W;141Q;159Y;160V;163F;164V;167N,negative,0.8453,2.2140,0.9601,pair_0288.pdb,Non-binder that passes Boltz2 quality gates and ranks in top 100. Predicted high confidence but no experimental binding.
pair_1023,non_binder,0,59l_0459,59L;81L;83L;92A;94Q;108A;110V;117A;120F;122W;141R;159I;160Y;163F;164F;167A,MASELTPEERSELKNSIAEFHTYQLDPGSCSSLHAQRIHAPPELVWSIVRRFDKPQTYLHFIKSCSVEQNFEMRVGCTRDLILISGLPANTATQRLDILDDERRVTGASVIGGEHRATNFKWVTTVHRFEKENRIWTVVLRSYVVDMPEGNSEDDTRMIYDTFFKLALQKLATVAEAMARN,59L;81L;83L;92A;94Q;108A;110V;117A;120F;122W;141R;159I;160Y;163F;164F;167A,negative,0.8996,3.4900,0.9600,pair_1023.pdb,Non-binder that passes Boltz2 quality gates and ranks in top 100. Predicted high confidence but no experimental binding.
pair_0876,non_binder,0,59v_0107,59V;81L;92A;94V;108A;110V;117V;120F;122W;141Q;159Y;160M;163L;164F;167A,MASELTPEERSELKNSIAEFHTYQLDPGSCSSLHAQRIHAPPELVWSIVRRFDKPQTYVHFIKSCSVEQNFEMRVGCTRDLIVISGLPANTATVRLDILDDERRVTGASVIGGEHRVTNFKWVTTVHRFEKENRIWTVVLQSYVVDMPEGNSEDDTRMYMDTLFKLALQKLATVAEAMARN,59V;81L;83V;92A;94V;108A;110V;117V;120F;122W;141Q;159Y;160M;163L;164F;167A,negative,0.9064,3.8640,0.9599,pair_0876.pdb,Non-binder that passes Boltz2 quality gates and ranks in top 100. Predicted high confidence but no experimental binding.
pair_1679,non_binder,0,59a_0293,59A;81L;83A;92G;94V;108A;110V;120E;122W;141Q;159Y;160M;163I;164F;167G,MASELTPEERSELKNSIAEFHTYQLDPGSCSSLHAQRIHAPPELVWSIVRRFDKPQTYAHFIKSCSVEQNFEMRVGCTRDLIAISGLPANTGTVRLDILDDERRVTGASVIGGEHRLTNEKWVTTVHRFEKENRIWTVVLQSYVVDMPEGNSEDDTRMYMDTIFKLGLQKLATVAEAMARN,59A;81L;83A;92G;94V;108A;110V;117L;120E;122W;141Q;159Y;160M;163I;164F;167G,negative,0.8750,3.5330,0.9598,pair_1679.pdb,Non-binder that passes Boltz2 quality gates and ranks in top 100. Predicted high confidence but no experimental binding.
pair_1938,non_binder,0,59a_0029,59A;81L;92A;94V;108A;110V;120F;122W;141Q;159Y;160M;163F;167A,MASELTPEERSELKNSIAEFHTYQLDPGSCSSLHAQRIHAPPELVWSIVRRFDKPQTYAHFIKSCSVEQNFEMRVGCTRDLIVISGLPANTATVRLDILDDERRVTGASVIGGEHRLTNFKWVTTVHRFEKENRIWTVVLQSYVVDMPEGNSEDDTRMYMDTFVKLALQKLATVAEAMARN,59A;81L;83V;92A;94V;108A;110V;117L;120F;122W;141Q;159Y;160M;163F;164V;167A,negative,0.9053,3.6430,0.9595,pair_1938.pdb,Non-binder that passes Boltz2 quality gates and ranks in top 100. Predicted high confidence but no experimental binding.
pair_0502,non_binder,0,59v_0490,59V;81L;83F;92A;94V;117V;122Q;141K;159V;160V;163G;164I;167V,MASELTPEERSELKNSIAEFHTYQLDPGSCSSLHAQRIHAPPELVWSIVRRFDKPQTYVHFIKSCSVEQNFEMRVGCTRDLIFISGLPANTATVRLDILDDERRVTGFSIIGGEHRVTNYKQVTTVHRFEKENRIWTVVLKSYVVDMPEGNSEDDTRMVVDTGIKLVLQKLATVAEAMARN,59V;81L;83F;92A;94V;108F;110I;117V;120Y;122Q;141K;159V;160V;163G;164I;167V,negative,0.8955,3.6590,0.9594,pair_0502.pdb,Non-binder that passes Boltz2 quality gates and ranks in top 100. Predicted high confidence but no experimental binding.
pair_0549,non_binder,0,59v_0443,59V;81L;83A;92G;94V;108Q;110V;120F;122W;141R;159L;160V;163F;164F;167T,MASELTPEERSELKNSIAEFHTYQLDPGSCSSLHAQRIHAPPELVWSIVRRFDKPQTYVHFIKSCSVEQNFEMRVGCTRDLIAISGLPANTGTVRLDILDDERRVTGQSVIGGEHRLTNFKWVTTVHRFEKENRIWTVVLRSYVVDMPEGNSEDDTRMLVDTFFKLTLQKLATVAEAMARN,59V;81L;83A;92G;94V;108Q;110V;117L;120F;122W;141R;159L;160V;163F;164F;167T,negative,0.9042,3.9100,0.9592,pair_0549.pdb,Non-binder that passes Boltz2 quality gates and ranks in top 100. Predicted high confidence but no experimental binding.
pair_3091,binder,1,seq38,59V;81D;83L;92M;94V;108A;110V;117V;120L;122T;141K;159I;160M;163G;164I;167I,MASELTPEERSELKNSIAEFHTYQLDPGSCSSLHAQRIHAPPELVWSIVRRFDKPQTYVHFIKSCSVEQNFEMRVGCTRDDILISGLPANTMTVRLDILDDERRVTGASVIGGEHRVTNLKTVTTVHRFEKENRIWTVVLKSYVVDMPEGNSEDDTRMIMDTGIKLILQKLATVAEAMARN,59V;81D;83L;92M;94V;108A;110V;117V;120L;122T;141K;159I;160M;163G;164I;167I,strong,0.8774,2.3790,0.9592,pair_3091.pdb,Experimentally validated binder (Y2H/FACS). Passes all Boltz2 quality gates and ranks in top 100 by pocket pLDDT.
pair_0932,non_binder,0,59v_0051,59V;81D;83F;92A;94V;108A;117A;120F;122W;141R;159I;160V;163G;164F;167V,MASELTPEERSELKNSIAEFHTYQLDPGSCSSLHAQRIHAPPELVWSIVRRFDKPQTYVHFIKSCSVEQNFEMRVGCTRDDIFISGLPANTATVRLDILDDERRVTGASIIGGEHRATNFKWVTTVHRFEKENRIWTVVLRSYVVDMPEGNSEDDTRMIVDTGFKLVLQKLATVAEAMARN,59V;81D;83F;92A;94V;108A;110I;117A;120F;122W;141R;159I;160V;163G;164F;167V,negative,0.9020,2.9950,0.9589,pair_0932.pdb,Non-binder that passes Boltz2 quality gates and ranks in top 100. Predicted high confidence but no experimental binding.
pair_0246,non_binder,0,wt_mandi_0251,59R;81L;92G;94V;108S;110V;120F;122W;141Q;160V;163F;167A,MASELTPEERSELKNSIAEFHTYQLDPGSCSSLHAQRIHAPPELVWSIVRRFDKPQTYRHFIKSCSVEQNFEMRVGCTRDLIVISGLPANTGTVRLDILDDERRVTGSSVIGGEHRLTNFKWVTTVHRFEKENRIWTVVLQSYVVDMPEGNSEDDTRMFVDTFVKLALQKLATVAEAMARN,59R;81L;83V;92G;94V;108S;110V;117L;120F;122W;141Q;159F;160V;163F;164V;167A,negative,0.8138,2.2480,0.9587,pair_0246.pdb,Non-binder that passes Boltz2 quality gates and ranks in top 100. Predicted high confidence but no experimental binding.
pair_0748,non_binder,0,59v_0238,59V;81L;92G;94V;108A;110V;141Q;159Y;160M;163F;164Y;167I,MASELTPEERSELKNSIAEFHTYQLDPGSCSSLHAQRIHAPPELVWSIVRRFDKPQTYVHFIKSCSVEQNFEMRVGCTRDLIVISGLPANTGTVRLDILDDERRVTGASVIGGEHRLTNYKSVTTVHRFEKENRIWTVVLQSYVVDMPEGNSEDDTRMYMDTFYKLILQKLATVAEAMARN,59V;81L;83V;92G;94V;108A;110V;117L;120Y;122S;141Q;159Y;160M;163F;164Y;167I,negative,0.8095,2.5190,0.9583,pair_0748.pdb,Non-binder that passes Boltz2 quality gates and ranks in top 100. Predicted high confidence but no experimental binding.
pair_1654,non_binder,0,59a_0320,59A;81D;92A;94Q;108A;110V;117V;120L;122W;141Q;159H;160M;163F;164F;167A,MASELTPEERSELKNSIAEFHTYQLDPGSCSSLHAQRIHAPPELVWSIVRRFDKPQTYAHFIKSCSVEQNFEMRVGCTRDDIVISGLPANTATQRLDILDDERRVTGASVIGGEHRVTNLKWVTTVHRFEKENRIWTVVLQSYVVDMPEGNSEDDTRMHMDTFFKLALQKLATVAEAMARN,59A;81D;83V;92A;94Q;108A;110V;117V;120L;122W;141Q;159H;160M;163F;164F;167A,negative,0.9210,2.3340,0.9583,pair_1654.pdb,Non-binder that passes Boltz2 quality gates and ranks in top 100. Predicted high confidence but no experimental binding.
pair_0269,non_binder,0,wt_mandi_0228,59R;81L;92G;94V;108A;110V;120F;122W;141Q;159Y;160V;163F;164F;167A,MASELTPEERSELKNSIAEFHTYQLDPGSCSSLHAQRIHAPPELVWSIVRRFDKPQTYRHFIKSCSVEQNFEMRVGCTRDLIVISGLPANTGTVRLDILDDERRVTGASVIGGEHRLTNFKWVTTVHRFEKENRIWTVVLQSYVVDMPEGNSEDDTRMYVDTFFKLALQKLATVAEAMARN,59R;81L;83V;92G;94V;108A;110V;117L;120F;122W;141Q;159Y;160V;163F;164F;167A,negative,0.8911,3.2020,0.9581,pair_0269.pdb,Non-binder that passes Boltz2 quality gates and ranks in top 100. Predicted high confidence but no experimental binding.
pair_0341,non_binder,0,wt_mandi_0154,59R;81L;92G;94V;108A;110V;120F;122W;141Q;160V;163F;167T,MASELTPEERSELKNSIAEFHTYQLDPGSCSSLHAQRIHAPPELVWSIVRRFDKPQTYRHFIKSCSVEQNFEMRVGCTRDLIVISGLPANTGTVRLDILDDERRVTGASVIGGEHRLTNFKWVTTVHRFEKENRIWTVVLQSYVVDMPEGNSEDDTRMFVDTFVKLTLQKLATVAEAMARN,59R;81L;83V;92G;94V;108A;110V;117L;120F;122W;141Q;159F;160V;163F;164V;167T,negative,0.8116,1.8190,0.9581,pair_0341.pdb,Non-binder that passes Boltz2 quality gates and ranks in top 100. Predicted high confidence but no experimental binding.
pair_0584,non_binder,0,59v_0408,59V;81D;83L;92A;94V;108A;110V;117V;120L;122W;141K;159I;160M;163L;164I;167G,MASELTPEERSELKNSIAEFHTYQLDPGSCSSLHAQRIHAPPELVWSIVRRFDKPQTYVHFIKSCSVEQNFEMRVGCTRDDILISGLPANTATVRLDILDDERRVTGASVIGGEHRVTNLKWVTTVHRFEKENRIWTVVLKSYVVDMPEGNSEDDTRMIMDTLIKLGLQKLATVAEAMARN,59V;81D;83L;92A;94V;108A;110V;117V;120L;122W;141K;159I;160M;163L;164I;167G,negative,0.8695,3.4300,0.9581,pair_0584.pdb,Non-binder that passes Boltz2 quality gates and ranks in top 100. Predicted high confidence but no experimental binding.
pair_0908,non_binder,0,59v_0075,59V;81L;83A;92G;94V;108A;110V;120F;122W;141Q;160V;163F;167A,MASELTPEERSELKNSIAEFHTYQLDPGSCSSLHAQRIHAPPELVWSIVRRFDKPQTYVHFIKSCSVEQNFEMRVGCTRDLIAISGLPANTGTVRLDILDDERRVTGASVIGGEHRLTNFKWVTTVHRFEKENRIWTVVLQSYVVDMPEGNSEDDTRMFVDTFVKLALQKLATVAEAMARN,59V;81L;83A;92G;94V;108A;110V;117L;120F;122W;141Q;159F;160V;163F;164V;167A,negative,0.8723,3.6430,0.9581,pair_0908.pdb,Non-binder that passes Boltz2 quality gates and ranks in top 100. Predicted high confidence but no experimental binding.
pair_0891,non_binder,0,59v_0092,59V;81L;83A;92G;94V;110L;141R;160V;163F;167A,MASELTPEERSELKNSIAEFHTYQLDPGSCSSLHAQRIHAPPELVWSIVRRFDKPQTYVHFIKSCSVEQNFEMRVGCTRDLIAISGLPANTGTVRLDILDDERRVTGFSLIGGEHRLTNYKSVTTVHRFEKENRIWTVVLRSYVVDMPEGNSEDDTRMFVDTFVKLALQKLATVAEAMARN,59V;81L;83A;92G;94V;108F;110L;117L;120Y;122S;141R;159F;160V;163F;164V;167A,negative,0.8759,3.9530,0.9579,pair_0891.pdb,Non-binder that passes Boltz2 quality gates and ranks in top 100. Predicted high confidence but no experimental binding.
pair_0883,non_binder,0,59v_0100,59V;81L;83A;92G;94V;108A;110V;122W;141Q;159Y;160M;163I;164F;167A,MASELTPEERSELKNSIAEFHTYQLDPGSCSSLHAQRIHAPPELVWSIVRRFDKPQTYVHFIKSCSVEQNFEMRVGCTRDLIAISGLPANTGTVRLDILDDERRVTGASVIGGEHRLTNYKWVTTVHRFEKENRIWTVVLQSYVVDMPEGNSEDDTRMYMDTIFKLALQKLATVAEAMARN,59V;81L;83A;92G;94V;108A;110V;117L;120Y;122W;141Q;159Y;160M;163I;164F;167A,negative,0.9246,3.3770,0.9578,pair_0883.pdb,Non-binder that passes Boltz2 quality gates and ranks in top 100. Predicted high confidence but no experimental binding.
pair_1709,non_binder,0,59a_0263,59A;81L;92A;94V;108A;110V;117V;120L;122W;141Q;159L;160M;163L;164F;167A,MASELTPEERSELKNSIAEFHTYQLDPGSCSSLHAQRIHAPPELVWSIVRRFDKPQTYAHFIKSCSVEQNFEMRVGCTRDLIVISGLPANTATVRLDILDDERRVTGASVIGGEHRVTNLKWVTTVHRFEKENRIWTVVLQSYVVDMPEGNSEDDTRMLMDTLFKLALQKLATVAEAMARN,59A;81L;83V;92A;94V;108A;110V;117V;120L;122W;141Q;159L;160M;163L;164F;167A,negative,0.9214,3.8600,0.9578,pair_1709.pdb,Non-binder that passes Boltz2 quality gates and ranks in top 100. Predicted high confidence but no experimental binding.
pair_0782,non_binder,0,59v_0203,59V;81D;92A;94V;108A;110V;117V;120E;122W;141Q;159I;160M;163F;164F;167A,MASELTPEERSELKNSIAEFHTYQLDPGSCSSLHAQRIHAPPELVWSIVRRFDKPQTYVHFIKSCSVEQNFEMRVGCTRDDIVISGLPANTATVRLDILDDERRVTGASVIGGEHRVTNEKWVTTVHRFEKENRIWTVVLQSYVVDMPEGNSEDDTRMIMDTFFKLALQKLATVAEAMARN,59V;81D;83V;92A;94V;108A;110V;117V;120E;122W;141Q;159I;160M;163F;164F;167A,negative,0.9261,2.4690,0.9577,pair_0782.pdb,Non-binder that passes Boltz2 quality gates and ranks in top 100. Predicted high confidence but no experimental binding.
pair_0974,non_binder,0,59v_0009,59V;81L;83A;92G;94V;108A;110V;120F;122W;141Q;159Y;160V;163L;164F;167T,MASELTPEERSELKNSIAEFHTYQLDPGSCSSLHAQRIHAPPELVWSIVRRFDKPQTYVHFIKSCSVEQNFEMRVGCTRDLIAISGLPANTGTVRLDILDDERRVTGASVIGGEHRLTNFKWVTTVHRFEKENRIWTVVLQSYVVDMPEGNSEDDTRMYVDTLFKLTLQKLATVAEAMARN,59V;81L;83A;92G;94V;108A;110V;117L;120F;122W;141Q;159Y;160V;163L;164F;167T,negative,0.8968,2.9400,0.9576,pair_0974.pdb,Non-binder that passes Boltz2 quality gates and ranks in top 100. Predicted high confidence but no experimental binding.
pair_0684,non_binder,0,59v_0305,59V;81L;83A;92G;94V;108A;110V;120F;122W;141R;159L;160V;163F;164F;167A,MASELTPEERSELKNSIAEFHTYQLDPGSCSSLHAQRIHAPPELVWSIVRRFDKPQTYVHFIKSCSVEQNFEMRVGCTRDLIAISGLPANTGTVRLDILDDERRVTGASVIGGEHRLTNFKWVTTVHRFEKENRIWTVVLRSYVVDMPEGNSEDDTRMLVDTFFKLALQKLATVAEAMARN,59V;81L;83A;92G;94V;108A;110V;117L;120F;122W;141R;159L;160V;163F;164F;167A,negative,0.9220,3.1740,0.9575,pair_0684.pdb,Non-binder that passes Boltz2 quality gates and ranks in top 100. Predicted high confidence but no experimental binding.
pair_3075,binder,1,seq22_designed,59A;81D;83L;92M;94L;108A;110V;117V;120L;122T;141K;159I;160M;163G;164I;167I,MASELTPEERSELKNSIAEFHTYQLDPGSCSSLHAQRIHAPPELVWSIVRRFDKPQTYAHFIKSCSVEQNFEMRVGCTRDDILISGLPANTMTLRLDILDDERRVTGASVIGGEHRVTNLKTVTTVHRFEKENRIWTVVLKSYVVDMPEGNSEDDTRMIMDTGIKLILQKLATVAEAMARN,59A;81D;83L;92M;94L;108A;110V;117V;120L;122T;141K;159I;160M;163G;164I;167I,strong,0.9083,2.6220,0.9574,pair_3075.pdb,Experimentally validated binder (Y2H/FACS). Passes all Boltz2 quality gates and ranks in top 100 by pocket pLDDT.
pair_3100,binder,1,seq46,59V;81L;83A;92A;108H;110V;141K;159I;160L;163G;167I,MASELTPEERSELKNSIAEFHTYQLDPGSCSSLHAQRIHAPPELVWSIVRRFDKPQTYVHFIKSCSVEQNFEMRVGCTRDLIAISGLPANTATERLDILDDERRVTGHSVIGGEHRLTNYKSVTTVHRFEKENRIWTVVLKSYVVDMPEGNSEDDTRMILDTGVKLILQKLATVAEAMARN,59V;81L;83A;92A;94E;108H;110V;117L;120Y;122S;141K;159I;160L;163G;164V;167I,strong,0.8603,1.6030,0.9574,pair_3100.pdb,Experimentally validated binder (Y2H/FACS). Passes all Boltz2 quality gates and ranks in top 100 by pocket pLDDT.
pair_1792,non_binder,0,59a_0177,59A;81L;83A;92G;94V;108Q;110V;120F;122W;141R;159Y;160V;163L;164F;167G,MASELTPEERSELKNSIAEFHTYQLDPGSCSSLHAQRIHAPPELVWSIVRRFDKPQTYAHFIKSCSVEQNFEMRVGCTRDLIAISGLPANTGTVRLDILDDERRVTGQSVIGGEHRLTNFKWVTTVHRFEKENRIWTVVLRSYVVDMPEGNSEDDTRMYVDTLFKLGLQKLATVAEAMARN,59A;81L;83A;92G;94V;108Q;110V;117L;120F;122W;141R;159Y;160V;163L;164F;167G,negative,0.8723,3.0410,0.9573,pair_1792.pdb,Non-binder that passes Boltz2 quality gates and ranks in top 100. Predicted high confidence but no experimental binding.
pair_1671,non_binder,0,59a_0302,59A;81L;83A;92G;94V;108Q;110V;120F;122W;141Q;159Y;160V;163L;164F;167A,MASELTPEERSELKNSIAEFHTYQLDPGSCSSLHAQRIHAPPELVWSIVRRFDKPQTYAHFIKSCSVEQNFEMRVGCTRDLIAISGLPANTGTVRLDILDDERRVTGQSVIGGEHRLTNFKWVTTVHRFEKENRIWTVVLQSYVVDMPEGNSEDDTRMYVDTLFKLALQKLATVAEAMARN,59A;81L;83A;92G;94V;108Q;110V;117L;120F;122W;141Q;159Y;160V;163L;164F;167A,negative,0.8910,2.7700,0.9571,pair_1671.pdb,Non-binder that passes Boltz2 quality gates and ranks in top 100. Predicted high confidence but no experimental binding.
pair_3066,binder,1,seq14_designed,59V;81D;83L;92M;94L;108A;110V;117V;120L;122T;141K;159I;160M;163G;164I;167I,MASELTPEERSELKNSIAEFHTYQLDPGSCSSLHAQRIHAPPELVWSIVRRFDKPQTYVHFIKSCSVEQNFEMRVGCTRDDILISGLPANTMTLRLDILDDERRVTGASVIGGEHRVTNLKTVTTVHRFEKENRIWTVVLKSYVVDMPEGNSEDDTRMIMDTGIKLILQKLATVAEAMARN,59V;81D;83L;92M;94L;108A;110V;117V;120L;122T;141K;159I;160M;163G;164I;167I,strong,0.8826,2.7350,0.9570,pair_3066.pdb,Experimentally validated binder (Y2H/FACS). Passes all Boltz2 quality gates and ranks in top 100 by pocket pLDDT.
pair_3080,binder,1,seq27,59V;81D;83L;92M;94V;108A;110V;117V;120L;122T;141K;160V;163F;167A,MASELTPEERSELKNSIAEFHTYQLDPGSCSSLHAQRIHAPPELVWSIVRRFDKPQTYVHFIKSCSVEQNFEMRVGCTRDDILISGLPANTMTVRLDILDDERRVTGASVIGGEHRVTNLKTVTTVHRFEKENRIWTVVLKSYVVDMPEGNSEDDTRMFVDTFVKLALQKLATVAEAMARN,59V;81D;83L;92M;94V;108A;110V;117V;120L;122T;141K;159F;160V;163F;164V;167A,strong,0.8388,2.5470,0.9570,pair_3080.pdb,Experimentally validated binder (Y2H/FACS). Passes all Boltz2 quality gates and ranks in top 100 by pocket pLDDT.
pair_0868,non_binder,0,59v_0115,59V;81L;83A;92G;94V;108Q;110V;120F;122W;141R;159Y;160V;163F;164F;167A,MASELTPEERSELKNSIAEFHTYQLDPGSCSSLHAQRIHAPPELVWSIVRRFDKPQTYVHFIKSCSVEQNFEMRVGCTRDLIAISGLPANTGTVRLDILDDERRVTGQSVIGGEHRLTNFKWVTTVHRFEKENRIWTVVLRSYVVDMPEGNSEDDTRMYVDTFFKLALQKLATVAEAMARN,59V;81L;83A;92G;94V;108Q;110V;117L;120F;122W;141R;159Y;160V;163F;164F;167A,negative,0.9152,2.9650,0.9569,pair_0868.pdb,Non-binder that passes Boltz2 quality gates and ranks in top 100. Predicted high confidence but no experimental binding.
pair_0736,non_binder,0,59v_0250,59V;81L;92A;94V;108S;110V;117W;120F;122W;141Q;159I;160V;163F;167A,MASELTPEERSELKNSIAEFHTYQLDPGSCSSLHAQRIHAPPELVWSIVRRFDKPQTYVHFIKSCSVEQNFEMRVGCTRDLIVISGLPANTATVRLDILDDERRVTGSSVIGGEHRWTNFKWVTTVHRFEKENRIWTVVLQSYVVDMPEGNSEDDTRMIVDTFVKLALQKLATVAEAMARN,59V;81L;83V;92A;94V;108S;110V;117W;120F;122W;141Q;159I;160V;163F;164V;167A,negative,0.9076,2.9110,0.9568,pair_0736.pdb,Non-binder that passes Boltz2 quality gates and ranks in top 100. Predicted high confidence but no experimental binding.
pair_1965,non_binder,0,59a_0002,59A;81L;83F;92A;94V;108Y;117I;120F;122W;141R;159I;160V;163G;167T,MASELTPEERSELKNSIAEFHTYQLDPGSCSSLHAQRIHAPPELVWSIVRRFDKPQTYAHFIKSCSVEQNFEMRVGCTRDLIFISGLPANTATVRLDILDDERRVTGYSIIGGEHRITNFKWVTTVHRFEKENRIWTVVLRSYVVDMPEGNSEDDTRMIVDTGVKLTLQKLATVAEAMARN,59A;81L;83F;92A;94V;108Y;110I;117I;120F;122W;141R;159I;160V;163G;164V;167T,negative,0.8817,3.2480,0.9568,pair_1965.pdb,Non-binder that passes Boltz2 quality gates and ranks in top 100. Predicted high confidence but no experimental binding.
pair_0272,non_binder,0,wt_mandi_0225,59R;81L;92A;94V;108Q;110V;117V;120L;122W;141Q;159L;160M;163L;164F;167A,MASELTPEERSELKNSIAEFHTYQLDPGSCSSLHAQRIHAPPELVWSIVRRFDKPQTYRHFIKSCSVEQNFEMRVGCTRDLIVISGLPANTATVRLDILDDERRVTGQSVIGGEHRVTNLKWVTTVHRFEKENRIWTVVLQSYVVDMPEGNSEDDTRMLMDTLFKLALQKLATVAEAMARN,59R;81L;83V;92A;94V;108Q;110V;117V;120L;122W;141Q;159L;160M;163L;164F;167A,negative,0.8920,2.4680,0.9567,pair_0272.pdb,Non-binder that passes Boltz2 quality gates and ranks in top 100. Predicted high confidence but no experimental binding.
pair_0450,non_binder,0,wt_mandi_0044,59R;81L;83L;92A;94V;108Y;110V;117A;141Q;160V;163I;167G,MASELTPEERSELKNSIAEFHTYQLDPGSCSSLHAQRIHAPPELVWSIVRRFDKPQTYRHFIKSCSVEQNFEMRVGCTRDLILISGLPANTATVRLDILDDERRVTGYSVIGGEHRATNYKSVTTVHRFEKENRIWTVVLQSYVVDMPEGNSEDDTRMFVDTIVKLGLQKLATVAEAMARN,59R;81L;83L;92A;94V;108Y;110V;117A;120Y;122S;141Q;159F;160V;163I;164V;167G,negative,0.8395,1.5340,0.9567,pair_0450.pdb,Non-binder that passes Boltz2 quality gates and ranks in top 100. Predicted high confidence but no experimental binding.
pair_1922,non_binder,0,59a_0045,59A;81L;83L;92A;94V;108Y;110V;117A;141Q;159Y;160V;163I;167G,MASELTPEERSELKNSIAEFHTYQLDPGSCSSLHAQRIHAPPELVWSIVRRFDKPQTYAHFIKSCSVEQNFEMRVGCTRDLILISGLPANTATVRLDILDDERRVTGYSVIGGEHRATNYKSVTTVHRFEKENRIWTVVLQSYVVDMPEGNSEDDTRMYVDTIVKLGLQKLATVAEAMARN,59A;81L;83L;92A;94V;108Y;110V;117A;120Y;122S;141Q;159Y;160V;163I;164V;167G,negative,0.8702,0.7470,0.9566,pair_1922.pdb,Non-binder that passes Boltz2 quality gates and ranks in top 100. Predicted high confidence but no experimental binding.
pair_3072,binder,1,seq2,59A;81D;83L;92M;94V;108A;110V;117V;120L;122T;141K;159I;160L;163G;164Y;167I,MASELTPEERSELKNSIAEFHTYQLDPGSCSSLHAQRIHAPPELVWSIVRRFDKPQTYAHFIKSCSVEQNFEMRVGCTRDDILISGLPANTMTVRLDILDDERRVTGASVIGGEHRVTNLKTVTTVHRFEKENRIWTVVLKSYVVDMPEGNSEDDTRMILDTGYKLILQKLATVAEAMARN,59A;81D;83L;92M;94V;108A;110V;117V;120L;122T;141K;159I;160L;163G;164Y;167I,strong,0.8912,2.5900,0.9565,pair_3072.pdb,Experimentally validated binder (Y2H/FACS). Passes all Boltz2 quality gates and ranks in top 100 by pocket pLDDT.
pair_1658,non_binder,0,59a_0316,59A;81D;92A;94Q;108A;110V;117V;120L;122W;141Q;159L;160M;163F;164F;167A,MASELTPEERSELKNSIAEFHTYQLDPGSCSSLHAQRIHAPPELVWSIVRRFDKPQTYAHFIKSCSVEQNFEMRVGCTRDDIVISGLPANTATQRLDILDDERRVTGASVIGGEHRVTNLKWVTTVHRFEKENRIWTVVLQSYVVDMPEGNSEDDTRMLMDTFFKLALQKLATVAEAMARN,59A;81D;83V;92A;94Q;108A;110V;117V;120L;122W;141Q;159L;160M;163F;164F;167A,negative,0.9050,3.5100,0.9564,pair_1658.pdb,Non-binder that passes Boltz2 quality gates and ranks in top 100. Predicted high confidence but no experimental binding.
pair_0091,non_binder,0,wt_mandi_0409,59R;81L;83L;92A;94V;108A;110V;117V;120L;122W;141Q;159R;160M;163L;164I;167G,MASELTPEERSELKNSIAEFHTYQLDPGSCSSLHAQRIHAPPELVWSIVRRFDKPQTYRHFIKSCSVEQNFEMRVGCTRDLILISGLPANTATVRLDILDDERRVTGASVIGGEHRVTNLKWVTTVHRFEKENRIWTVVLQSYVVDMPEGNSEDDTRMRMDTLIKLGLQKLATVAEAMARN,59R;81L;83L;92A;94V;108A;110V;117V;120L;122W;141Q;159R;160M;163L;164I;167G,negative,0.8416,2.8800,0.9563,pair_0091.pdb,Non-binder that passes Boltz2 quality gates and ranks in top 100. Predicted high confidence but no experimental binding.
pair_0351,non_binder,0,wt_mandi_0144,59R;81L;83A;92G;94V;108S;110V;120F;122W;141Q;160V;163L;164F;167T,MASELTPEERSELKNSIAEFHTYQLDPGSCSSLHAQRIHAPPELVWSIVRRFDKPQTYRHFIKSCSVEQNFEMRVGCTRDLIAISGLPANTGTVRLDILDDERRVTGSSVIGGEHRLTNFKWVTTVHRFEKENRIWTVVLQSYVVDMPEGNSEDDTRMFVDTLFKLTLQKLATVAEAMARN,59R;81L;83A;92G;94V;108S;110V;117L;120F;122W;141Q;159F;160V;163L;164F;167T,negative,0.8477,2.2840,0.9563,pair_0351.pdb,Non-binder that passes Boltz2 quality gates and ranks in top 100. Predicted high confidence but no experimental binding.
pair_1011,non_binder,0,59l_0471,59L;81L;83A;92A;108A;110V;120E;122W;141R;160V;163F;164X;167X,MASELTPEERSELKNSIAEFHTYQLDPGSCSSLHAQRIHAPPELVWSIVRRFDKPQTYLHFIKSCSVEQNFEMRVGCTRDLIAISGLPANTATERLDILDDERRVTGASVIGGEHRLTNEKWVTTVHRFEKENRIWTVVLRSYVVDMPEGNSEDDTRMFVDTFXKLXLQKLATVAEAMARN,59L;81L;83A;92A;94E;108A;110V;117L;120E;122W;141R;159F;160V;163F;164X;167X,negative,0.8286,3.6800,0.9563,pair_1011.pdb,Non-binder that passes Boltz2 quality gates and ranks in top 100. Predicted high confidence but no experimental binding.
pair_1102,non_binder,0,59l_0380,59L;81L;83A;92A;94V;108X;110V;120F;122W;141R;159H;160M;163L;164F;167G,MASELTPEERSELKNSIAEFHTYQLDPGSCSSLHAQRIHAPPELVWSIVRRFDKPQTYLHFIKSCSVEQNFEMRVGCTRDLIAISGLPANTATVRLDILDDERRVTGXSVIGGEHRLTNFKWVTTVHRFEKENRIWTVVLRSYVVDMPEGNSEDDTRMHMDTLFKLGLQKLATVAEAMARN,59L;81L;83A;92A;94V;108X;110V;117L;120F;122W;141R;159H;160M;163L;164F;167G,negative,0.8982,3.0660,0.9563,pair_1102.pdb,Non-binder that passes Boltz2 quality gates and ranks in top 100. Predicted high confidence but no experimental binding.
pair_0052,non_binder,0,wt_mandi_0448,59R;81L;92A;94V;108A;110V;120L;122W;141Q;159Y;160V;163L;167G,MASELTPEERSELKNSIAEFHTYQLDPGSCSSLHAQRIHAPPELVWSIVRRFDKPQTYRHFIKSCSVEQNFEMRVGCTRDLIVISGLPANTATVRLDILDDERRVTGASVIGGEHRLTNLKWVTTVHRFEKENRIWTVVLQSYVVDMPEGNSEDDTRMYVDTLVKLGLQKLATVAEAMARN,59R;81L;83V;92A;94V;108A;110V;117L;120L;122W;141Q;159Y;160V;163L;164V;167G,negative,0.8578,2.6800,0.9561,pair_0052.pdb,Non-binder that passes Boltz2 quality gates and ranks in top 100. Predicted high confidence but no experimental binding.
pair_0811,non_binder,0,59v_0174,59V;81L;92G;94V;108A;110V;117V;120L;122W;141R;159Y;160M;163I;164F;167A,MASELTPEERSELKNSIAEFHTYQLDPGSCSSLHAQRIHAPPELVWSIVRRFDKPQTYVHFIKSCSVEQNFEMRVGCTRDLIVISGLPANTGTVRLDILDDERRVTGASVIGGEHRVTNLKWVTTVHRFEKENRIWTVVLRSYVVDMPEGNSEDDTRMYMDTIFKLALQKLATVAEAMARN,59V;81L;83V;92G;94V;108A;110V;117V;120L;122W;141R;159Y;160M;163I;164F;167A,negative,0.9102,2.1970,0.9561,pair_0811.pdb,Non-binder that passes Boltz2 quality gates and ranks in top 100. Predicted high confidence but no experimental binding.
pair_1758,non_binder,0,59a_0211,59A;81L;83A;92A;108A;110V;120E;122W;141R;159H;160V;163F;164F;167A,MASELTPEERSELKNSIAEFHTYQLDPGSCSSLHAQRIHAPPELVWSIVRRFDKPQTYAHFIKSCSVEQNFEMRVGCTRDLIAISGLPANTATERLDILDDERRVTGASVIGGEHRLTNEKWVTTVHRFEKENRIWTVVLRSYVVDMPEGNSEDDTRMHVDTFFKLALQKLATVAEAMARN,59A;81L;83A;92A;94E;108A;110V;117L;120E;122W;141R;159H;160V;163F;164F;167A,negative,0.9023,3.0570,0.9561,pair_1758.pdb,Non-binder that passes Boltz2 quality gates and ranks in top 100. Predicted high confidence but no experimental binding.
pair_0878,non_binder,0,59v_0105,59V;81L;83A;92G;94V;108L;110V;120F;122M;141Q;160V;163F;164M;167A,MASELTPEERSELKNSIAEFHTYQLDPGSCSSLHAQRIHAPPELVWSIVRRFDKPQTYVHFIKSCSVEQNFEMRVGCTRDLIAISGLPANTGTVRLDILDDERRVTGLSVIGGEHRLTNFKMVTTVHRFEKENRIWTVVLQSYVVDMPEGNSEDDTRMFVDTFMKLALQKLATVAEAMARN,59V;81L;83A;92G;94V;108L;110V;117L;120F;122M;141Q;159F;160V;163F;164M;167A,negative,0.8799,3.6160,0.9560,pair_0878.pdb,Non-binder that passes Boltz2 quality gates and ranks in top 100. Predicted high confidence but no experimental binding.
pair_1710,non_binder,0,59a_0262,59A;81L;92A;94V;108Q;110V;117V;120L;122W;141Q;159L;160M;163F;164F;167A,MASELTPEERSELKNSIAEFHTYQLDPGSCSSLHAQRIHAPPELVWSIVRRFDKPQTYAHFIKSCSVEQNFEMRVGCTRDLIVISGLPANTATVRLDILDDERRVTGQSVIGGEHRVTNLKWVTTVHRFEKENRIWTVVLQSYVVDMPEGNSEDDTRMLMDTFFKLALQKLATVAEAMARN,59A;81L;83V;92A;94V;108Q;110V;117V;120L;122W;141Q;159L;160M;163F;164F;167A,negative,0.9061,3.2580,0.9560,pair_1710.pdb,Non-binder that passes Boltz2 quality gates and ranks in top 100. Predicted high confidence but no experimental binding.
pair_0276,non_binder,0,wt_mandi_0220,59R;81L;83A;92G;94V;108Q;110V;120F;122W;141Q;160V;163F;164F;167A,MASELTPEERSELKNSIAEFHTYQLDPGSCSSLHAQRIHAPPELVWSIVRRFDKPQTYRHFIKSCSVEQNFEMRVGCTRDLIAISGLPANTGTVRLDILDDERRVTGQSVIGGEHRLTNFKWVTTVHRFEKENRIWTVVLQSYVVDMPEGNSEDDTRMFVDTFFKLALQKLATVAEAMARN,59R;81L;83A;92G;94V;108Q;110V;117L;120F;122W;141Q;159F;160V;163F;164F;167A,negative,0.8769,2.6160,0.9559,pair_0276.pdb,Non-binder that passes Boltz2 quality gates and ranks in top 100. Predicted high confidence but no experimental binding.
pair_1737,non_binder,0,59a_0233,59A;81D;83F;92A;94V;108W;117I;120F;122W;141R;159I;160V;163G;167T,MASELTPEERSELKNSIAEFHTYQLDPGSCSSLHAQRIHAPPELVWSIVRRFDKPQTYAHFIKSCSVEQNFEMRVGCTRDDIFISGLPANTATVRLDILDDERRVTGWSIIGGEHRITNFKWVTTVHRFEKENRIWTVVLRSYVVDMPEGNSEDDTRMIVDTGVKLTLQKLATVAEAMARN,59A;81D;83F;92A;94V;108W;110I;117I;120F;122W;141R;159I;160V;163G;164V;167T,negative,0.8235,3.8730,0.9559,pair_1737.pdb,Non-binder that passes Boltz2 quality gates and ranks in top 100. Predicted high confidence but no experimental binding.
pair_1313,non_binder,0,59l_0165,59L;81D;83A;92A;94V;108A;110V;117V;120L;122W;141Q;159I;160M;163F;164F;167A,MASELTPEERSELKNSIAEFHTYQLDPGSCSSLHAQRIHAPPELVWSIVRRFDKPQTYLHFIKSCSVEQNFEMRVGCTRDDIAISGLPANTATVRLDILDDERRVTGASVIGGEHRVTNLKWVTTVHRFEKENRIWTVVLQSYVVDMPEGNSEDDTRMIMDTFFKLALQKLATVAEAMARN,59L;81D;83A;92A;94V;108A;110V;117V;120L;122W;141Q;159I;160M;163F;164F;167A,negative,0.9122,2.9670,0.9556,pair_1313.pdb,Non-binder that passes Boltz2 quality gates and ranks in top 100. Predicted high confidence but no experimental binding.
pair_1835,non_binder,0,59a_0133,59A;81L;92A;94V;108W;110V;120L;122W;141R;159H;160M;163L;164Y;167G,MASELTPEERSELKNSIAEFHTYQLDPGSCSSLHAQRIHAPPELVWSIVRRFDKPQTYAHFIKSCSVEQNFEMRVGCTRDLIVISGLPANTATVRLDILDDERRVTGWSVIGGEHRLTNLKWVTTVHRFEKENRIWTVVLRSYVVDMPEGNSEDDTRMHMDTLYKLGLQKLATVAEAMARN,59A;81L;83V;92A;94V;108W;110V;117L;120L;122W;141R;159H;160M;163L;164Y;167G,negative,0.8700,3.9840,0.9555,pair_1835.pdb,Non-binder that passes Boltz2 quality gates and ranks in top 100. Predicted high confidence but no experimental binding.
pair_3061,binder,1,seq1,59V;81D;83L;92M;94V;108A;110V;117V;120L;122T;141Q;159Y;160V;163F;167A,MASELTPEERSELKNSIAEFHTYQLDPGSCSSLHAQRIHAPPELVWSIVRRFDKPQTYVHFIKSCSVEQNFEMRVGCTRDDILISGLPANTMTVRLDILDDERRVTGASVIGGEHRVTNLKTVTTVHRFEKENRIWTVVLQSYVVDMPEGNSEDDTRMYVDTFVKLALQKLATVAEAMARN,59V;81D;83L;92M;94V;108A;110V;117V;120L;122T;141Q;159Y;160V;163F;164V;167A,strong,0.8364,1.3660,0.9555,pair_3061.pdb,Experimentally validated binder (Y2H/FACS). Passes all Boltz2 quality gates and ranks in top 100 by pocket pLDDT.
pair_0940,non_binder,0,59v_0043,59V;81D;83L;92A;94V;108Y;110V;117A;141K;160I;163I;167G,MASELTPEERSELKNSIAEFHTYQLDPGSCSSLHAQRIHAPPELVWSIVRRFDKPQTYVHFIKSCSVEQNFEMRVGCTRDDILISGLPANTATVRLDILDDERRVTGYSVIGGEHRATNYKSVTTVHRFEKENRIWTVVLKSYVVDMPEGNSEDDTRMFIDTIVKLGLQKLATVAEAMARN,59V;81D;83L;92A;94V;108Y;110V;117A;120Y;122S;141K;159F;160I;163I;164V;167G,negative,0.8301,3.4010,0.9553,pair_0940.pdb,Non-binder that passes Boltz2 quality gates and ranks in top 100. Predicted high confidence but no experimental binding.
pair_0977,non_binder,0,59v_0006,59V;81L;92G;94V;108A;110V;117V;120L;122W;141R;159H;160M;163I;164F;167A,MASELTPEERSELKNSIAEFHTYQLDPGSCSSLHAQRIHAPPELVWSIVRRFDKPQTYVHFIKSCSVEQNFEMRVGCTRDLIVISGLPANTGTVRLDILDDERRVTGASVIGGEHRVTNLKWVTTVHRFEKENRIWTVVLRSYVVDMPEGNSEDDTRMHMDTIFKLALQKLATVAEAMARN,59V;81L;83V;92G;94V;108A;110V;117V;120L;122W;141R;159H;160M;163I;164F;167A,negative,0.9016,3.3800,0.9553,pair_0977.pdb,Non-binder that passes Boltz2 quality gates and ranks in top 100. Predicted high confidence but no experimental binding.
pair_1847,non_binder,0,59a_0121,59A;81L;83A;92A;94V;108A;110V;120E;122W;141R;159H;160M;163F;164F;167A,MASELTPEERSELKNSIAEFHTYQLDPGSCSSLHAQRIHAPPELVWSIVRRFDKPQTYAHFIKSCSVEQNFEMRVGCTRDLIAISGLPANTATVRLDILDDERRVTGASVIGGEHRLTNEKWVTTVHRFEKENRIWTVVLRSYVVDMPEGNSEDDTRMHMDTFFKLALQKLATVAEAMARN,59A;81L;83A;92A;94V;108A;110V;117L;120E;122W;141R;159H;160M;163F;164F;167A,negative,0.9075,3.3870,0.9549,pair_1847.pdb,Non-binder that passes Boltz2 quality gates and ranks in top 100. Predicted high confidence but no experimental binding.
pair_0567,non_binder,0,59v_0425,59V;81L;92A;94V;108A;110V;120F;122W;141R;159I;160V;163F;164F;167A,MASELTPEERSELKNSIAEFHTYQLDPGSCSSLHAQRIHAPPELVWSIVRRFDKPQTYVHFIKSCSVEQNFEMRVGCTRDLIVISGLPANTATVRLDILDDERRVTGASVIGGEHRLTNFKWVTTVHRFEKENRIWTVVLRSYVVDMPEGNSEDDTRMIVDTFFKLALQKLATVAEAMARN,59V;81L;83V;92A;94V;108A;110V;117L;120F;122W;141R;159I;160V;163F;164F;167A,negative,0.9170,2.3100,0.9547,pair_0567.pdb,Non-binder that passes Boltz2 quality gates and ranks in top 100. Predicted high confidence but no experimental binding.
pair_0865,non_binder,0,59v_0118,59V;81L;83A;92G;94V;108Q;110L;122W;141Q;159Y;160V;163L;164I;167A,MASELTPEERSELKNSIAEFHTYQLDPGSCSSLHAQRIHAPPELVWSIVRRFDKPQTYVHFIKSCSVEQNFEMRVGCTRDLIAISGLPANTGTVRLDILDDERRVTGQSLIGGEHRLTNYKWVTTVHRFEKENRIWTVVLQSYVVDMPEGNSEDDTRMYVDTLIKLALQKLATVAEAMARN,59V;81L;83A;92G;94V;108Q;110L;117L;120Y;122W;141Q;159Y;160V;163L;164I;167A,negative,0.8519,2.5110,0.9547,pair_0865.pdb,Non-binder that passes Boltz2 quality gates and ranks in top 100. Predicted high confidence but no experimental binding.
pair_1331,negative_low_pocket,0,59l_0146,59L;81D;92A;94V;108Y;110V;117V;120L;122T;141Q;159R;160M;163F;164I;167G,MASELTPEERSELKNSIAEFHTYQLDPGSCSSLHAQRIHAPPELVWSIVRRFDKPQTYLHFIKSCSVEQNFEMRVGCTRDDIVISGLPANTATVRLDILDDERRVTGYSVIGGEHRVTNLKTVTTVHRFEKENRIWTVVLQSYVVDMPEGNSEDDTRMRMDTFIKLGLQKLATVAEAMARN,59L;81D;83V;92A;94V;108Y;110V;117V;120L;122T;141Q;159R;160M;163F;164I;167G,negative,0.8066,2.7490,0.9109,pair_1331.pdb,Passes pLDDT and hbond gates but has lowest pocket pLDDT among gate-passers. Expected poor binding mode.
pair_1931,negative_low_pocket,0,59a_0036,59A;81L;92A;108S;110V;117V;120E;122W;141R;159L;160M;163F;164F;167A,MASELTPEERSELKNSIAEFHTYQLDPGSCSSLHAQRIHAPPELVWSIVRRFDKPQTYAHFIKSCSVEQNFEMRVGCTRDLIVISGLPANTATERLDILDDERRVTGSSVIGGEHRVTNEKWVTTVHRFEKENRIWTVVLRSYVVDMPEGNSEDDTRMLMDTFFKLALQKLATVAEAMARN,59A;81L;83V;92A;94E;108S;110V;117V;120E;122W;141R;159L;160M;163F;164F;167A,negative,0.8112,3.5810,0.9178,pair_1931.pdb,Passes pLDDT and hbond gates but has lowest pocket pLDDT among gate-passers. Expected poor binding mode.
pair_0482,negative_low_pocket,0,wt_mandi_0012,59R;81D;92A;94Q;110V;117V;120E;122W;141R;159L;160M;163F;164F;167A,MASELTPEERSELKNSIAEFHTYQLDPGSCSSLHAQRIHAPPELVWSIVRRFDKPQTYRHFIKSCSVEQNFEMRVGCTRDDIVISGLPANTATQRLDILDDERRVTGFSVIGGEHRVTNEKWVTTVHRFEKENRIWTVVLRSYVVDMPEGNSEDDTRMLMDTFFKLALQKLATVAEAMARN,59R;81D;83V;92A;94Q;108F;110V;117V;120E;122W;141R;159L;160M;163F;164F;167A,negative,0.8085,2.2770,0.9228,pair_0482.pdb,Passes pLDDT and hbond gates but has lowest pocket pLDDT among gate-passers. Expected poor binding mode.
pair_0008,negative_low_pocket,0,wt_mandi_0492,59R;81I;83A;92A;108A;110V;120E;122W;141R;159Y;160V;163I;164F;167A,MASELTPEERSELKNSIAEFHTYQLDPGSCSSLHAQRIHAPPELVWSIVRRFDKPQTYRHFIKSCSVEQNFEMRVGCTRDIIAISGLPANTATERLDILDDERRVTGASVIGGEHRLTNEKWVTTVHRFEKENRIWTVVLRSYVVDMPEGNSEDDTRMYVDTIFKLALQKLATVAEAMARN,59R;81I;83A;92A;94E;108A;110V;117L;120E;122W;141R;159Y;160V;163I;164F;167A,negative,0.8213,1.3310,0.9244,pair_0008.pdb,Passes pLDDT and hbond gates but has lowest pocket pLDDT among gate-passers. Expected poor binding mode.
pair_0393,negative_low_pocket,0,wt_mandi_0101,59R;81L;92A;94V;110V;117V;120E;141R;159L;160M;163F;164Y;167A,MASELTPEERSELKNSIAEFHTYQLDPGSCSSLHAQRIHAPPELVWSIVRRFDKPQTYRHFIKSCSVEQNFEMRVGCTRDLIVISGLPANTATVRLDILDDERRVTGFSVIGGEHRVTNEKSVTTVHRFEKENRIWTVVLRSYVVDMPEGNSEDDTRMLMDTFYKLALQKLATVAEAMARN,59R;81L;83V;92A;94V;108F;110V;117V;120E;122S;141R;159L;160M;163F;164Y;167A,negative,0.8011,0.6280,0.9261,pair_0393.pdb,Passes pLDDT and hbond gates but has lowest pocket pLDDT among gate-passers. Expected poor binding mode.
pair_0065,negative_low_pocket,0,wt_mandi_0435,59R;81L;83A;92A;94V;110V;117V;120E;122W;141R;159H;160M;163L;164I;167A,MASELTPEERSELKNSIAEFHTYQLDPGSCSSLHAQRIHAPPELVWSIVRRFDKPQTYRHFIKSCSVEQNFEMRVGCTRDLIAISGLPANTATVRLDILDDERRVTGFSVIGGEHRVTNEKWVTTVHRFEKENRIWTVVLRSYVVDMPEGNSEDDTRMHMDTLIKLALQKLATVAEAMARN,59R;81L;83A;92A;94V;108F;110V;117V;120E;122W;141R;159H;160M;163L;164I;167A,negative,0.8505,3.6290,0.9277,pair_0065.pdb,Passes pLDDT and hbond gates but has lowest pocket pLDDT among gate-passers. Expected poor binding mode.
pair_0947,negative_low_pocket,0,59v_0036,59V;81L;92A;108S;110V;117V;120E;122W;141R;159L;160M;163F;164F;167A,MASELTPEERSELKNSIAEFHTYQLDPGSCSSLHAQRIHAPPELVWSIVRRFDKPQTYVHFIKSCSVEQNFEMRVGCTRDLIVISGLPANTATERLDILDDERRVTGSSVIGGEHRVTNEKWVTTVHRFEKENRIWTVVLRSYVVDMPEGNSEDDTRMLMDTFFKLALQKLATVAEAMARN,59V;81L;83V;92A;94E;108S;110V;117V;120E;122W;141R;159L;160M;163F;164F;167A,negative,0.8690,3.4140,0.9314,pair_0947.pdb,Passes pLDDT and hbond gates but has lowest pocket pLDDT among gate-passers. Expected poor binding mode.
pair_1413,negative_low_pocket,0,59l_0063,59L;81L;92A;108G;110V;117V;120E;122W;141R;159H;160M;163F;164F;167A,MASELTPEERSELKNSIAEFHTYQLDPGSCSSLHAQRIHAPPELVWSIVRRFDKPQTYLHFIKSCSVEQNFEMRVGCTRDLIVISGLPANTATERLDILDDERRVTGGSVIGGEHRVTNEKWVTTVHRFEKENRIWTVVLRSYVVDMPEGNSEDDTRMHMDTFFKLALQKLATVAEAMARN,59L;81L;83V;92A;94E;108G;110V;117V;120E;122W;141R;159H;160M;163F;164F;167A,negative,0.8440,3.8150,0.9316,pair_1413.pdb,Passes pLDDT and hbond gates but has lowest pocket pLDDT among gate-passers. Expected poor binding mode.
pair_1708,negative_low_pocket,0,59a_0264,59A;81D;92A;94V;108Q;110V;117V;120L;122W;141Q;159H;160M;163L;164F;167A,MASELTPEERSELKNSIAEFHTYQLDPGSCSSLHAQRIHAPPELVWSIVRRFDKPQTYAHFIKSCSVEQNFEMRVGCTRDDIVISGLPANTATVRLDILDDERRVTGQSVIGGEHRVTNLKWVTTVHRFEKENRIWTVVLQSYVVDMPEGNSEDDTRMHMDTLFKLALQKLATVAEAMARN,59A;81D;83V;92A;94V;108Q;110V;117V;120L;122W;141Q;159H;160M;163L;164F;167A,negative,0.8467,1.7160,0.9325,pair_1708.pdb,Passes pLDDT and hbond gates but has lowest pocket pLDDT among gate-passers. Expected poor binding mode.
pair_0948,negative_low_pocket,0,59v_0035,59V;81L;92A;108A;110V;117V;120E;122W;141R;159L;160M;163F;164F;167A,MASELTPEERSELKNSIAEFHTYQLDPGSCSSLHAQRIHAPPELVWSIVRRFDKPQTYVHFIKSCSVEQNFEMRVGCTRDLIVISGLPANTATERLDILDDERRVTGASVIGGEHRVTNEKWVTTVHRFEKENRIWTVVLRSYVVDMPEGNSEDDTRMLMDTFFKLALQKLATVAEAMARN,59V;81L;83V;92A;94E;108A;110V;117V;120E;122W;141R;159L;160M;163F;164F;167A,negative,0.8596,3.9590,0.9326,pair_0948.pdb,Passes pLDDT and hbond gates but has lowest pocket pLDDT among gate-passers. Expected poor binding mode.
pair_1941,negative_fail_gate,0,59a_0026,59A;81L;83A;92A;94V;108G;110V;122W;141Q;159H;160V;163F;167A,MASELTPEERSELKNSIAEFHTYQLDPGSCSSLHAQRIHAPPELVWSIVRRFDKPQTYAHFIKSCSVEQNFEMRVGCTRDLIAISGLPANTATVRLDILDDERRVTGGSVIGGEHRLTNYKWVTTVHRFEKENRIWTVVLQSYVVDMPEGNSEDDTRMHVDTFVKLALQKLATVAEAMARN,59A;81L;83A;92A;94V;108G;110V;117L;120Y;122W;141Q;159H;160V;163F;164V;167A,negative,0.7376,2.1820,0.9110,pair_1941.pdb,Fails Boltz2 quality gates (low ligand pLDDT or poor hbond geometry). Expected non-functional.
pair_1739,negative_fail_gate,0,59a_0231,59A;81L;92G;94V;108A;110V;120E;122W;141L;159Y;160M;163F;164F;167A,MASELTPEERSELKNSIAEFHTYQLDPGSCSSLHAQRIHAPPELVWSIVRRFDKPQTYAHFIKSCSVEQNFEMRVGCTRDLIVISGLPANTGTVRLDILDDERRVTGASVIGGEHRLTNEKWVTTVHRFEKENRIWTVVLLSYVVDMPEGNSEDDTRMYMDTFFKLALQKLATVAEAMARN,59A;81L;83V;92G;94V;108A;110V;117L;120E;122W;141L;159Y;160M;163F;164F;167A,negative,0.5160,4.8840,0.8256,pair_1739.pdb,Fails Boltz2 quality gates (low ligand pLDDT or poor hbond geometry). Expected non-functional.
pair_0715,negative_fail_gate,0,59v_0273,59V;81L;83A;92G;94V;108S;110L;141Q;159Y;160V;163I;164I;167T,MASELTPEERSELKNSIAEFHTYQLDPGSCSSLHAQRIHAPPELVWSIVRRFDKPQTYVHFIKSCSVEQNFEMRVGCTRDLIAISGLPANTGTVRLDILDDERRVTGSSLIGGEHRLTNYKSVTTVHRFEKENRIWTVVLQSYVVDMPEGNSEDDTRMYVDTIIKLTLQKLATVAEAMARN,59V;81L;83A;92G;94V;108S;110L;117L;120Y;122S;141Q;159Y;160V;163I;164I;167T,negative,0.7938,2.5410,0.9489,pair_0715.pdb,Fails Boltz2 quality gates (low ligand pLDDT or poor hbond geometry). Expected non-functional.
pair_1094,negative_fail_gate,0,59l_0388,59L;83A;92A;108A;110L;120F;122W;141R;160V;163F;167T,MASELTPEERSELKNSIAEFHTYQLDPGSCSSLHAQRIHAPPELVWSIVRRFDKPQTYLHFIKSCSVEQNFEMRVGCTRDVIAISGLPANTATERLDILDDERRVTGASLIGGEHRLTNFKWVTTVHRFEKENRIWTVVLRSYVVDMPEGNSEDDTRMFVDTFVKLTLQKLATVAEAMARN,59L;81V;83A;92A;94E;108A;110L;117L;120F;122W;141R;159F;160V;163F;164V;167T,negative,0.7568,2.8440,0.9309,pair_1094.pdb,Fails Boltz2 quality gates (low ligand pLDDT or poor hbond geometry). Expected non-functional.
pair_1682,negative_fail_gate,0,59a_0290,59A;81L;83A;92A;108A;110L;120E;122W;141R;159Y;160V;163F;164F;167G,MASELTPEERSELKNSIAEFHTYQLDPGSCSSLHAQRIHAPPELVWSIVRRFDKPQTYAHFIKSCSVEQNFEMRVGCTRDLIAISGLPANTATERLDILDDERRVTGASLIGGEHRLTNEKWVTTVHRFEKENRIWTVVLRSYVVDMPEGNSEDDTRMYVDTFFKLGLQKLATVAEAMARN,59A;81L;83A;92A;94E;108A;110L;117L;120E;122W;141R;159Y;160V;163F;164F;167G,negative,0.7913,2.4770,0.9443,pair_1682.pdb,Fails Boltz2 quality gates (low ligand pLDDT or poor hbond geometry). Expected non-functional.
pair_0014,negative_fail_gate,0,wt_mandi_0486,59R;81L;92A;108A;110V;120E;122W;141R;160M;163L;164F;167G,MASELTPEERSELKNSIAEFHTYQLDPGSCSSLHAQRIHAPPELVWSIVRRFDKPQTYRHFIKSCSVEQNFEMRVGCTRDLIVISGLPANTATERLDILDDERRVTGASVIGGEHRLTNEKWVTTVHRFEKENRIWTVVLRSYVVDMPEGNSEDDTRMFMDTLFKLGLQKLATVAEAMARN,59R;81L;83V;92A;94E;108A;110V;117L;120E;122W;141R;159F;160M;163L;164F;167G,negative,0.8586,4.1120,0.9507,pair_0014.pdb,Fails Boltz2 quality gates (low ligand pLDDT or poor hbond geometry). Expected non-functional.
pair_0263,negative_fail_gate,0,wt_mandi_0234,59R;81D;83F;92A;94V;108W;117V;122T;141K;159I;160V;163G;164I;167T,MASELTPEERSELKNSIAEFHTYQLDPGSCSSLHAQRIHAPPELVWSIVRRFDKPQTYRHFIKSCSVEQNFEMRVGCTRDDIFISGLPANTATVRLDILDDERRVTGWSIIGGEHRVTNYKTVTTVHRFEKENRIWTVVLKSYVVDMPEGNSEDDTRMIVDTGIKLTLQKLATVAEAMARN,59R;81D;83F;92A;94V;108W;110I;117V;120Y;122T;141K;159I;160V;163G;164I;167T,negative,0.8236,8.3690,0.9483,pair_0263.pdb,Fails Boltz2 quality gates (low ligand pLDDT or poor hbond geometry). Expected non-functional.
pair_1745,negative_fail_gate,0,59a_0225,59A;81L;92A;94V;108Q;110V;117V;120L;122W;141Q;159L;160M;163L;164F;167A,MASELTPEERSELKNSIAEFHTYQLDPGSCSSLHAQRIHAPPELVWSIVRRFDKPQTYAHFIKSCSVEQNFEMRVGCTRDLIVISGLPANTATVRLDILDDERRVTGQSVIGGEHRVTNLKWVTTVHRFEKENRIWTVVLQSYVVDMPEGNSEDDTRMLMDTLFKLALQKLATVAEAMARN,59A;81L;83V;92A;94V;108Q;110V;117V;120L;122W;141Q;159L;160M;163L;164F;167A,negative,0.9324,4.8570,0.9646,pair_1745.pdb,Fails Boltz2 quality gates (low ligand pLDDT or poor hbond geometry). Expected non-functional.
pair_0997,negative_fail_gate,0,59l_0485,59L;81L;83A;92A;94V;141R;159H;160V;163L;167A,MASELTPEERSELKNSIAEFHTYQLDPGSCSSLHAQRIHAPPELVWSIVRRFDKPQTYLHFIKSCSVEQNFEMRVGCTRDLIAISGLPANTATVRLDILDDERRVTGFSIIGGEHRLTNYKSVTTVHRFEKENRIWTVVLRSYVVDMPEGNSEDDTRMHVDTLVKLALQKLATVAEAMARN,59L;81L;83A;92A;94V;108F;110I;117L;120Y;122S;141R;159H;160V;163L;164V;167A,negative,0.8923,4.3220,0.9486,pair_0997.pdb,Fails Boltz2 quality gates (low ligand pLDDT or poor hbond geometry). Expected non-functional.
pair_0540,negative_fail_gate,0,59v_0452,59V;81L;83A;92G;94V;108A;110V;120E;122W;141Q;159Y;160M;163I;164F;167A,MASELTPEERSELKNSIAEFHTYQLDPGSCSSLHAQRIHAPPELVWSIVRRFDKPQTYVHFIKSCSVEQNFEMRVGCTRDLIAISGLPANTGTVRLDILDDERRVTGASVIGGEHRLTNEKWVTTVHRFEKENRIWTVVLQSYVVDMPEGNSEDDTRMYMDTIFKLALQKLATVAEAMARN,59V;81L;83A;92G;94V;108A;110V;117L;120E;122W;141Q;159Y;160M;163I;164F;167A,negative,0.9046,4.7340,0.9481,pair_0540.pdb,Fails Boltz2 quality gates (low ligand pLDDT or poor hbond geometry). Expected non-functional.
