pair_id,rank,variant_name,variant_signature,label,label_tier,binary_plddt_ligand,binary_hbond_distance,binary_plddt_pocket,binary_boltz_score,binary_complex_iplddt,binary_iptm,pdb_path
pair_3098,1,seq44,59A;81L;83L;92M;94V;108V;141K;159I;160V;163G;167L,1,strong,0.9243,2.5190,0.9732,1.5252,0.9434,0.9560,output_lca_binary/boltz_results_pair_3098/predictions/pair_3098/pair_3098_model_0.pdb
pair_3092,2,seq39,59V;81D;83L;92M;94V;108A;110V;141K;159I;160V;163G;167L,1,strong,0.8848,2.2970,0.9722,1.5313,0.9278,0.9538,output_lca_binary/boltz_results_pair_3092/predictions/pair_3092/pair_3092_model_0.pdb
pair_3069,3,seq17,59A;81D;83L;92M;94V;108V;141K;159I;160L;163G;167I,1,strong,0.8914,1.1020,0.9720,1.4511,0.9268,0.9509,output_lca_binary/boltz_results_pair_3069/predictions/pair_3069/pair_3069_model_0.pdb
pair_3070,4,seq18,59A;81D;83L;92M;94V;108A;110V;141K;159I;160V;163G;167L,1,strong,0.8853,2.3600,0.9720,1.5358,0.9295,0.9511,output_lca_binary/boltz_results_pair_3070/predictions/pair_3070/pair_3070_model_0.pdb
pair_3074,5,seq21,59A;81D;83L;92M;94V;108V;141K;159H;160V;163L;164T;167A,1,strong,0.8605,2.3320,0.9717,1.0946,0.9158,0.9222,output_lca_binary/boltz_results_pair_3074/predictions/pair_3074/pair_3074_model_0.pdb
pair_3108,6,seq7,59A;81D;83L;92M;94V;108H;141K;159I;160L;163G;167I,1,strong,0.8974,0.7930,0.9713,1.3923,0.9234,0.9544,output_lca_binary/boltz_results_pair_3108/predictions/pair_3108/pair_3108_model_0.pdb
pair_3101,7,seq47,59V;81D;83L;92M;94V;108V;141K;159I;160L;163G;167I,1,strong,0.8882,0.9120,0.9707,1.4654,0.9239,0.9524,output_lca_binary/boltz_results_pair_3101/predictions/pair_3101/pair_3101_model_0.pdb
pair_0664,8,59v_0326,59V;81D;83L;92M;94V;108V;141K;159I;160V;163G;167L,0,negative,0.8715,2.1550,0.9700,1.5356,0.9235,0.9584,output_lca_binary/boltz_results_pair_0664/predictions/pair_0664/pair_0664_model_0.pdb
pair_0777,9,59v_0208,59V;81L;92G;94V;108A;110V;120F;122W;141Q;159Y;160V;163F,0,negative,0.8426,3.8880,0.9695,1.2468,0.9141,0.9084,output_lca_binary/boltz_results_pair_0777/predictions/pair_0777/pair_0777_model_0.pdb
pair_3079,10,seq26,59V;81D;83L;92M;94V;108V;141K;159I;160M;163G;164I;167I,1,strong,0.8670,1.1220,0.9690,1.4636,0.9148,0.9575,output_lca_binary/boltz_results_pair_3079/predictions/pair_3079/pair_3079_model_0.pdb
pair_3076,11,seq23,59V;81D;83L;92M;94V;108H;141K;159I;160L;163G;167I,1,strong,0.8867,1.4160,0.9687,1.3852,0.9140,0.9543,output_lca_binary/boltz_results_pair_3076/predictions/pair_3076/pair_3076_model_0.pdb
pair_3099,12,seq45,59V;81D;83L;92M;94V;108A;110V;120L;122W;141R;159H;160V;163L;164F;167G,1,strong,0.8935,3.7500,0.9675,1.1494,0.9243,0.9286,output_lca_binary/boltz_results_pair_3099/predictions/pair_3099/pair_3099_model_0.pdb
pair_3087,13,seq34,59V;81D;83L;92M;94V;108H;141K;159I;160V;163G;167L,1,strong,0.8224,1.9110,0.9668,1.4535,0.9078,0.9517,output_lca_binary/boltz_results_pair_3087/predictions/pair_3087/pair_3087_model_0.pdb
pair_3062,14,seq10,59V;81D;83L;92M;94V;108A;110V;117V;120L;122T;141K;159I;160V;163G;167L,1,strong,0.8672,2.8550,0.9666,1.4849,0.9229,0.9360,output_lca_binary/boltz_results_pair_3062/predictions/pair_3062/pair_3062_model_0.pdb
pair_1939,15,59a_0028,59A;81L;92A;94V;108A;110V;120F;122W;141Q;159Y;160V;163F;167A,0,negative,0.8559,2.8020,0.9663,1.2601,0.9137,0.9361,output_lca_binary/boltz_results_pair_1939/predictions/pair_1939/pair_1939_model_0.pdb
pair_1824,16,59a_0144,59A;81L;83A;92G;94V;108S;110V;120F;122W;141Q;160V;163L;164F;167T,0,negative,0.9104,2.9290,0.9657,1.3141,0.9270,0.9456,output_lca_binary/boltz_results_pair_1824/predictions/pair_1824/pair_1824_model_0.pdb
pair_3059,17,59v_0379,59V;81L;83A;92A;108A;110V;120L;122W;141R;159H;160V;163L;164F;167G,1,strong,0.8965,3.3220,0.9655,1.2468,0.9329,0.9537,output_lca_binary/boltz_results_pair_3059/predictions/pair_3059/pair_3059_model_0.pdb
pair_3064,18,seq12,59A;81D;83L;92M;94V;108A;110V;117V;120L;122T;141Q;159Y;160V;163F;167A,1,strong,0.8604,1.8020,0.9652,1.2287,0.9111,0.9457,output_lca_binary/boltz_results_pair_3064/predictions/pair_3064/pair_3064_model_0.pdb
pair_3063,19,seq11,59A;81D;83L;92M;94V;108A;110V;117V;120L;122T;141K;159I;160M;163G;164I;167I,1,strong,0.9137,2.7960,0.9650,1.2445,0.9350,0.9610,output_lca_binary/boltz_results_pair_3063/predictions/pair_3063/pair_3063_model_0.pdb
pair_0827,20,59v_0157,59V;81L;92G;94V;108A;110V;120F;122W;141Q;160V;163F;167V,0,negative,0.8750,2.5600,0.9647,1.2563,0.9087,0.9526,output_lca_binary/boltz_results_pair_0827/predictions/pair_0827/pair_0827_model_0.pdb
pair_1860,21,59a_0107,59A;81L;92A;94V;108A;110V;117V;120F;122W;141Q;159Y;160M;163L;164F;167A,0,negative,0.9296,3.5480,0.9645,1.4213,0.9403,0.9418,output_lca_binary/boltz_results_pair_1860/predictions/pair_1860/pair_1860_model_0.pdb
pair_3088,22,seq35,59V;81D;83L;92M;94V;108V;117V;120L;122T;141K;159I;160L;163G;167I,1,strong,0.9082,2.6170,0.9643,1.3609,0.9376,0.9542,output_lca_binary/boltz_results_pair_3088/predictions/pair_3088/pair_3088_model_0.pdb
pair_3104,23,seq5,59V;81D;83L;92M;94V;108A;110V;117T;120L;122T;141K;159I;160L;163G;167I,1,strong,0.8596,2.4000,0.9642,1.2712,0.9121,0.9504,output_lca_binary/boltz_results_pair_3104/predictions/pair_3104/pair_3104_model_0.pdb
pair_0647,24,59v_0344,59V;81D;83L;92L;94L;108H;141K;159I;160L;163G;164Y;167I,0,negative,0.8831,2.3530,0.9641,1.4536,0.9177,0.9573,output_lca_binary/boltz_results_pair_0647/predictions/pair_0647/pair_0647_model_0.pdb
pair_3077,25,seq24,59V;81D;83L;92M;94L;108A;110V;117V;120L;122T;141K;159I;160V;163G;167L,1,strong,0.8697,2.6620,0.9634,1.5198,0.9208,0.9649,output_lca_binary/boltz_results_pair_3077/predictions/pair_3077/pair_3077_model_0.pdb
pair_1785,26,59a_0184,59A;83F;92A;94V;108A;117V;120F;122W;141R;159I;160V;163G;167M,0,negative,0.8483,2.4180,0.9632,1.2913,0.9070,0.9415,output_lca_binary/boltz_results_pair_1785/predictions/pair_1785/pair_1785_model_0.pdb
pair_3073,27,seq20,59L;81D;83L;92M;94V;108V;141K;159I;160L;163G;167I,1,strong,0.8754,1.0450,0.9630,1.4527,0.9126,0.9531,output_lca_binary/boltz_results_pair_3073/predictions/pair_3073/pair_3073_model_0.pdb
pair_3068,28,seq16_designed,59V;81D;83L;92M;94V;108A;110V;117V;120L;122T;141K;159I;160L;163G;167I,1,strong,0.8825,2.2670,0.9625,1.3085,0.9240,0.9561,output_lca_binary/boltz_results_pair_3068/predictions/pair_3068/pair_3068_model_0.pdb
pair_3103,29,seq49,59V;81D;83L;92M;94V;108A;110V;117V;120L;122T;141K;159I;160L;163G;167L,1,strong,0.8520,3.1500,0.9624,1.3947,0.9158,0.9488,output_lca_binary/boltz_results_pair_3103/predictions/pair_3103/pair_3103_model_0.pdb
pair_1656,30,59a_0318,59A;81L;92A;94Q;108S;110V;117V;120L;122W;141Q;159H;160M;163F;164F;167A,0,negative,0.9206,3.5860,0.9622,1.3227,0.9361,0.9665,output_lca_binary/boltz_results_pair_1656/predictions/pair_1656/pair_1656_model_0.pdb
pair_1914,31,59a_0053,59A;81L;83A;92A;94V;108Q;110V;120F;122W;141R;159H;160V;163F;164F;167T,0,negative,0.9093,3.4550,0.9622,1.5245,0.9263,0.9538,output_lca_binary/boltz_results_pair_1914/predictions/pair_1914/pair_1914_model_0.pdb
pair_0867,32,59v_0116,59V;81L;83A;92G;94V;108Q;110V;120F;122W;141R;160V;163L;164F;167A,0,negative,0.9190,2.7840,0.9620,1.4430,0.9249,0.9512,output_lca_binary/boltz_results_pair_0867/predictions/pair_0867/pair_0867_model_0.pdb
pair_0602,33,59v_0390,59V;81L;83A;92A;94V;108A;110V;122W;141Q;159H;160V;163L;164I;167A,0,negative,0.8537,3.2630,0.9619,1.2116,0.9015,0.9389,output_lca_binary/boltz_results_pair_0602/predictions/pair_0602/pair_0602_model_0.pdb
pair_0776,34,59v_0209,59V;81L;92G;94V;108S;110V;120F;122W;141Q;159Y;160V;163F;167A,0,negative,0.8739,3.3240,0.9617,1.2434,0.9098,0.9405,output_lca_binary/boltz_results_pair_0776/predictions/pair_0776/pair_0776_model_0.pdb
pair_1961,35,59a_0006,59A;81L;92G;94V;108A;110V;117V;120L;122W;141R;159H;160M;163I;164F;167A,0,negative,0.9247,3.4210,0.9617,1.4940,0.9329,0.9600,output_lca_binary/boltz_results_pair_1961/predictions/pair_1961/pair_1961_model_0.pdb
pair_3071,36,seq19,59V;81D;83L;92M;94L;108A;110V;117V;120L;122T;141K;159I;160L;163G;167I,1,strong,0.8852,1.9830,0.9615,1.3080,0.9231,0.9534,output_lca_binary/boltz_results_pair_3071/predictions/pair_3071/pair_3071_model_0.pdb
pair_0765,37,59v_0220,59V;81L;83A;92G;94V;108Q;110V;120F;122W;141Q;160V;163F;164F;167A,0,negative,0.9249,3.7130,0.9610,1.4966,0.9290,0.9636,output_lca_binary/boltz_results_pair_0765/predictions/pair_0765/pair_0765_model_0.pdb
pair_0822,38,59v_0163,59V;81D;83A;92A;94V;108A;110V;117V;120L;122W;141Q;159I;160M;163F;164F;167T,0,negative,0.9114,1.8970,0.9610,1.2617,0.9102,0.9574,output_lca_binary/boltz_results_pair_0822/predictions/pair_0822/pair_0822_model_0.pdb
pair_1784,39,59a_0185,59A;83F;92A;94V;117V;122T;141R;159I;160V;163G;164I;167D,0,negative,0.8857,3.3940,0.9609,1.2560,0.9173,0.9435,output_lca_binary/boltz_results_pair_1784/predictions/pair_1784/pair_1784_model_0.pdb
pair_3067,40,seq15,59V;81D;83L;92M;94V;108A;110V;117V;120L;122T;141K;159I;160L;163G;164Y;167I,1,strong,0.8725,2.4400,0.9609,1.2901,0.9185,0.9572,output_lca_binary/boltz_results_pair_3067/predictions/pair_3067/pair_3067_model_0.pdb
pair_3086,41,seq33,59A;81D;83L;92M;94V;108A;110V;117V;120L;122T;141K;159I;160V;163G;167L,1,strong,0.8654,3.9220,0.9607,1.3405,0.9120,0.9487,output_lca_binary/boltz_results_pair_3086/predictions/pair_3086/pair_3086_model_0.pdb
pair_0506,42,59v_0486,59V;81L;92A;108A;110V;120E;122W;141R;160M;163L;164F;167G,0,negative,0.8935,3.4400,0.9603,1.1648,0.9213,0.9401,output_lca_binary/boltz_results_pair_0506/predictions/pair_0506/pair_0506_model_0.pdb
pair_3078,43,seq25,59V;81D;83L;92M;94V;108A;110V;117V;120L;122T;141K;159H;160M;163I;164F;167A,1,strong,0.8929,3.1030,0.9603,1.2919,0.9254,0.9397,output_lca_binary/boltz_results_pair_3078/predictions/pair_3078/pair_3078_model_0.pdb
pair_3085,44,seq31_designed,59A;81D;83L;92M;94V;108A;110V;117V;120L;122T;141K;159I;160L;163G;167I,1,strong,0.9013,2.5230,0.9603,1.2931,0.9277,0.9737,output_lca_binary/boltz_results_pair_3085/predictions/pair_3085/pair_3085_model_0.pdb
pair_1397,45,59l_0079,59L;81L;83A;92A;94V;108A;110V;120L;122W;141Q;159Y;160V;163L;164F;167A,0,negative,0.9025,3.5080,0.9602,1.2931,0.9201,0.9459,output_lca_binary/boltz_results_pair_1397/predictions/pair_1397/pair_1397_model_0.pdb
pair_0288,46,wt_mandi_0208,59R;81L;92G;94V;108A;110V;120F;122W;141Q;159Y;160V;163F,0,negative,0.8453,2.2140,0.9601,1.2455,0.8986,0.9349,output_lca_binary/boltz_results_pair_0288/predictions/pair_0288/pair_0288_model_0.pdb
pair_1023,47,59l_0459,59L;81L;83L;92A;94Q;108A;110V;117A;120F;122W;141R;159I;160Y;163F;164F;167A,0,negative,0.8996,3.4900,0.9600,1.3182,0.9228,0.9568,output_lca_binary/boltz_results_pair_1023/predictions/pair_1023/pair_1023_model_0.pdb
pair_0876,48,59v_0107,59V;81L;92A;94V;108A;110V;117V;120F;122W;141Q;159Y;160M;163L;164F;167A,0,negative,0.9064,3.8640,0.9599,1.3890,0.9273,0.9491,output_lca_binary/boltz_results_pair_0876/predictions/pair_0876/pair_0876_model_0.pdb
pair_1679,49,59a_0293,59A;81L;83A;92G;94V;108A;110V;120E;122W;141Q;159Y;160M;163I;164F;167G,0,negative,0.8750,3.5330,0.9598,1.2235,0.9109,0.9172,output_lca_binary/boltz_results_pair_1679/predictions/pair_1679/pair_1679_model_0.pdb
pair_1938,50,59a_0029,59A;81L;92A;94V;108A;110V;120F;122W;141Q;159Y;160M;163F;167A,0,negative,0.9053,3.6430,0.9595,1.2434,0.9254,0.9463,output_lca_binary/boltz_results_pair_1938/predictions/pair_1938/pair_1938_model_0.pdb
pair_0502,51,59v_0490,59V;81L;83F;92A;94V;117V;122Q;141K;159V;160V;163G;164I;167V,0,negative,0.8955,3.6590,0.9594,1.4400,0.9216,0.9461,output_lca_binary/boltz_results_pair_0502/predictions/pair_0502/pair_0502_model_0.pdb
pair_0549,52,59v_0443,59V;81L;83A;92G;94V;108Q;110V;120F;122W;141R;159L;160V;163F;164F;167T,0,negative,0.9042,3.9100,0.9592,1.4790,0.9178,0.9596,output_lca_binary/boltz_results_pair_0549/predictions/pair_0549/pair_0549_model_0.pdb
pair_3091,53,seq38,59V;81D;83L;92M;94V;108A;110V;117V;120L;122T;141K;159I;160M;163G;164I;167I,1,strong,0.8774,2.3790,0.9592,1.3222,0.9155,0.9595,output_lca_binary/boltz_results_pair_3091/predictions/pair_3091/pair_3091_model_0.pdb
pair_0932,54,59v_0051,59V;81D;83F;92A;94V;108A;117A;120F;122W;141R;159I;160V;163G;164F;167V,0,negative,0.9020,2.9950,0.9589,1.3406,0.9219,0.9554,output_lca_binary/boltz_results_pair_0932/predictions/pair_0932/pair_0932_model_0.pdb
pair_0246,55,wt_mandi_0251,59R;81L;92G;94V;108S;110V;120F;122W;141Q;160V;163F;167A,0,negative,0.8138,2.2480,0.9587,1.1349,0.8866,0.9358,output_lca_binary/boltz_results_pair_0246/predictions/pair_0246/pair_0246_model_0.pdb
pair_0748,56,59v_0238,59V;81L;92G;94V;108A;110V;141Q;159Y;160M;163F;164Y;167I,0,negative,0.8095,2.5190,0.9583,1.0492,0.8880,0.9439,output_lca_binary/boltz_results_pair_0748/predictions/pair_0748/pair_0748_model_0.pdb
pair_1654,57,59a_0320,59A;81D;92A;94Q;108A;110V;117V;120L;122W;141Q;159H;160M;163F;164F;167A,0,negative,0.9210,2.3340,0.9583,1.2111,0.9293,0.9628,output_lca_binary/boltz_results_pair_1654/predictions/pair_1654/pair_1654_model_0.pdb
pair_0269,58,wt_mandi_0228,59R;81L;92G;94V;108A;110V;120F;122W;141Q;159Y;160V;163F;164F;167A,0,negative,0.8911,3.2020,0.9581,1.3218,0.9124,0.9527,output_lca_binary/boltz_results_pair_0269/predictions/pair_0269/pair_0269_model_0.pdb
pair_0341,59,wt_mandi_0154,59R;81L;92G;94V;108A;110V;120F;122W;141Q;160V;163F;167T,0,negative,0.8116,1.8190,0.9581,1.0877,0.8835,0.9352,output_lca_binary/boltz_results_pair_0341/predictions/pair_0341/pair_0341_model_0.pdb
pair_0584,60,59v_0408,59V;81D;83L;92A;94V;108A;110V;117V;120L;122W;141K;159I;160M;163L;164I;167G,0,negative,0.8695,3.4300,0.9581,1.3225,0.9147,0.9523,output_lca_binary/boltz_results_pair_0584/predictions/pair_0584/pair_0584_model_0.pdb
pair_0908,61,59v_0075,59V;81L;83A;92G;94V;108A;110V;120F;122W;141Q;160V;163F;167A,0,negative,0.8723,3.6430,0.9581,1.2525,0.9030,0.9430,output_lca_binary/boltz_results_pair_0908/predictions/pair_0908/pair_0908_model_0.pdb
pair_0891,62,59v_0092,59V;81L;83A;92G;94V;110L;141R;160V;163F;167A,0,negative,0.8759,3.9530,0.9579,1.2998,0.9094,0.9463,output_lca_binary/boltz_results_pair_0891/predictions/pair_0891/pair_0891_model_0.pdb
pair_0883,63,59v_0100,59V;81L;83A;92G;94V;108A;110V;122W;141Q;159Y;160M;163I;164F;167A,0,negative,0.9246,3.3770,0.9578,1.3372,0.9259,0.9468,output_lca_binary/boltz_results_pair_0883/predictions/pair_0883/pair_0883_model_0.pdb
pair_1709,64,59a_0263,59A;81L;92A;94V;108A;110V;117V;120L;122W;141Q;159L;160M;163L;164F;167A,0,negative,0.9214,3.8600,0.9578,1.3955,0.9282,0.9507,output_lca_binary/boltz_results_pair_1709/predictions/pair_1709/pair_1709_model_0.pdb
pair_0782,65,59v_0203,59V;81D;92A;94V;108A;110V;117V;120E;122W;141Q;159I;160M;163F;164F;167A,0,negative,0.9261,2.4690,0.9577,1.2195,0.9331,0.9674,output_lca_binary/boltz_results_pair_0782/predictions/pair_0782/pair_0782_model_0.pdb
pair_0974,66,59v_0009,59V;81L;83A;92G;94V;108A;110V;120F;122W;141Q;159Y;160V;163L;164F;167T,0,negative,0.8968,2.9400,0.9576,1.3966,0.9113,0.9618,output_lca_binary/boltz_results_pair_0974/predictions/pair_0974/pair_0974_model_0.pdb
pair_0684,67,59v_0305,59V;81L;83A;92G;94V;108A;110V;120F;122W;141R;159L;160V;163F;164F;167A,0,negative,0.9220,3.1740,0.9575,1.6096,0.9255,0.9567,output_lca_binary/boltz_results_pair_0684/predictions/pair_0684/pair_0684_model_0.pdb
pair_3075,68,seq22_designed,59A;81D;83L;92M;94L;108A;110V;117V;120L;122T;141K;159I;160M;163G;164I;167I,1,strong,0.9083,2.6220,0.9574,1.2928,0.9261,0.9663,output_lca_binary/boltz_results_pair_3075/predictions/pair_3075/pair_3075_model_0.pdb
pair_3100,69,seq46,59V;81L;83A;92A;108H;110V;141K;159I;160L;163G;167I,1,strong,0.8603,1.6030,0.9574,1.1664,0.8894,0.9441,output_lca_binary/boltz_results_pair_3100/predictions/pair_3100/pair_3100_model_0.pdb
pair_1792,70,59a_0177,59A;81L;83A;92G;94V;108Q;110V;120F;122W;141R;159Y;160V;163L;164F;167G,0,negative,0.8723,3.0410,0.9573,1.2550,0.9081,0.9380,output_lca_binary/boltz_results_pair_1792/predictions/pair_1792/pair_1792_model_0.pdb
pair_1671,71,59a_0302,59A;81L;83A;92G;94V;108Q;110V;120F;122W;141Q;159Y;160V;163L;164F;167A,0,negative,0.8910,2.7700,0.9571,1.3134,0.9110,0.9517,output_lca_binary/boltz_results_pair_1671/predictions/pair_1671/pair_1671_model_0.pdb
pair_3066,72,seq14_designed,59V;81D;83L;92M;94L;108A;110V;117V;120L;122T;141K;159I;160M;163G;164I;167I,1,strong,0.8826,2.7350,0.9570,1.3661,0.9180,0.9667,output_lca_binary/boltz_results_pair_3066/predictions/pair_3066/pair_3066_model_0.pdb
pair_3080,73,seq27,59V;81D;83L;92M;94V;108A;110V;117V;120L;122T;141K;160V;163F;167A,1,strong,0.8388,2.5470,0.9570,1.2063,0.8957,0.9279,output_lca_binary/boltz_results_pair_3080/predictions/pair_3080/pair_3080_model_0.pdb
pair_0868,74,59v_0115,59V;81L;83A;92G;94V;108Q;110V;120F;122W;141R;159Y;160V;163F;164F;167A,0,negative,0.9152,2.9650,0.9569,1.4371,0.9200,0.9585,output_lca_binary/boltz_results_pair_0868/predictions/pair_0868/pair_0868_model_0.pdb
pair_0736,75,59v_0250,59V;81L;92A;94V;108S;110V;117W;120F;122W;141Q;159I;160V;163F;167A,0,negative,0.9076,2.9110,0.9568,1.3639,0.9136,0.9407,output_lca_binary/boltz_results_pair_0736/predictions/pair_0736/pair_0736_model_0.pdb
pair_1965,76,59a_0002,59A;81L;83F;92A;94V;108Y;117I;120F;122W;141R;159I;160V;163G;167T,0,negative,0.8817,3.2480,0.9568,1.5074,0.9143,0.9477,output_lca_binary/boltz_results_pair_1965/predictions/pair_1965/pair_1965_model_0.pdb
pair_0272,77,wt_mandi_0225,59R;81L;92A;94V;108Q;110V;117V;120L;122W;141Q;159L;160M;163L;164F;167A,0,negative,0.8920,2.4680,0.9567,1.4166,0.9194,0.9388,output_lca_binary/boltz_results_pair_0272/predictions/pair_0272/pair_0272_model_0.pdb
pair_0450,78,wt_mandi_0044,59R;81L;83L;92A;94V;108Y;110V;117A;141Q;160V;163I;167G,0,negative,0.8395,1.5340,0.9567,1.0859,0.8980,0.9294,output_lca_binary/boltz_results_pair_0450/predictions/pair_0450/pair_0450_model_0.pdb
pair_1922,79,59a_0045,59A;81L;83L;92A;94V;108Y;110V;117A;141Q;159Y;160V;163I;167G,0,negative,0.8702,0.7470,0.9566,1.1661,0.9026,0.9564,output_lca_binary/boltz_results_pair_1922/predictions/pair_1922/pair_1922_model_0.pdb
pair_3072,80,seq2,59A;81D;83L;92M;94V;108A;110V;117V;120L;122T;141K;159I;160L;163G;164Y;167I,1,strong,0.8912,2.5900,0.9565,1.1408,0.9230,0.9639,output_lca_binary/boltz_results_pair_3072/predictions/pair_3072/pair_3072_model_0.pdb
pair_1658,81,59a_0316,59A;81D;92A;94Q;108A;110V;117V;120L;122W;141Q;159L;160M;163F;164F;167A,0,negative,0.9050,3.5100,0.9564,1.3196,0.9261,0.9631,output_lca_binary/boltz_results_pair_1658/predictions/pair_1658/pair_1658_model_0.pdb
pair_0091,82,wt_mandi_0409,59R;81L;83L;92A;94V;108A;110V;117V;120L;122W;141Q;159R;160M;163L;164I;167G,0,negative,0.8416,2.8800,0.9563,1.2560,0.9016,0.9436,output_lca_binary/boltz_results_pair_0091/predictions/pair_0091/pair_0091_model_0.pdb
pair_0351,83,wt_mandi_0144,59R;81L;83A;92G;94V;108S;110V;120F;122W;141Q;160V;163L;164F;167T,0,negative,0.8477,2.2840,0.9563,1.2473,0.9013,0.9472,output_lca_binary/boltz_results_pair_0351/predictions/pair_0351/pair_0351_model_0.pdb
pair_1011,84,59l_0471,59L;81L;83A;92A;108A;110V;120E;122W;141R;160V;163F;164X;167X,0,negative,0.8286,3.6800,0.9563,1.1286,0.9008,0.9336,output_lca_binary/boltz_results_pair_1011/predictions/pair_1011/pair_1011_model_0.pdb
pair_1102,85,59l_0380,59L;81L;83A;92A;94V;108X;110V;120F;122W;141R;159H;160M;163L;164F;167G,0,negative,0.8982,3.0660,0.9563,1.2789,0.9219,0.9577,output_lca_binary/boltz_results_pair_1102/predictions/pair_1102/pair_1102_model_0.pdb
pair_0052,86,wt_mandi_0448,59R;81L;92A;94V;108A;110V;120L;122W;141Q;159Y;160V;163L;167G,0,negative,0.8578,2.6800,0.9561,1.2817,0.8949,0.9404,output_lca_binary/boltz_results_pair_0052/predictions/pair_0052/pair_0052_model_0.pdb
pair_0811,87,59v_0174,59V;81L;92G;94V;108A;110V;117V;120L;122W;141R;159Y;160M;163I;164F;167A,0,negative,0.9102,2.1970,0.9561,1.4609,0.9180,0.9563,output_lca_binary/boltz_results_pair_0811/predictions/pair_0811/pair_0811_model_0.pdb
pair_1758,88,59a_0211,59A;81L;83A;92A;108A;110V;120E;122W;141R;159H;160V;163F;164F;167A,0,negative,0.9023,3.0570,0.9561,1.2364,0.9185,0.9388,output_lca_binary/boltz_results_pair_1758/predictions/pair_1758/pair_1758_model_0.pdb
pair_0878,89,59v_0105,59V;81L;83A;92G;94V;108L;110V;120F;122M;141Q;160V;163F;164M;167A,0,negative,0.8799,3.6160,0.9560,1.3175,0.9021,0.9528,output_lca_binary/boltz_results_pair_0878/predictions/pair_0878/pair_0878_model_0.pdb
pair_1710,90,59a_0262,59A;81L;92A;94V;108Q;110V;117V;120L;122W;141Q;159L;160M;163F;164F;167A,0,negative,0.9061,3.2580,0.9560,1.6314,0.9225,0.9616,output_lca_binary/boltz_results_pair_1710/predictions/pair_1710/pair_1710_model_0.pdb
pair_0276,91,wt_mandi_0220,59R;81L;83A;92G;94V;108Q;110V;120F;122W;141Q;160V;163F;164F;167A,0,negative,0.8769,2.6160,0.9559,1.3505,0.9069,0.9419,output_lca_binary/boltz_results_pair_0276/predictions/pair_0276/pair_0276_model_0.pdb
pair_1737,92,59a_0233,59A;81D;83F;92A;94V;108W;117I;120F;122W;141R;159I;160V;163G;167T,0,negative,0.8235,3.8730,0.9559,1.2962,0.8952,0.9208,output_lca_binary/boltz_results_pair_1737/predictions/pair_1737/pair_1737_model_0.pdb
pair_1313,93,59l_0165,59L;81D;83A;92A;94V;108A;110V;117V;120L;122W;141Q;159I;160M;163F;164F;167A,0,negative,0.9122,2.9670,0.9556,1.3493,0.9157,0.9568,output_lca_binary/boltz_results_pair_1313/predictions/pair_1313/pair_1313_model_0.pdb
pair_1835,94,59a_0133,59A;81L;92A;94V;108W;110V;120L;122W;141R;159H;160M;163L;164Y;167G,0,negative,0.8700,3.9840,0.9555,1.2573,0.9135,0.9456,output_lca_binary/boltz_results_pair_1835/predictions/pair_1835/pair_1835_model_0.pdb
pair_3061,95,seq1,59V;81D;83L;92M;94V;108A;110V;117V;120L;122T;141Q;159Y;160V;163F;167A,1,strong,0.8364,1.3660,0.9555,1.2351,0.9022,0.9503,output_lca_binary/boltz_results_pair_3061/predictions/pair_3061/pair_3061_model_0.pdb
pair_0940,96,59v_0043,59V;81D;83L;92A;94V;108Y;110V;117A;141K;160I;163I;167G,0,negative,0.8301,3.4010,0.9553,1.0585,0.8967,0.9088,output_lca_binary/boltz_results_pair_0940/predictions/pair_0940/pair_0940_model_0.pdb
pair_0977,97,59v_0006,59V;81L;92G;94V;108A;110V;117V;120L;122W;141R;159H;160M;163I;164F;167A,0,negative,0.9016,3.3800,0.9553,1.4333,0.9233,0.9687,output_lca_binary/boltz_results_pair_0977/predictions/pair_0977/pair_0977_model_0.pdb
pair_1847,98,59a_0121,59A;81L;83A;92A;94V;108A;110V;120E;122W;141R;159H;160M;163F;164F;167A,0,negative,0.9075,3.3870,0.9549,1.3100,0.9218,0.9498,output_lca_binary/boltz_results_pair_1847/predictions/pair_1847/pair_1847_model_0.pdb
pair_0567,99,59v_0425,59V;81L;92A;94V;108A;110V;120F;122W;141R;159I;160V;163F;164F;167A,0,negative,0.9170,2.3100,0.9547,1.5884,0.9200,0.9593,output_lca_binary/boltz_results_pair_0567/predictions/pair_0567/pair_0567_model_0.pdb
pair_0865,100,59v_0118,59V;81L;83A;92G;94V;108Q;110L;122W;141Q;159Y;160V;163L;164I;167A,0,negative,0.8519,2.5110,0.9547,1.1584,0.8860,0.9484,output_lca_binary/boltz_results_pair_0865/predictions/pair_0865/pair_0865_model_0.pdb
