pair_id,ligand_name,ligand_smiles,variant_name,variant_signature,label,label_tier,label_source,label_confidence,affinity_uM
pair_3026,4-hydroxy nitazene,CCN(CC)CC1=CC=C(C=C1)/C=C/C(=O)C2=CC=C(C=C2O)N3CCCCC3,PYR1^nitav2,59Q;81I;83L;92M;108V;120A;122G;141D;159H;160V,1.0,strong,experimental,1.0,
pair_3027,4-hydroxy nitazene,CCN(CC)CC1=CC=C(C=C1)/C=C/C(=O)C2=CC=C(C=C2O)N3CCCCC3,PYR1^nitav2.1,59Q;81I;92F;108V;120G;122E;141D;159H;160V,1.0,strong,experimental,1.0,
pair_3028,4F-MDMB-BUTINACA,O=C(N[C@H](C(OC)=O)C(C)(C)C)C1=NN(CCCCF)C2=C1C=CC=C2,PYR1^4F,83K;115Q;120G;159V;160G,1.0,strong,experimental,1.0,
pair_3029,Citropten,COC1=C2C=CC(=O)OC2=CC3=C1OC=C3,9M-5,V81Y_V83L_S122G_F159H_A160I_V163W,1.0,strong,experimental,1.0,
pair_3030,GlycoLithocholic Acid,C[C@H](CCC(=O)NCC(=O)O)[C@H]1CC[C@@H]2[C@@]1(CC[C@H]3[C@H]2CC[C@H]4[C@@]3(CC[C@H](C4)O)C)C,LCA_conj1,59V;81D;83L;92M;94V;108A;110V;117V;120L;122T;141K;159I;160L;163G;167I,1.0,strong,experimental,1.0,
pair_3031,GlycoLithocholic Acid,C[C@H](CCC(=O)NCC(=O)O)[C@H]1CC[C@@H]2[C@@]1(CC[C@H]3[C@H]2CC[C@H]4[C@@]3(CC[C@H](C4)O)C)C,LCA_conj2,59V;81D;83L;92M;94L;108A;110V;117V;120L;122T;141K;159I;160M;163G;164I;167I,1.0,strong,experimental,1.0,
pair_3032,GlycoLithocholic Acid,C[C@H](CCC(=O)NCC(=O)O)[C@H]1CC[C@@H]2[C@@]1(CC[C@H]3[C@H]2CC[C@H]4[C@@]3(CC[C@H](C4)O)C)C,LCA_conj3,59V;81D;83L;92M;94L;108A;110V;117V;120L;122T;141K;159I;160L;163G;167I,1.0,strong,experimental,1.0,
pair_3033,GlycoLithocholic Acid,C[C@H](CCC(=O)NCC(=O)O)[C@H]1CC[C@@H]2[C@@]1(CC[C@H]3[C@H]2CC[C@H]4[C@@]3(CC[C@H](C4)O)C)C,LCA_conj4,59V;81D;83L;92M;94V;108A;110V;117V;120L;122T;141K;159I;160M;163G;164I;167I,1.0,strong,experimental,1.0,
pair_3034,GlycoLithocholic Acid,C[C@H](CCC(=O)NCC(=O)O)[C@H]1CC[C@@H]2[C@@]1(CC[C@H]3[C@H]2CC[C@H]4[C@@]3(CC[C@H](C4)O)C)C,LCA_conj5,59V;81D;83L;92M;94L;108A;110V;117V;120L;122T;141K;159I;160M;163G;167I,1.0,strong,experimental,1.0,
pair_3035,GlycoLithocholic Acid,C[C@H](CCC(=O)NCC(=O)O)[C@H]1CC[C@@H]2[C@@]1(CC[C@H]3[C@H]2CC[C@H]4[C@@]3(CC[C@H](C4)O)C)C,LCA_conj6,59V;81D;83L;92M;94V;108A;110V;117T;120L;122T;141K;159I;160L;163G;167I,1.0,strong,experimental,1.0,
pair_3036,GlycoLithocholic Acid,C[C@H](CCC(=O)NCC(=O)O)[C@H]1CC[C@@H]2[C@@]1(CC[C@H]3[C@H]2CC[C@H]4[C@@]3(CC[C@H](C4)O)C)C,LCA_conj7,59V;81D;83L;92M;94V;108A;110V;117V;120L;122T;141K;159I;160L;163G;164I;167I,1.0,strong,experimental,1.0,
pair_3037,GlycoLithocholic Acid,C[C@H](CCC(=O)NCC(=O)O)[C@H]1CC[C@@H]2[C@@]1(CC[C@H]3[C@H]2CC[C@H]4[C@@]3(CC[C@H](C4)O)C)C,LCA_conj8,59V;81D;83L;92M;94V;108A;110V;117V;120L;122T;141K;159I;160M;163G;167I,1.0,strong,experimental,1.0,
pair_3038,GlycoLithocholic Acid,C[C@H](CCC(=O)NCC(=O)O)[C@H]1CC[C@@H]2[C@@]1(CC[C@H]3[C@H]2CC[C@H]4[C@@]3(CC[C@H](C4)O)C)C,LCA_conj9,59R;81D;83L;92M;94V;108A;110V;117V;120L;122T;141K;159I;160L;163G;167I,1.0,strong,experimental,1.0,
pair_3039,GlycoLithocholic Acid,C[C@H](CCC(=O)NCC(=O)O)[C@H]1CC[C@@H]2[C@@]1(CC[C@H]3[C@H]2CC[C@H]4[C@@]3(CC[C@H](C4)O)C)C,LCA_conj10,59V;81D;83L;92M;94L;108A;110V;117V;120L;122T;141K;159H;160V;163L;164I;167A,1.0,strong,experimental,1.0,
pair_3040,GlycoLithocholic Acid,C[C@H](CCC(=O)NCC(=O)O)[C@H]1CC[C@@H]2[C@@]1(CC[C@H]3[C@H]2CC[C@H]4[C@@]3(CC[C@H](C4)O)C)C,LCA_conj11,59R;81L;83A;92A;108A;110V;117V;120L;122T;141K;159I;160L;163G;167I,1.0,strong,experimental,1.0,
pair_3041,GlycoLithocholic Acid,C[C@H](CCC(=O)NCC(=O)O)[C@H]1CC[C@@H]2[C@@]1(CC[C@H]3[C@H]2CC[C@H]4[C@@]3(CC[C@H](C4)O)C)C,LCA_conj12,59R;81L;83A;92A;108A;110V;120L;122W;141R;159I;160L;163G;167I,1.0,strong,experimental,1.0,
pair_3042,GlycoLithocholic Acid,C[C@H](CCC(=O)NCC(=O)O)[C@H]1CC[C@@H]2[C@@]1(CC[C@H]3[C@H]2CC[C@H]4[C@@]3(CC[C@H](C4)O)C)C,LCA_conj13,59V;81D;83L;92M;94L;108A;110V;117V;120L;122T;141R;159I;160L;163G;167I,1.0,strong,experimental,1.0,
pair_3043,GlycoLithocholic Acid,C[C@H](CCC(=O)NCC(=O)O)[C@H]1CC[C@@H]2[C@@]1(CC[C@H]3[C@H]2CC[C@H]4[C@@]3(CC[C@H](C4)O)C)C,LCA_conj14,59R;81D;83L;92M;94L;108A;110V;117V;120L;122T;141K;159I;160M;163G;164I;167I,1.0,strong,experimental,1.0,
pair_3044,GlycoLithocholic Acid,C[C@H](CCC(=O)NCC(=O)O)[C@H]1CC[C@@H]2[C@@]1(CC[C@H]3[C@H]2CC[C@H]4[C@@]3(CC[C@H](C4)O)C)C,LCA_conj15,59V;81D;83L;92M;94V;108A;110V;117V;120L;122T;141R;159I;160L;163G;167I,1.0,strong,experimental,1.0,
pair_3045,GlycoLithocholic Acid,C[C@H](CCC(=O)NCC(=O)O)[C@H]1CC[C@@H]2[C@@]1(CC[C@H]3[C@H]2CC[C@H]4[C@@]3(CC[C@H](C4)O)C)C,LCA_conj16,59V;81D;83L;92M;94L;108A;110V;117V;120L;122T;141K;159I;160L;163G;164I;167I,1.0,strong,experimental,1.0,
pair_3046,GlycoLithocholic Acid,C[C@H](CCC(=O)NCC(=O)O)[C@H]1CC[C@@H]2[C@@]1(CC[C@H]3[C@H]2CC[C@H]4[C@@]3(CC[C@H](C4)O)C)C,GLCA_1,59V;81D;83L;92M;94V;108A;110V;117T;120L;122T;141K;159I;160M;163G;164I;167I,1.0,strong,experimental,1.0,
pair_3047,GlycoLithocholic Acid,C[C@H](CCC(=O)NCC(=O)O)[C@H]1CC[C@@H]2[C@@]1(CC[C@H]3[C@H]2CC[C@H]4[C@@]3(CC[C@H](C4)O)C)C,GLCA_2,59V;81L;83A;92A;94V;108G;120F;122W;141Q;159I;160M;163G;164I;167I,1.0,strong,experimental,1.0,
pair_3048,Imperatorin,CC(C)=CCC1=C2C=CC(=O)OC2=CC3=C1OC(=O)C=C3,3I-1,S122N_A160G_V163W_N167D,1.0,strong,experimental,1.0,
pair_3049,Imperatorin,CC(C)=CCC1=C2C=CC(=O)OC2=CC3=C1OC(=O)C=C3,3I-2,F108W_S122N_V163W_N167D,1.0,strong,experimental,1.0,
pair_3050,Imperatorin,CC(C)=CCC1=C2C=CC(=O)OC2=CC3=C1OC(=O)C=C3,3I-6,K59Q_F108W_Y120A_S122E_A160M_V163W_V164F,1.0,strong,experimental,1.0,
pair_3051,Imperatorin,CC(C)=CCC1=C2C=CC(=O)OC2=CC3=C1OC(=O)C=C3,3I-8,S122N_V163W_N167D,1.0,strong,experimental,1.0,
pair_3052,Imperatorin,CC(C)=CCC1=C2C=CC(=O)OC2=CC3=C1OC(=O)C=C3,3I-9,F108W_S122N_A160I_V163W_N167D,1.0,strong,experimental,1.0,
pair_3053,Imperatorin,CC(C)=CCC1=C2C=CC(=O)OC2=CC3=C1OC(=O)C=C3,3I-10,K59Q_V81I_Y120A_S122N_A160M_V163W_V164S,1.0,strong,experimental,1.0,
pair_3054,Imperatorin,CC(C)=CCC1=C2C=CC(=O)OC2=CC3=C1OC(=O)C=C3,3I-12,K59Q_V81I_Y120A_S122E_A160M_V163W_V164F,1.0,strong,experimental,1.0,
pair_3055,JWH-015,C1=CC=C(C=C1)C(=O)C2=C(N(C3=CC=CC=C32)CCCCCN)C,JWH-015,59N;120H;159L;160G,1.0,strong,experimental,1.0,
pair_3056,JWH-016,C1=CC=C(C=C1)C(=O)C2=C(N(C3=CC=CC=C32)CCCCCCN)C,JWH-016,120G;159L;160G,1.0,strong,experimental,1.0,
pair_3057,JWH-072,C1=CC=C(C=C1)C(=O)C2=C(N(C3=CC=CC=C32)CCCCCC)C,JWH-072,59N;120H;159L;160G,1.0,strong,experimental,1.0,
pair_3058,JWH-167,C1=CC=C2C(=C1)C(=CN2CCCCCC)C(=O)C3=CC=CC=C3,JWH-167,83F;115Q;120G;159L;160G,1.0,strong,experimental,1.0,
pair_3059,Lithocholic Acid,C[C@H](CCC(=O)O)[C@H]1CC[C@@H]2[C@@]1(CC[C@H]3[C@H]2CC[C@H]4[C@@]3(CCC[C@H]4O)C)C,59v_0379,59V;81L;83A;92A;108A;110V;120L;122W;141R;159H;160V;163L;164F;167G,1.0,strong,experimental,1.0,
pair_3060,Lithocholic Acid,C[C@H](CCC(=O)O)[C@H]1CC[C@@H]2[C@@]1(CC[C@H]3[C@H]2CC[C@H]4[C@@]3(CCC[C@H]4O)C)C,59v_0497,59V;81L;83A;92A;108H;110V;141S;159H;160V;163L;164T;167A,1.0,strong,experimental,1.0,
pair_3061,Lithocholic Acid,C[C@H](CCC(=O)O)[C@H]1CC[C@@H]2[C@@]1(CC[C@H]3[C@H]2CC[C@H]4[C@@]3(CCC[C@H]4O)C)C,seq1,59V;81D;83L;92M;94V;108A;110V;117V;120L;122T;141Q;159Y;160V;163F;167A,1.0,strong,experimental,1.0,
pair_3062,Lithocholic Acid,C[C@H](CCC(=O)O)[C@H]1CC[C@@H]2[C@@]1(CC[C@H]3[C@H]2CC[C@H]4[C@@]3(CCC[C@H]4O)C)C,seq10,59V;81D;83L;92M;94V;108A;110V;117V;120L;122T;141K;159I;160V;163G;167L,1.0,strong,experimental,1.0,
pair_3063,Lithocholic Acid,C[C@H](CCC(=O)O)[C@H]1CC[C@@H]2[C@@]1(CC[C@H]3[C@H]2CC[C@H]4[C@@]3(CCC[C@H]4O)C)C,seq11,59A;81D;83L;92M;94V;108A;110V;117V;120L;122T;141K;159I;160M;163G;164I;167I,1.0,strong,experimental,1.0,
pair_3064,Lithocholic Acid,C[C@H](CCC(=O)O)[C@H]1CC[C@@H]2[C@@]1(CC[C@H]3[C@H]2CC[C@H]4[C@@]3(CCC[C@H]4O)C)C,seq12,59A;81D;83L;92M;94V;108A;110V;117V;120L;122T;141Q;159Y;160V;163F;167A,1.0,strong,experimental,1.0,
pair_3065,Lithocholic Acid,C[C@H](CCC(=O)O)[C@H]1CC[C@@H]2[C@@]1(CC[C@H]3[C@H]2CC[C@H]4[C@@]3(CCC[C@H]4O)C)C,seq13,59L;81D;83L;92M;94V;108A;110V;117V;120L;122T;141K;159I;160V;163G;167L,1.0,strong,experimental,1.0,
pair_3066,Lithocholic Acid,C[C@H](CCC(=O)O)[C@H]1CC[C@@H]2[C@@]1(CC[C@H]3[C@H]2CC[C@H]4[C@@]3(CCC[C@H]4O)C)C,seq14_designed,59V;81D;83L;92M;94L;108A;110V;117V;120L;122T;141K;159I;160M;163G;164I;167I,1.0,strong,experimental,1.0,
pair_3067,Lithocholic Acid,C[C@H](CCC(=O)O)[C@H]1CC[C@@H]2[C@@]1(CC[C@H]3[C@H]2CC[C@H]4[C@@]3(CCC[C@H]4O)C)C,seq15,59V;81D;83L;92M;94V;108A;110V;117V;120L;122T;141K;159I;160L;163G;164Y;167I,1.0,strong,experimental,1.0,
pair_3068,Lithocholic Acid,C[C@H](CCC(=O)O)[C@H]1CC[C@@H]2[C@@]1(CC[C@H]3[C@H]2CC[C@H]4[C@@]3(CCC[C@H]4O)C)C,seq16_designed,59V;81D;83L;92M;94V;108A;110V;117V;120L;122T;141K;159I;160L;163G;167I,1.0,strong,experimental,1.0,
pair_3069,Lithocholic Acid,C[C@H](CCC(=O)O)[C@H]1CC[C@@H]2[C@@]1(CC[C@H]3[C@H]2CC[C@H]4[C@@]3(CCC[C@H]4O)C)C,seq17,59A;81D;83L;92M;94V;108V;141K;159I;160L;163G;167I,1.0,strong,experimental,1.0,
pair_3070,Lithocholic Acid,C[C@H](CCC(=O)O)[C@H]1CC[C@@H]2[C@@]1(CC[C@H]3[C@H]2CC[C@H]4[C@@]3(CCC[C@H]4O)C)C,seq18,59A;81D;83L;92M;94V;108A;110V;141K;159I;160V;163G;167L,1.0,strong,experimental,1.0,
pair_3071,Lithocholic Acid,C[C@H](CCC(=O)O)[C@H]1CC[C@@H]2[C@@]1(CC[C@H]3[C@H]2CC[C@H]4[C@@]3(CCC[C@H]4O)C)C,seq19,59V;81D;83L;92M;94L;108A;110V;117V;120L;122T;141K;159I;160L;163G;167I,1.0,strong,experimental,1.0,
pair_3072,Lithocholic Acid,C[C@H](CCC(=O)O)[C@H]1CC[C@@H]2[C@@]1(CC[C@H]3[C@H]2CC[C@H]4[C@@]3(CCC[C@H]4O)C)C,seq2,59A;81D;83L;92M;94V;108A;110V;117V;120L;122T;141K;159I;160L;163G;164Y;167I,1.0,strong,experimental,1.0,
pair_3073,Lithocholic Acid,C[C@H](CCC(=O)O)[C@H]1CC[C@@H]2[C@@]1(CC[C@H]3[C@H]2CC[C@H]4[C@@]3(CCC[C@H]4O)C)C,seq20,59L;81D;83L;92M;94V;108V;141K;159I;160L;163G;167I,1.0,strong,experimental,1.0,
pair_3074,Lithocholic Acid,C[C@H](CCC(=O)O)[C@H]1CC[C@@H]2[C@@]1(CC[C@H]3[C@H]2CC[C@H]4[C@@]3(CCC[C@H]4O)C)C,seq21,59A;81D;83L;92M;94V;108V;141K;159H;160V;163L;164T;167A,1.0,strong,experimental,1.0,
pair_3075,Lithocholic Acid,C[C@H](CCC(=O)O)[C@H]1CC[C@@H]2[C@@]1(CC[C@H]3[C@H]2CC[C@H]4[C@@]3(CCC[C@H]4O)C)C,seq22_designed,59A;81D;83L;92M;94L;108A;110V;117V;120L;122T;141K;159I;160M;163G;164I;167I,1.0,strong,experimental,1.0,
pair_3076,Lithocholic Acid,C[C@H](CCC(=O)O)[C@H]1CC[C@@H]2[C@@]1(CC[C@H]3[C@H]2CC[C@H]4[C@@]3(CCC[C@H]4O)C)C,seq23,59V;81D;83L;92M;94V;108H;141K;159I;160L;163G;167I,1.0,strong,experimental,1.0,
pair_3077,Lithocholic Acid,C[C@H](CCC(=O)O)[C@H]1CC[C@@H]2[C@@]1(CC[C@H]3[C@H]2CC[C@H]4[C@@]3(CCC[C@H]4O)C)C,seq24,59V;81D;83L;92M;94L;108A;110V;117V;120L;122T;141K;159I;160V;163G;167L,1.0,strong,experimental,1.0,
pair_3078,Lithocholic Acid,C[C@H](CCC(=O)O)[C@H]1CC[C@@H]2[C@@]1(CC[C@H]3[C@H]2CC[C@H]4[C@@]3(CCC[C@H]4O)C)C,seq25,59V;81D;83L;92M;94V;108A;110V;117V;120L;122T;141K;159H;160M;163I;164F;167A,1.0,strong,experimental,1.0,
pair_3079,Lithocholic Acid,C[C@H](CCC(=O)O)[C@H]1CC[C@@H]2[C@@]1(CC[C@H]3[C@H]2CC[C@H]4[C@@]3(CCC[C@H]4O)C)C,seq26,59V;81D;83L;92M;94V;108V;141K;159I;160M;163G;164I;167I,1.0,strong,experimental,1.0,
pair_3080,Lithocholic Acid,C[C@H](CCC(=O)O)[C@H]1CC[C@@H]2[C@@]1(CC[C@H]3[C@H]2CC[C@H]4[C@@]3(CCC[C@H]4O)C)C,seq27,59V;81D;83L;92M;94V;108A;110V;117V;120L;122T;141K;160V;163F;167A,1.0,strong,experimental,1.0,
pair_3081,Lithocholic Acid,C[C@H](CCC(=O)O)[C@H]1CC[C@@H]2[C@@]1(CC[C@H]3[C@H]2CC[C@H]4[C@@]3(CCC[C@H]4O)C)C,seq28,59A;81D;83L;92M;94V;108V;141Q;159Y;160V;163F;164I;167V,1.0,strong,experimental,1.0,
pair_3082,Lithocholic Acid,C[C@H](CCC(=O)O)[C@H]1CC[C@@H]2[C@@]1(CC[C@H]3[C@H]2CC[C@H]4[C@@]3(CCC[C@H]4O)C)C,seq29,59A;81D;83L;92M;94V;108A;110V;117V;120L;122T;141K;159H;160V;163L;164F;167G,1.0,strong,experimental,1.0,
pair_3083,Lithocholic Acid,C[C@H](CCC(=O)O)[C@H]1CC[C@@H]2[C@@]1(CC[C@H]3[C@H]2CC[C@H]4[C@@]3(CCC[C@H]4O)C)C,seq3,59V;81D;83L;92M;94L;108V;141K;159I;160V;163G;167L,1.0,strong,experimental,1.0,
pair_3084,Lithocholic Acid,C[C@H](CCC(=O)O)[C@H]1CC[C@@H]2[C@@]1(CC[C@H]3[C@H]2CC[C@H]4[C@@]3(CCC[C@H]4O)C)C,seq30,59A;81D;83L;92M;94V;108A;110V;117V;120L;122W;141R;159H;160M;163I;164F;167A,1.0,strong,experimental,1.0,
pair_3085,Lithocholic Acid,C[C@H](CCC(=O)O)[C@H]1CC[C@@H]2[C@@]1(CC[C@H]3[C@H]2CC[C@H]4[C@@]3(CCC[C@H]4O)C)C,seq31_designed,59A;81D;83L;92M;94V;108A;110V;117V;120L;122T;141K;159I;160L;163G;167I,1.0,strong,experimental,1.0,
pair_3086,Lithocholic Acid,C[C@H](CCC(=O)O)[C@H]1CC[C@@H]2[C@@]1(CC[C@H]3[C@H]2CC[C@H]4[C@@]3(CCC[C@H]4O)C)C,seq33,59A;81D;83L;92M;94V;108A;110V;117V;120L;122T;141K;159I;160V;163G;167L,1.0,strong,experimental,1.0,
pair_3087,Lithocholic Acid,C[C@H](CCC(=O)O)[C@H]1CC[C@@H]2[C@@]1(CC[C@H]3[C@H]2CC[C@H]4[C@@]3(CCC[C@H]4O)C)C,seq34,59V;81D;83L;92M;94V;108H;141K;159I;160V;163G;167L,1.0,strong,experimental,1.0,
pair_3088,Lithocholic Acid,C[C@H](CCC(=O)O)[C@H]1CC[C@@H]2[C@@]1(CC[C@H]3[C@H]2CC[C@H]4[C@@]3(CCC[C@H]4O)C)C,seq35,59V;81D;83L;92M;94V;108V;117V;120L;122T;141K;159I;160L;163G;167I,1.0,strong,experimental,1.0,
pair_3089,Lithocholic Acid,C[C@H](CCC(=O)O)[C@H]1CC[C@@H]2[C@@]1(CC[C@H]3[C@H]2CC[C@H]4[C@@]3(CCC[C@H]4O)C)C,seq36,59V;81L;83A;92A;94V;108G;120F;122W;141Q;159H;160V;163L;164I;167A,1.0,strong,experimental,1.0,
pair_3090,Lithocholic Acid,C[C@H](CCC(=O)O)[C@H]1CC[C@@H]2[C@@]1(CC[C@H]3[C@H]2CC[C@H]4[C@@]3(CCC[C@H]4O)C)C,seq37,59V;81L;83A;92A;94V;108A;110L;120F;122W;141R;159H;160V;163I;164Y;167A,1.0,strong,experimental,1.0,
pair_3091,Lithocholic Acid,C[C@H](CCC(=O)O)[C@H]1CC[C@@H]2[C@@]1(CC[C@H]3[C@H]2CC[C@H]4[C@@]3(CCC[C@H]4O)C)C,seq38,59V;81D;83L;92M;94V;108A;110V;117V;120L;122T;141K;159I;160M;163G;164I;167I,1.0,strong,experimental,1.0,
pair_3092,Lithocholic Acid,C[C@H](CCC(=O)O)[C@H]1CC[C@@H]2[C@@]1(CC[C@H]3[C@H]2CC[C@H]4[C@@]3(CCC[C@H]4O)C)C,seq39,59V;81D;83L;92M;94V;108A;110V;141K;159I;160V;163G;167L,1.0,strong,experimental,1.0,
pair_3093,Lithocholic Acid,C[C@H](CCC(=O)O)[C@H]1CC[C@@H]2[C@@]1(CC[C@H]3[C@H]2CC[C@H]4[C@@]3(CCC[C@H]4O)C)C,seq4,59V;81L;83A;92A;108A;110V;117V;120L;122T;141K;159I;160L;163G;167I,1.0,strong,experimental,1.0,
pair_3094,Lithocholic Acid,C[C@H](CCC(=O)O)[C@H]1CC[C@@H]2[C@@]1(CC[C@H]3[C@H]2CC[C@H]4[C@@]3(CCC[C@H]4O)C)C,seq40,59A;81L;92A;94V;108G;110V;120F;122W;141M;159Y;160V;163F;167V,1.0,strong,experimental,1.0,
pair_3095,Lithocholic Acid,C[C@H](CCC(=O)O)[C@H]1CC[C@@H]2[C@@]1(CC[C@H]3[C@H]2CC[C@H]4[C@@]3(CCC[C@H]4O)C)C,seq41,59V;81I;83A;92A;94Q;108W;110V;141S;159H;160V;163L;164T;167A,1.0,strong,experimental,1.0,
pair_3096,Lithocholic Acid,C[C@H](CCC(=O)O)[C@H]1CC[C@@H]2[C@@]1(CC[C@H]3[C@H]2CC[C@H]4[C@@]3(CCC[C@H]4O)C)C,seq42,59L;81L;92A;94V;108G;110V;120L;122W;141Q;159Y;160V;163F;164I;167V,1.0,strong,experimental,1.0,
pair_3097,Lithocholic Acid,C[C@H](CCC(=O)O)[C@H]1CC[C@@H]2[C@@]1(CC[C@H]3[C@H]2CC[C@H]4[C@@]3(CCC[C@H]4O)C)C,seq43,59L;81L;92A;94V;108G;110V;120L;122W;141K;159I;160V;163G;167L,1.0,strong,experimental,1.0,
pair_3098,Lithocholic Acid,C[C@H](CCC(=O)O)[C@H]1CC[C@@H]2[C@@]1(CC[C@H]3[C@H]2CC[C@H]4[C@@]3(CCC[C@H]4O)C)C,seq44,59A;81L;83L;92M;94V;108V;141K;159I;160V;163G;167L,1.0,strong,experimental,1.0,
pair_3099,Lithocholic Acid,C[C@H](CCC(=O)O)[C@H]1CC[C@@H]2[C@@]1(CC[C@H]3[C@H]2CC[C@H]4[C@@]3(CCC[C@H]4O)C)C,seq45,59V;81D;83L;92M;94V;108A;110V;120L;122W;141R;159H;160V;163L;164F;167G,1.0,strong,experimental,1.0,
pair_3100,Lithocholic Acid,C[C@H](CCC(=O)O)[C@H]1CC[C@@H]2[C@@]1(CC[C@H]3[C@H]2CC[C@H]4[C@@]3(CCC[C@H]4O)C)C,seq46,59V;81L;83A;92A;108H;110V;141K;159I;160L;163G;167I,1.0,strong,experimental,1.0,
pair_3101,Lithocholic Acid,C[C@H](CCC(=O)O)[C@H]1CC[C@@H]2[C@@]1(CC[C@H]3[C@H]2CC[C@H]4[C@@]3(CCC[C@H]4O)C)C,seq47,59V;81D;83L;92M;94V;108V;141K;159I;160L;163G;167I,1.0,strong,experimental,1.0,
pair_3102,Lithocholic Acid,C[C@H](CCC(=O)O)[C@H]1CC[C@@H]2[C@@]1(CC[C@H]3[C@H]2CC[C@H]4[C@@]3(CCC[C@H]4O)C)C,seq48,59V;81L;83F;92A;94V;117V;122Q;141Q;159H;160V;163L;164I;167A,1.0,strong,experimental,1.0,
pair_3103,Lithocholic Acid,C[C@H](CCC(=O)O)[C@H]1CC[C@@H]2[C@@]1(CC[C@H]3[C@H]2CC[C@H]4[C@@]3(CCC[C@H]4O)C)C,seq49,59V;81D;83L;92M;94V;108A;110V;117V;120L;122T;141K;159I;160L;163G;167L,1.0,strong,experimental,1.0,
pair_3104,Lithocholic Acid,C[C@H](CCC(=O)O)[C@H]1CC[C@@H]2[C@@]1(CC[C@H]3[C@H]2CC[C@H]4[C@@]3(CCC[C@H]4O)C)C,seq5,59V;81D;83L;92M;94V;108A;110V;117T;120L;122T;141K;159I;160L;163G;167I,1.0,strong,experimental,1.0,
pair_3105,Lithocholic Acid,C[C@H](CCC(=O)O)[C@H]1CC[C@@H]2[C@@]1(CC[C@H]3[C@H]2CC[C@H]4[C@@]3(CCC[C@H]4O)C)C,seq50,59A;81D;83L;92M;94V;108V;141S;159H;160V;163L;164T;167A,1.0,strong,experimental,1.0,
pair_3106,Lithocholic Acid,C[C@H](CCC(=O)O)[C@H]1CC[C@@H]2[C@@]1(CC[C@H]3[C@H]2CC[C@H]4[C@@]3(CCC[C@H]4O)C)C,seq51,59A;81D;83L;92M;94V;108V;141K;159H;160V;163L;164F;167G,1.0,strong,experimental,1.0,
pair_3107,Lithocholic Acid,C[C@H](CCC(=O)O)[C@H]1CC[C@@H]2[C@@]1(CC[C@H]3[C@H]2CC[C@H]4[C@@]3(CCC[C@H]4O)C)C,seq6,59V;81L;83F;92A;94V;108D;110V;120F;141Q;160V;163F;167Q,1.0,strong,experimental,1.0,
pair_3108,Lithocholic Acid,C[C@H](CCC(=O)O)[C@H]1CC[C@@H]2[C@@]1(CC[C@H]3[C@H]2CC[C@H]4[C@@]3(CCC[C@H]4O)C)C,seq7,59A;81D;83L;92M;94V;108H;141K;159I;160L;163G;167I,1.0,strong,experimental,1.0,
pair_3109,Lithocholic Acid,C[C@H](CCC(=O)O)[C@H]1CC[C@@H]2[C@@]1(CC[C@H]3[C@H]2CC[C@H]4[C@@]3(CCC[C@H]4O)C)C,seq8,59L;81L;92A;94V;108G;110V;120L;122W;141Q;159Y;160V;163F;167A,1.0,strong,experimental,1.0,
pair_3110,Lithocholic Acid,C[C@H](CCC(=O)O)[C@H]1CC[C@@H]2[C@@]1(CC[C@H]3[C@H]2CC[C@H]4[C@@]3(CCC[C@H]4O)C)C,seq9,59A;81D;83L;92M;94L;108A;110V;117V;120L;122T;141K;159I;160V;163G;167L,1.0,strong,experimental,1.0,
pair_3111,Lithocholic Acid 3 -S,C[C@H](CCC(=O)O)[C@H]1CC[C@@H]2[C@@]1(CC[C@H]3[C@H]2CCC4[C@@]3(CC[C@H](C4)OS(=O)(=O)O)C)C,LCA_conj1,59V;81D;83L;92M;94V;108A;110V;117V;120L;122T;141K;159I;160L;163G;167I,1.0,strong,experimental,1.0,
pair_3112,Lithocholic Acid 3 -S,C[C@H](CCC(=O)O)[C@H]1CC[C@@H]2[C@@]1(CC[C@H]3[C@H]2CCC4[C@@]3(CC[C@H](C4)OS(=O)(=O)O)C)C,LCA_conj2,59V;81D;83L;92M;94L;108A;110V;117V;120L;122T;141K;159I;160M;163G;164I;167I,1.0,strong,experimental,1.0,
pair_3113,Lithocholic Acid 3 -S,C[C@H](CCC(=O)O)[C@H]1CC[C@@H]2[C@@]1(CC[C@H]3[C@H]2CCC4[C@@]3(CC[C@H](C4)OS(=O)(=O)O)C)C,LCA_conj3,59V;81D;83L;92M;94L;108A;110V;117V;120L;122T;141K;159I;160L;163G;167I,1.0,strong,experimental,1.0,
pair_3114,Lithocholic Acid 3 -S,C[C@H](CCC(=O)O)[C@H]1CC[C@@H]2[C@@]1(CC[C@H]3[C@H]2CCC4[C@@]3(CC[C@H](C4)OS(=O)(=O)O)C)C,LCA_conj4,59V;81D;83L;92M;94V;108A;110V;117V;120L;122T;141K;159I;160M;163G;164I;167I,1.0,strong,experimental,1.0,
pair_3115,Lithocholic Acid 3 -S,C[C@H](CCC(=O)O)[C@H]1CC[C@@H]2[C@@]1(CC[C@H]3[C@H]2CCC4[C@@]3(CC[C@H](C4)OS(=O)(=O)O)C)C,LCA_conj5,59V;81D;83L;92M;94L;108A;110V;117V;120L;122T;141K;159I;160M;163G;167I,1.0,strong,experimental,1.0,
pair_3116,Lithocholic Acid 3 -S,C[C@H](CCC(=O)O)[C@H]1CC[C@@H]2[C@@]1(CC[C@H]3[C@H]2CCC4[C@@]3(CC[C@H](C4)OS(=O)(=O)O)C)C,LCA_conj6,59V;81D;83L;92M;94V;108A;110V;117T;120L;122T;141K;159I;160L;163G;167I,1.0,strong,experimental,1.0,
pair_3117,Lithocholic Acid 3 -S,C[C@H](CCC(=O)O)[C@H]1CC[C@@H]2[C@@]1(CC[C@H]3[C@H]2CCC4[C@@]3(CC[C@H](C4)OS(=O)(=O)O)C)C,LCA_conj7,59V;81D;83L;92M;94V;108A;110V;117V;120L;122T;141K;159I;160L;163G;164I;167I,1.0,strong,experimental,1.0,
pair_3118,Lithocholic Acid 3 -S,C[C@H](CCC(=O)O)[C@H]1CC[C@@H]2[C@@]1(CC[C@H]3[C@H]2CCC4[C@@]3(CC[C@H](C4)OS(=O)(=O)O)C)C,LCA_conj8,59V;81D;83L;92M;94V;108A;110V;117V;120L;122T;141K;159I;160M;163G;167I,1.0,strong,experimental,1.0,
pair_3119,Lithocholic Acid 3 -S,C[C@H](CCC(=O)O)[C@H]1CC[C@@H]2[C@@]1(CC[C@H]3[C@H]2CCC4[C@@]3(CC[C@H](C4)OS(=O)(=O)O)C)C,LCA_conj9,59R;81D;83L;92M;94V;108A;110V;117V;120L;122T;141K;159I;160L;163G;167I,1.0,strong,experimental,1.0,
pair_3120,Lithocholic Acid 3 -S,C[C@H](CCC(=O)O)[C@H]1CC[C@@H]2[C@@]1(CC[C@H]3[C@H]2CCC4[C@@]3(CC[C@H](C4)OS(=O)(=O)O)C)C,LCA_conj10,59V;81D;83L;92M;94L;108A;110V;117V;120L;122T;141K;159H;160V;163L;164I;167A,1.0,strong,experimental,1.0,
pair_3121,Lithocholic Acid 3 -S,C[C@H](CCC(=O)O)[C@H]1CC[C@@H]2[C@@]1(CC[C@H]3[C@H]2CCC4[C@@]3(CC[C@H](C4)OS(=O)(=O)O)C)C,LCA_conj11,59R;81L;83A;92A;108A;110V;117V;120L;122T;141K;159I;160L;163G;167I,1.0,strong,experimental,1.0,
pair_3122,Lithocholic Acid 3 -S,C[C@H](CCC(=O)O)[C@H]1CC[C@@H]2[C@@]1(CC[C@H]3[C@H]2CCC4[C@@]3(CC[C@H](C4)OS(=O)(=O)O)C)C,LCA_conj12,59R;81L;83A;92A;108A;110V;120L;122W;141R;159I;160L;163G;167I,1.0,strong,experimental,1.0,
pair_3123,Lithocholic Acid 3 -S,C[C@H](CCC(=O)O)[C@H]1CC[C@@H]2[C@@]1(CC[C@H]3[C@H]2CCC4[C@@]3(CC[C@H](C4)OS(=O)(=O)O)C)C,LCA_conj13,59V;81D;83L;92M;94L;108A;110V;117V;120L;122T;141R;159I;160L;163G;167I,1.0,strong,experimental,1.0,
pair_3124,Lithocholic Acid 3 -S,C[C@H](CCC(=O)O)[C@H]1CC[C@@H]2[C@@]1(CC[C@H]3[C@H]2CCC4[C@@]3(CC[C@H](C4)OS(=O)(=O)O)C)C,LCA_conj14,59R;81D;83L;92M;94L;108A;110V;117V;120L;122T;141K;159I;160M;163G;164I;167I,1.0,strong,experimental,1.0,
pair_3125,Lithocholic Acid 3 -S,C[C@H](CCC(=O)O)[C@H]1CC[C@@H]2[C@@]1(CC[C@H]3[C@H]2CCC4[C@@]3(CC[C@H](C4)OS(=O)(=O)O)C)C,LCA_conj15,59V;81D;83L;92M;94V;108A;110V;117V;120L;122T;141R;159I;160L;163G;167I,1.0,strong,experimental,1.0,
pair_3126,Lithocholic Acid 3 -S,C[C@H](CCC(=O)O)[C@H]1CC[C@@H]2[C@@]1(CC[C@H]3[C@H]2CCC4[C@@]3(CC[C@H](C4)OS(=O)(=O)O)C)C,LCA_conj16,59V;81D;83L;92M;94L;108A;110V;117V;120L;122T;141K;159I;160L;163G;164I;167I,1.0,strong,experimental,1.0,
pair_3127,Lithocholic Acid 3 -S,C[C@H](CCC(=O)O)[C@H]1CC[C@@H]2[C@@]1(CC[C@H]3[C@H]2CCC4[C@@]3(CC[C@H](C4)OS(=O)(=O)O)C)C,LCA_3_S_1,59A;81D;83L;92M;94V;108A;110V;117V;120L;122T;141K;159I;160L;163G;167I,1.0,strong,experimental,1.0,
pair_3128,Lithocholic Acid 3 -S,C[C@H](CCC(=O)O)[C@H]1CC[C@@H]2[C@@]1(CC[C@H]3[C@H]2CCC4[C@@]3(CC[C@H](C4)OS(=O)(=O)O)C)C,LCA_3_S_2,59V;81L;83A;92A;94V;108A;110V;117V;120L;122W;141R;159H;160M;163I;164F;167A,1.0,strong,experimental,1.0,
pair_3129,Lithocholic Acid 3 -S,C[C@H](CCC(=O)O)[C@H]1CC[C@@H]2[C@@]1(CC[C@H]3[C@H]2CCC4[C@@]3(CC[C@H](C4)OS(=O)(=O)O)C)C,LCA_3_S_3,59A;81D;83L;92M;94V;108A;110V;117V;120L;122T;141K;159I;160M;163G;164I;167I,1.0,strong,experimental,1.0,
pair_3130,Lithocholic Acid 3 -S,C[C@H](CCC(=O)O)[C@H]1CC[C@@H]2[C@@]1(CC[C@H]3[C@H]2CCC4[C@@]3(CC[C@H](C4)OS(=O)(=O)O)C)C,LCA_3_S_4,59V;81L;83A;92A;94V;108A;110V;117V;120L;122W;141K;159I;160L;163G;167I,1.0,strong,experimental,1.0,
pair_3131,Lithocholic Acid 3 -S,C[C@H](CCC(=O)O)[C@H]1CC[C@@H]2[C@@]1(CC[C@H]3[C@H]2CCC4[C@@]3(CC[C@H](C4)OS(=O)(=O)O)C)C,LCA_3_S_5,59V;81L;83A;92A;94V;108A;110V;117V;120L;122T;141K;159I;160L;163G;167I,1.0,strong,experimental,1.0,
pair_3132,Lithocholic Acid 3 -S,C[C@H](CCC(=O)O)[C@H]1CC[C@@H]2[C@@]1(CC[C@H]3[C@H]2CCC4[C@@]3(CC[C@H](C4)OS(=O)(=O)O)C)C,LCA_3_S_6,59A;81D;83L;92M;94L;108A;110V;117V;120L;122T;141K;159I;160M;163G;164I;167I,1.0,strong,experimental,1.0,
pair_3133,Lithocholic Acid 3 -S,C[C@H](CCC(=O)O)[C@H]1CC[C@@H]2[C@@]1(CC[C@H]3[C@H]2CCC4[C@@]3(CC[C@H](C4)OS(=O)(=O)O)C)C,LCA_3_S_7,59A;81D;83L;92M;94L;108A;110V;117V;120L;122T;141K;159I;160L;163G;167I,1.0,strong,experimental,1.0,
pair_3134,Lithocholic Acid 3 -S,C[C@H](CCC(=O)O)[C@H]1CC[C@@H]2[C@@]1(CC[C@H]3[C@H]2CCC4[C@@]3(CC[C@H](C4)OS(=O)(=O)O)C)C,LCA_3_S_8,59V;81L;83A;92A;94V;108A;110V;117V;120L;122W;141R;159I;160L;163G;167I,1.0,strong,experimental,1.0,
pair_3135,Lithocholic Acid 3 -S,C[C@H](CCC(=O)O)[C@H]1CC[C@@H]2[C@@]1(CC[C@H]3[C@H]2CCC4[C@@]3(CC[C@H](C4)OS(=O)(=O)O)C)C,LCA_3_S_9,59A;81D;83L;92M;94V;108A;110V;117V;120L;122T;141R;159H;160M;163I;164F;167A,1.0,strong,experimental,1.0,
pair_3136,Lithocholic Acid 3 -S,C[C@H](CCC(=O)O)[C@H]1CC[C@@H]2[C@@]1(CC[C@H]3[C@H]2CCC4[C@@]3(CC[C@H](C4)OS(=O)(=O)O)C)C,LCA_3_S_10,59V;81L;83A;92A;94V;108A;110V;117V;120L;122W;141K;159I;160M;163G;164I;167I,1.0,strong,experimental,1.0,
pair_3137,Lithocholic Acid 3 -S,C[C@H](CCC(=O)O)[C@H]1CC[C@@H]2[C@@]1(CC[C@H]3[C@H]2CCC4[C@@]3(CC[C@H](C4)OS(=O)(=O)O)C)C,LCA_3_S_11,59A;81D;83L;92M;94V;108A;110V;117V;120L;122W;141R;159H;160M;163I;164F;167A,1.0,strong,experimental,1.0,
pair_3138,Lithocholic Acid 3 -S,C[C@H](CCC(=O)O)[C@H]1CC[C@@H]2[C@@]1(CC[C@H]3[C@H]2CCC4[C@@]3(CC[C@H](C4)OS(=O)(=O)O)C)C,LCA_3_S_12,59A;81D;83L;92M;94V;108A;110V;117V;120L;122T;141K;159H;160M;163I;164F;167A,1.0,strong,experimental,1.0,
pair_3139,Lithocholic Acid 3 -S,C[C@H](CCC(=O)O)[C@H]1CC[C@@H]2[C@@]1(CC[C@H]3[C@H]2CCC4[C@@]3(CC[C@H](C4)OS(=O)(=O)O)C)C,LCA_3_S_13,59V;81D;83L;92M;94L;108A;110V;117V;120L;122T;141R;159H;160M;163I;164F;167A,1.0,strong,experimental,1.0,
pair_3140,Lithocholic Acid 3 -S,C[C@H](CCC(=O)O)[C@H]1CC[C@@H]2[C@@]1(CC[C@H]3[C@H]2CCC4[C@@]3(CC[C@H](C4)OS(=O)(=O)O)C)C,LCA_3_S_14,59V;81D;83L;92M;94V;108A;110V;117V;120L;122W;141R;159H;160M;163I;164F;167A,1.0,strong,experimental,1.0,
pair_3141,Lithocholic Acid 3 -S,C[C@H](CCC(=O)O)[C@H]1CC[C@@H]2[C@@]1(CC[C@H]3[C@H]2CCC4[C@@]3(CC[C@H](C4)OS(=O)(=O)O)C)C,LCA_3_S_15,59V;81D;83L;92M;94L;108A;110V;117V;120L;122T;141K;159H;160M;163I;164F;167A,1.0,strong,experimental,1.0,
pair_3142,Lithocholic Acid 3 -S,C[C@H](CCC(=O)O)[C@H]1CC[C@@H]2[C@@]1(CC[C@H]3[C@H]2CCC4[C@@]3(CC[C@H](C4)OS(=O)(=O)O)C)C,LCA_3_S_16,59V;81L;83A;92A;94V;108A;110V;117V;120L;122T;141K;159I;160M;163G;164I;167I,1.0,strong,experimental,1.0,
pair_3143,Lithocholic Acid 3 -S,C[C@H](CCC(=O)O)[C@H]1CC[C@@H]2[C@@]1(CC[C@H]3[C@H]2CCC4[C@@]3(CC[C@H](C4)OS(=O)(=O)O)C)C,LCA_3_S_17,59V;81D;83L;92M;94V;108A;110V;117V;120L;122T;141R;159H;160M;163I;164F;167A,1.0,strong,experimental,1.0,
pair_3144,Lithocholic Acid 3 -S,C[C@H](CCC(=O)O)[C@H]1CC[C@@H]2[C@@]1(CC[C@H]3[C@H]2CCC4[C@@]3(CC[C@H](C4)OS(=O)(=O)O)C)C,LCA_3_S_18,59V;81D;83L;92M;94V;108A;110V;117V;120L;122T;141K;159H;160M;163I;164F;167A,1.0,strong,experimental,1.0,
pair_3145,Lithocholic Acid 3 -S,C[C@H](CCC(=O)O)[C@H]1CC[C@@H]2[C@@]1(CC[C@H]3[C@H]2CCC4[C@@]3(CC[C@H](C4)OS(=O)(=O)O)C)C,LCA_3_S_19,59A;81L;83A;92A;94V;108A;110V;117V;120L;122W;141R;159H;160M;163I;164F;167A,1.0,strong,experimental,1.0,
pair_3146,Lithocholic Acid 3 -S,C[C@H](CCC(=O)O)[C@H]1CC[C@@H]2[C@@]1(CC[C@H]3[C@H]2CCC4[C@@]3(CC[C@H](C4)OS(=O)(=O)O)C)C,LCA_3_S_20,59V;81L;83A;92A;94V;108A;110V;117V;120L;122W;141R;159I;160M;163G;164I;167I,1.0,strong,experimental,1.0,
pair_3147,Lithocholic Acid 3 -S,C[C@H](CCC(=O)O)[C@H]1CC[C@@H]2[C@@]1(CC[C@H]3[C@H]2CCC4[C@@]3(CC[C@H](C4)OS(=O)(=O)O)C)C,LCA_3_S_21,59V;81D;83L;92M;94L;108A;110V;117V;120L;122W;141R;159H;160M;163I;164F;167A,1.0,strong,experimental,1.0,
pair_3148,Lithocholic Acid 3 -S,C[C@H](CCC(=O)O)[C@H]1CC[C@@H]2[C@@]1(CC[C@H]3[C@H]2CCC4[C@@]3(CC[C@H](C4)OS(=O)(=O)O)C)C,LCA_3_S_22,59V;81L;83A;92M;94V;108A;110V;117V;120L;122T;141K;159I;160L;163G;167I,1.0,strong,experimental,1.0,
pair_3149,Lithocholic Acid 3 -S,C[C@H](CCC(=O)O)[C@H]1CC[C@@H]2[C@@]1(CC[C@H]3[C@H]2CCC4[C@@]3(CC[C@H](C4)OS(=O)(=O)O)C)C,LCA_3_S_23,59V;81D;83L;92A;94V;108A;110V;117V;120L;122W;141R;159H;160M;163I;164F;167A,1.0,strong,experimental,1.0,
pair_3150,Lithocholic Acid 3 -S,C[C@H](CCC(=O)O)[C@H]1CC[C@@H]2[C@@]1(CC[C@H]3[C@H]2CCC4[C@@]3(CC[C@H](C4)OS(=O)(=O)O)C)C,LCA_3_S_24,59A;81D;83L;92M;94V;108A;110V;117V;120L;122T;141K;159I;160M;163G;167I,1.0,strong,experimental,1.0,
pair_3151,Lithocholic Acid 3 -S,C[C@H](CCC(=O)O)[C@H]1CC[C@@H]2[C@@]1(CC[C@H]3[C@H]2CCC4[C@@]3(CC[C@H](C4)OS(=O)(=O)O)C)C,LCA_3_S_25,59A;81D;83L;92M;94V;108A;110V;117V;120L;122T;141K;159I;160L;163G;164I;167I,1.0,strong,experimental,1.0,
pair_3152,Lithocholic Acid 3 -S,C[C@H](CCC(=O)O)[C@H]1CC[C@@H]2[C@@]1(CC[C@H]3[C@H]2CCC4[C@@]3(CC[C@H](C4)OS(=O)(=O)O)C)C,LCA_3_S_26,59A;81D;83L;92M;94V;108A;110V;117V;120L;122W;141K;159I;160L;163G;167I,1.0,strong,experimental,1.0,
pair_3153,Lithocholic Acid 3 -S,C[C@H](CCC(=O)O)[C@H]1CC[C@@H]2[C@@]1(CC[C@H]3[C@H]2CCC4[C@@]3(CC[C@H](C4)OS(=O)(=O)O)C)C,LCA_3_S_27,59V;81L;83A;92A;94V;108A;110V;117V;120L;122T;141R;159H;160M;163I;164F;167A,1.0,strong,experimental,1.0,
pair_3154,Lithocholic Acid 3 -S,C[C@H](CCC(=O)O)[C@H]1CC[C@@H]2[C@@]1(CC[C@H]3[C@H]2CCC4[C@@]3(CC[C@H](C4)OS(=O)(=O)O)C)C,LCA_3_S_28,59A;81D;83L;92A;94V;108A;110V;117V;120L;122W;141R;159H;160M;163I;164F;167A,1.0,strong,experimental,1.0,
pair_3155,Lithocholic Acid 3 -S,C[C@H](CCC(=O)O)[C@H]1CC[C@@H]2[C@@]1(CC[C@H]3[C@H]2CCC4[C@@]3(CC[C@H](C4)OS(=O)(=O)O)C)C,LCA_3_S_29,59V;81L;83A;92A;94V;108A;110V;117V;120L;122W;141R;159H;160M;163G;164I;167I,1.0,strong,experimental,1.0,
pair_3156,Lithocholic Acid 3 -S,C[C@H](CCC(=O)O)[C@H]1CC[C@@H]2[C@@]1(CC[C@H]3[C@H]2CCC4[C@@]3(CC[C@H](C4)OS(=O)(=O)O)C)C,LCA_3_S_30,59V;81L;83A;92A;94V;108A;110V;117V;120L;122W;141R;159H;160M;163G;167I,1.0,strong,experimental,1.0,
pair_3157,Lithocholic Acid 3 -S,C[C@H](CCC(=O)O)[C@H]1CC[C@@H]2[C@@]1(CC[C@H]3[C@H]2CCC4[C@@]3(CC[C@H](C4)OS(=O)(=O)O)C)C,LCA_3_S_31,59V;81L;83A;92A;94V;108A;110V;117V;120L;122T;141K;159H;160M;163I;164F;167A,1.0,strong,experimental,1.0,
pair_3158,Lithocholic Acid 3 -S,C[C@H](CCC(=O)O)[C@H]1CC[C@@H]2[C@@]1(CC[C@H]3[C@H]2CCC4[C@@]3(CC[C@H](C4)OS(=O)(=O)O)C)C,LCA_3_S_32,59V;81L;83A;92A;94V;108A;110V;117V;120L;122W;141K;159H;160M;163I;164F;167A,1.0,strong,experimental,1.0,
pair_3159,Lithocholic Acid 3 -S,C[C@H](CCC(=O)O)[C@H]1CC[C@@H]2[C@@]1(CC[C@H]3[C@H]2CCC4[C@@]3(CC[C@H](C4)OS(=O)(=O)O)C)C,LCA_3_S_33,59A;81D;83L;92M;94L;108A;110V;117V;120L;122T;141R;159H;160M;163I;164F;167A,1.0,strong,experimental,1.0,
pair_3160,Lithocholic Acid 3 -S,C[C@H](CCC(=O)O)[C@H]1CC[C@@H]2[C@@]1(CC[C@H]3[C@H]2CCC4[C@@]3(CC[C@H](C4)OS(=O)(=O)O)C)C,LCA_3_S_34,59A;81D;83L;92M;94V;108A;110V;117V;120L;122T;141R;159H;160V;163L;164F;167G,1.0,strong,experimental,1.0,
pair_3161,Lithocholic Acid 3 -S,C[C@H](CCC(=O)O)[C@H]1CC[C@@H]2[C@@]1(CC[C@H]3[C@H]2CCC4[C@@]3(CC[C@H](C4)OS(=O)(=O)O)C)C,LCA_3_S_35,59A;81D;83L;92M;94V;108A;110V;117V;120L;122T;141K;159H;160V;163L;164F;167G,1.0,strong,experimental,1.0,
pair_3162,Lithocholic Acid 3 -S,C[C@H](CCC(=O)O)[C@H]1CC[C@@H]2[C@@]1(CC[C@H]3[C@H]2CCC4[C@@]3(CC[C@H](C4)OS(=O)(=O)O)C)C,LCA_3_S_36,59A;81D;83L;92M;94L;108A;110V;117V;120L;122T;141K;159I;160V;163G;164I;167M,1.0,strong,experimental,1.0,
pair_3163,Lithocholic Acid 3 -S,C[C@H](CCC(=O)O)[C@H]1CC[C@@H]2[C@@]1(CC[C@H]3[C@H]2CCC4[C@@]3(CC[C@H](C4)OS(=O)(=O)O)C)C,LCA_3_S_37,59V;81D;83L;92M;94V;108A;110V;117V;120L;122W;141K;159I;160L;163G;167I,1.0,strong,experimental,1.0,
pair_3164,Lithocholic Acid 3 -S,C[C@H](CCC(=O)O)[C@H]1CC[C@@H]2[C@@]1(CC[C@H]3[C@H]2CCC4[C@@]3(CC[C@H](C4)OS(=O)(=O)O)C)C,LCA_3_S_38,59A;81D;83L;92M;94V;108A;110V;117V;120L;122W;141R;159I;160L;163G;167I,1.0,strong,experimental,1.0,
pair_3165,Lithocholic Acid 3 -S,C[C@H](CCC(=O)O)[C@H]1CC[C@@H]2[C@@]1(CC[C@H]3[C@H]2CCC4[C@@]3(CC[C@H](C4)OS(=O)(=O)O)C)C,LCA_3_S_39,59V;81D;83L;92M;94V;108A;110V;117V;120L;122W;141R;159I;160L;163G;167I,1.0,strong,experimental,1.0,
pair_3166,Lithocholic Acid 3 -S,C[C@H](CCC(=O)O)[C@H]1CC[C@@H]2[C@@]1(CC[C@H]3[C@H]2CCC4[C@@]3(CC[C@H](C4)OS(=O)(=O)O)C)C,LCA_3_S_40,59A;81D;83L;92M;94V;108A;110V;117V;120L;122T;141R;159I;160L;163G;167I,1.0,strong,experimental,1.0,
pair_3167,Lithocholic Acid 3 -S,C[C@H](CCC(=O)O)[C@H]1CC[C@@H]2[C@@]1(CC[C@H]3[C@H]2CCC4[C@@]3(CC[C@H](C4)OS(=O)(=O)O)C)C,LCA_3_S_41,59A;81L;83A;92A;94V;108A;110V;117V;120L;122W;141K;159I;160L;163G;167I,1.0,strong,experimental,1.0,
pair_3168,Lithocholic Acid 3 -S,C[C@H](CCC(=O)O)[C@H]1CC[C@@H]2[C@@]1(CC[C@H]3[C@H]2CCC4[C@@]3(CC[C@H](C4)OS(=O)(=O)O)C)C,LCA_3_S_42,59V;81D;83L;92M;94V;108A;110V;117V;120L;122T;141K;159I;160V;163G;164I;167M,1.0,strong,experimental,1.0,
pair_3169,Lithocholic Acid 3 -S,C[C@H](CCC(=O)O)[C@H]1CC[C@@H]2[C@@]1(CC[C@H]3[C@H]2CCC4[C@@]3(CC[C@H](C4)OS(=O)(=O)O)C)C,LCA_3_S_43,59A;81L;83A;92A;94V;108A;110V;117V;120L;122T;141K;159I;160L;163G;167I,1.0,strong,experimental,1.0,
pair_3170,Methoxsalen,COC1=C2C=CC(=O)OC2=CC3=C1OCC=C3,12A-1,K59Q_V81I_F108W_Y120A_S122E_A160M_V163W_V164F,1.0,strong,experimental,1.0,
pair_3171,Methoxsalen,COC1=C2C=CC(=O)OC2=CC3=C1OCC=C3,12A-2,K59Q_V81I_Y120A_S122E_A160M_V163W_V164F,1.0,strong,experimental,1.0,
pair_3172,Methoxsalen,COC1=C2C=CC(=O)OC2=CC3=C1OCC=C3,12A-3,K59A_V81I_Y120M_S122E_A160M_V163W_V164F,1.0,strong,experimental,1.0,
pair_3173,Methoxsalen,COC1=C2C=CC(=O)OC2=CC3=C1OCC=C3,12A-4,Y120A_S122N_ A160M_V163W_N167D,1.0,strong,experimental,1.0,
pair_3174,Methoxsalen,COC1=C2C=CC(=O)OC2=CC3=C1OCC=C3,12A-5,F108W_S122N_V163W_N167D,1.0,strong,experimental,1.0,
pair_3175,Methoxsalen,COC1=C2C=CC(=O)OC2=CC3=C1OCC=C3,12A-8,S122N_V163W_N167D,1.0,strong,experimental,1.0,
pair_3176,Methoxsalen,COC1=C2C=CC(=O)OC2=CC3=C1OCC=C3,12A-10,K59Q_V81I_F108W_Y120M_S122E_V163W_V164F,1.0,strong,experimental,1.0,
pair_3177,Methoxsalen,COC1=C2C=CC(=O)OC2=CC3=C1OCC=C3,12A-12,K59Q_V81I_Y120M_S122E_A160I_V163W_V164F,1.0,strong,experimental,1.0,
pair_3178,Osthole,COC1=C2C=CC(=O)OC2=CC3=C1C=CC(=O)O3,14N-4,K59Q_V81I_F108W_Y120M_A160M_V163W_V164S,1.0,strong,experimental,1.0,
pair_3179,Osthole,COC1=C2C=CC(=O)OC2=CC3=C1C=CC(=O)O3,14N-5,K59Q_Y120A_S122N_A160M_V163W_V164F,1.0,strong,experimental,1.0,
pair_3180,Osthole,COC1=C2C=CC(=O)OC2=CC3=C1C=CC(=O)O3,14N-6,K59Q_V81I_Y120A_S122E_A160M_V163W_V164F,1.0,strong,experimental,1.0,
pair_3181,Osthole,COC1=C2C=CC(=O)OC2=CC3=C1C=CC(=O)O3,14N-8,K59Q_V81I_S122N_A160G_V163W_V164S,1.0,strong,experimental,1.0,
pair_3182,Osthole,COC1=C2C=CC(=O)OC2=CC3=C1C=CC(=O)O3,14N-10,V81I_V83L_Y120M_S122E_A160G_V163W_N167D,1.0,strong,experimental,1.0,
pair_3183,Osthole,COC1=C2C=CC(=O)OC2=CC3=C1C=CC(=O)O3,14N-11,F108W_S122N_A160G_V163W_N167D,1.0,strong,experimental,1.0,
pair_3184,Osthole,COC1=C2C=CC(=O)OC2=CC3=C1C=CC(=O)O3,14N-12,V81I_V83L_Y120M_A160G_V163W_N167D,1.0,strong,experimental,1.0,
pair_3185,Perfluorooctanesulfonamide,C(C(C(C(C(F)(F)S(=O)(=O)N)(F)F)(F)F)(F)F)(C(C(C(F)(F)F)(F)F)(F)F)(F)F,G_43.10.3*,59M;94G;120L;141Q;160V;164W,1.0,strong,experimental,1.0,
pair_3186,Perfluorooctanesulfonamide,C(C(C(C(C(F)(F)S(=O)(=O)N)(F)F)(F)F)(F)F)(C(C(C(F)(F)F)(F)F)(F)F)(F)F,G_43.10.7,59M;94G;120L;134L;141G;159L;164W,1.0,strong,experimental,1.0,
pair_3187,"WIN 55,212-2",CC1=C(C2=C3N1[C@@H](COC3=CC=C2)CN4CCOCC4)C(=O)C5=CC=CC6=CC=CC=C65,PYR1^WIN_wt,59Q;159A;160I,1.0,strong,experimental,1.0,
pair_3188,"WIN 55,212-2",CC1=C(C2=C3N1[C@@H](COC3=CC=C2)CN4CCOCC4)C(=O)C5=CC=CC6=CC=CC=C65,PYR1^WIN_1,59Q;159A;160I;E141M,1.0,strong,experimental,1.0,
pair_3189,"WIN 55,212-2",CC1=C(C2=C3N1[C@@H](COC3=CC=C2)CN4CCOCC4)C(=O)C5=CC=CC6=CC=CC=C65,PYR1^WIN_2,59Q;159A;160I;E141L,1.0,strong,experimental,1.0,
pair_3190,"WIN 55,212-2",CC1=C(C2=C3N1[C@@H](COC3=CC=C2)CN4CCOCC4)C(=O)C5=CC=CC6=CC=CC=C65,PYR1^WIN_3,59Q;159A;160I;Q59M,1.0,strong,experimental,1.0,
pair_3191,"WIN 55,212-2",CC1=C(C2=C3N1[C@@H](COC3=CC=C2)CN4CCOCC4)C(=O)C5=CC=CC6=CC=CC=C65,PYR1^WIN_4,59Q;159A;160I;E141N,1.0,strong,experimental,1.0,
pair_3192,"WIN 55,212-2",CC1=C(C2=C3N1[C@@H](COC3=CC=C2)CN4CCOCC4)C(=O)C5=CC=CC6=CC=CC=C65,PYR1^WIN_5,59Q;159A;160I;E141A,1.0,strong,experimental,1.0,
pair_3193,"WIN 55,212-2",CC1=C(C2=C3N1[C@@H](COC3=CC=C2)CN4CCOCC4)C(=O)C5=CC=CC6=CC=CC=C65,PYR1^WIN_6,59Q;159A;160I;V81I,1.0,strong,experimental,1.0,
pair_3194,"WIN 55,212-2",CC1=C(C2=C3N1[C@@H](COC3=CC=C2)CN4CCOCC4)C(=O)C5=CC=CC6=CC=CC=C65,PYR1^WIN_7,59Q;159A;160I;E141V,1.0,strong,experimental,1.0,
pair_3195,"WIN 55,212-2",CC1=C(C2=C3N1[C@@H](COC3=CC=C2)CN4CCOCC4)C(=O)C5=CC=CC6=CC=CC=C65,PYR1^WIN_8,59Q;159A;160I;Y120F,1.0,strong,experimental,1.0,
pair_3196,"WIN 55,212-2",CC1=C(C2=C3N1[C@@H](COC3=CC=C2)CN4CCOCC4)C(=O)C5=CC=CC6=CC=CC=C65,PYR1^WIN_9,59Q;159A;160I;E141I,1.0,strong,experimental,1.0,
pair_3197,"WIN 55,212-2",CC1=C(C2=C3N1[C@@H](COC3=CC=C2)CN4CCOCC4)C(=O)C5=CC=CC6=CC=CC=C65,PYR1^WIN_10,59Q;159A;160I;E141T,1.0,strong,experimental,1.0,
pair_3198,"WIN 55,212-2",CC1=C(C2=C3N1[C@@H](COC3=CC=C2)CN4CCOCC4)C(=O)C5=CC=CC6=CC=CC=C65,PYR1^WIN_11,59Q;159A;160I;V83L,1.0,strong,experimental,1.0,
pair_3199,"WIN 55,212-2",CC1=C(C2=C3N1[C@@H](COC3=CC=C2)CN4CCOCC4)C(=O)C5=CC=CC6=CC=CC=C65,PYR1^WIN_12,59Q;159A;160I;N167G,1.0,strong,experimental,1.0,
pair_3200,"WIN 55,212-2",CC1=C(C2=C3N1[C@@H](COC3=CC=C2)CN4CCOCC4)C(=O)C5=CC=CC6=CC=CC=C65,PYR1^WIN_13,59Q;159A;160I;E141Q,1.0,strong,experimental,1.0,
pair_3201,"WIN 55,212-2",CC1=C(C2=C3N1[C@@H](COC3=CC=C2)CN4CCOCC4)C(=O)C5=CC=CC6=CC=CC=C65,PYR1^WIN_14,59Q;159A;160I;V164H,1.0,strong,experimental,1.0,
pair_3202,"WIN 55,212-2",CC1=C(C2=C3N1[C@@H](COC3=CC=C2)CN4CCOCC4)C(=O)C5=CC=CC6=CC=CC=C65,PYR1^WIN_15,59Q;159A;160I;V83I,1.0,strong,experimental,1.0,
pair_3203,"WIN 55,212-2",CC1=C(C2=C3N1[C@@H](COC3=CC=C2)CN4CCOCC4)C(=O)C5=CC=CC6=CC=CC=C65,PYR1^WIN_16,59Q;159A;160I;Q59K,1.0,strong,experimental,1.0,
pair_3204,"WIN 55,212-2",CC1=C(C2=C3N1[C@@H](COC3=CC=C2)CN4CCOCC4)C(=O)C5=CC=CC6=CC=CC=C65,PYR1^WIN_17,59Q;159A;160I;V164L,1.0,strong,experimental,1.0,
pair_3205,"WIN 55,212-2",CC1=C(C2=C3N1[C@@H](COC3=CC=C2)CN4CCOCC4)C(=O)C5=CC=CC6=CC=CC=C65,PYR1^WIN_18,59Q;159A;160I;V164K,1.0,strong,experimental,1.0,
pair_3206,"WIN 55,212-2",CC1=C(C2=C3N1[C@@H](COC3=CC=C2)CN4CCOCC4)C(=O)C5=CC=CC6=CC=CC=C65,PYR1^WIN_19,59Q;159A;160I;Q59A,1.0,strong,experimental,1.0,
pair_3207,"WIN 55,212-2",CC1=C(C2=C3N1[C@@H](COC3=CC=C2)CN4CCOCC4)C(=O)C5=CC=CC6=CC=CC=C65,PYR1^WIN_20,59Q;159A;160I;S122A,1.0,strong,experimental,1.0,
pair_3208,"WIN 55,212-2",CC1=C(C2=C3N1[C@@H](COC3=CC=C2)CN4CCOCC4)C(=O)C5=CC=CC6=CC=CC=C65,PYR1^WIN_21,59Q;159A;160I;Q59S,1.0,strong,experimental,1.0,
pair_3209,"WIN 55,212-2",CC1=C(C2=C3N1[C@@H](COC3=CC=C2)CN4CCOCC4)C(=O)C5=CC=CC6=CC=CC=C65,PYR1^WIN_22,59Q;159A;160I;V81L,1.0,strong,experimental,1.0,
pair_3210,"WIN 55,212-2",CC1=C(C2=C3N1[C@@H](COC3=CC=C2)CN4CCOCC4)C(=O)C5=CC=CC6=CC=CC=C65,PYR1^WIN_23,59Q;159A;160I;I110V,1.0,strong,experimental,1.0,
pair_3211,"WIN 55,212-2",CC1=C(C2=C3N1[C@@H](COC3=CC=C2)CN4CCOCC4)C(=O)C5=CC=CC6=CC=CC=C65,PYR1^WIN_24,59Q;159A;160I;E141S,1.0,strong,experimental,1.0,
pair_3212,"WIN 55,212-2",CC1=C(C2=C3N1[C@@H](COC3=CC=C2)CN4CCOCC4)C(=O)C5=CC=CC6=CC=CC=C65,PYR1^WIN_25,59Q;159A;160I;E141W,1.0,strong,experimental,1.0,
pair_3213,"WIN 55,212-2",CC1=C(C2=C3N1[C@@H](COC3=CC=C2)CN4CCOCC4)C(=O)C5=CC=CC6=CC=CC=C65,PYR1^WIN_26,59Q;159A;160I;WT,1.0,strong,experimental,1.0,
pair_3214,"WIN 55,212-2",CC1=C(C2=C3N1[C@@H](COC3=CC=C2)CN4CCOCC4)C(=O)C5=CC=CC6=CC=CC=C65,PYR1^WIN_27,59Q;159A;160I;V164I,1.0,strong,experimental,1.0,
pair_3215,"WIN 55,212-2",CC1=C(C2=C3N1[C@@H](COC3=CC=C2)CN4CCOCC4)C(=O)C5=CC=CC6=CC=CC=C65,PYR1^WIN_28,59Q;159A;160I;E141G,1.0,strong,experimental,1.0,
pair_3216,"WIN 55,212-2",CC1=C(C2=C3N1[C@@H](COC3=CC=C2)CN4CCOCC4)C(=O)C5=CC=CC6=CC=CC=C65,PYR1^WIN_29,59Q;159A;160I;V163A,1.0,strong,experimental,1.0,
pair_3217,"WIN 55,212-2",CC1=C(C2=C3N1[C@@H](COC3=CC=C2)CN4CCOCC4)C(=O)C5=CC=CC6=CC=CC=C65,PYR1^WIN_30,59Q;159A;160I;S122M,1.0,strong,experimental,1.0,
pair_3218,"WIN 55,212-2",CC1=C(C2=C3N1[C@@H](COC3=CC=C2)CN4CCOCC4)C(=O)C5=CC=CC6=CC=CC=C65,PYR1^WIN_31,59Q;159A;160I;E141H,1.0,strong,experimental,1.0,
pair_3219,"WIN 55,212-2",CC1=C(C2=C3N1[C@@H](COC3=CC=C2)CN4CCOCC4)C(=O)C5=CC=CC6=CC=CC=C65,PYR1^WIN_32,59Q;159A;160I;V83M,1.0,strong,experimental,1.0,
pair_3220,"WIN 55,212-2",CC1=C(C2=C3N1[C@@H](COC3=CC=C2)CN4CCOCC4)C(=O)C5=CC=CC6=CC=CC=C65,PYR1^WIN_33,59Q;159A;160I;E94I,1.0,strong,experimental,1.0,
pair_3221,"WIN 55,212-2",CC1=C(C2=C3N1[C@@H](COC3=CC=C2)CN4CCOCC4)C(=O)C5=CC=CC6=CC=CC=C65,PYR1^WIN_34,59Q;159A;160I;A159V,1.0,strong,experimental,1.0,
pair_3222,"WIN 55,212-2",CC1=C(C2=C3N1[C@@H](COC3=CC=C2)CN4CCOCC4)C(=O)C5=CC=CC6=CC=CC=C65,PYR1^WIN_35,59Q;159A;160I;V81M,1.0,strong,experimental,1.0,
pair_3223,"WIN 55,212-2",CC1=C(C2=C3N1[C@@H](COC3=CC=C2)CN4CCOCC4)C(=O)C5=CC=CC6=CC=CC=C65,PYR1^WIN_36,59Q;159A;160I;V163P,1.0,strong,experimental,1.0,
pair_3224,"WIN 55,212-2",CC1=C(C2=C3N1[C@@H](COC3=CC=C2)CN4CCOCC4)C(=O)C5=CC=CC6=CC=CC=C65,PYR1^WIN_37,59Q;159A;160I;V164Y,1.0,strong,experimental,1.0,
pair_3225,"WIN 55,212-2",CC1=C(C2=C3N1[C@@H](COC3=CC=C2)CN4CCOCC4)C(=O)C5=CC=CC6=CC=CC=C65,PYR1^WIN_38,59Q;159A;160I;E94Q,1.0,strong,experimental,1.0,
pair_3226,"WIN 55,212-2",CC1=C(C2=C3N1[C@@H](COC3=CC=C2)CN4CCOCC4)C(=O)C5=CC=CC6=CC=CC=C65,PYR1^WIN_39,59Q;159A;160I;E94P,1.0,strong,experimental,1.0,
pair_3227,"WIN 55,212-2",CC1=C(C2=C3N1[C@@H](COC3=CC=C2)CN4CCOCC4)C(=O)C5=CC=CC6=CC=CC=C65,PYR1^WIN_40,59Q;159A;160I;Q59G,1.0,strong,experimental,1.0,
pair_3228,"WIN 55,212-2",CC1=C(C2=C3N1[C@@H](COC3=CC=C2)CN4CCOCC4)C(=O)C5=CC=CC6=CC=CC=C65,PYR1^WIN_41,59Q;159A;160I;F108L,1.0,strong,experimental,1.0,
pair_3229,"WIN 55,212-2",CC1=C(C2=C3N1[C@@H](COC3=CC=C2)CN4CCOCC4)C(=O)C5=CC=CC6=CC=CC=C65,PYR1^WIN_42,59Q;159A;160I;V164E,1.0,strong,experimental,1.0,
pair_3230,"WIN 55,212-2",CC1=C(C2=C3N1[C@@H](COC3=CC=C2)CN4CCOCC4)C(=O)C5=CC=CC6=CC=CC=C65,PYR1^WIN_43,59Q;159A;160I;Q59Y,1.0,strong,experimental,1.0,
pair_3231,"WIN 55,212-2",CC1=C(C2=C3N1[C@@H](COC3=CC=C2)CN4CCOCC4)C(=O)C5=CC=CC6=CC=CC=C65,PYR1^WIN_44,59Q;159A;160I;V164M,1.0,strong,experimental,1.0,
pair_3232,"WIN 55,212-2",CC1=C(C2=C3N1[C@@H](COC3=CC=C2)CN4CCOCC4)C(=O)C5=CC=CC6=CC=CC=C65,PYR1^WIN_45,59Q;159A;160I;S122Q,1.0,strong,experimental,1.0,
pair_3233,"WIN 55,212-2",CC1=C(C2=C3N1[C@@H](COC3=CC=C2)CN4CCOCC4)C(=O)C5=CC=CC6=CC=CC=C65,PYR1^WIN_46,59Q;159A;160I;V163D,1.0,strong,experimental,1.0,
pair_3234,"WIN 55,212-2",CC1=C(C2=C3N1[C@@H](COC3=CC=C2)CN4CCOCC4)C(=O)C5=CC=CC6=CC=CC=C65,PYR1^WIN_47,59Q;159A;160I;I160V,1.0,strong,experimental,1.0,
pair_3235,"WIN 55,212-2",CC1=C(C2=C3N1[C@@H](COC3=CC=C2)CN4CCOCC4)C(=O)C5=CC=CC6=CC=CC=C65,PYR1^WIN_48,59Q;159A;160I;E141D,1.0,strong,experimental,1.0,
pair_3236,"WIN 55,212-2",CC1=C(C2=C3N1[C@@H](COC3=CC=C2)CN4CCOCC4)C(=O)C5=CC=CC6=CC=CC=C65,PYR1^WIN_49,59Q;159A;160I;E94V,1.0,strong,experimental,1.0,
pair_3237,"WIN 55,212-2",CC1=C(C2=C3N1[C@@H](COC3=CC=C2)CN4CCOCC4)C(=O)C5=CC=CC6=CC=CC=C65,PYR1^WIN_50,59Q;159A;160I;Q59H,1.0,strong,experimental,1.0,
pair_3238,"WIN 55,212-2",CC1=C(C2=C3N1[C@@H](COC3=CC=C2)CN4CCOCC4)C(=O)C5=CC=CC6=CC=CC=C65,PYR1^WIN_51,59Q;159A;160I;E94K,1.0,strong,experimental,1.0,
pair_3239,"WIN 55,212-2",CC1=C(C2=C3N1[C@@H](COC3=CC=C2)CN4CCOCC4)C(=O)C5=CC=CC6=CC=CC=C65,PYR1^WIN_52,59Q;159A;160I;E94G,1.0,strong,experimental,1.0,
pair_3240,"WIN 55,212-2",CC1=C(C2=C3N1[C@@H](COC3=CC=C2)CN4CCOCC4)C(=O)C5=CC=CC6=CC=CC=C65,PYR1^WIN_53,59Q;159A;160I;S92Q,1.0,strong,experimental,1.0,
pair_3241,"WIN 55,212-2",CC1=C(C2=C3N1[C@@H](COC3=CC=C2)CN4CCOCC4)C(=O)C5=CC=CC6=CC=CC=C65,PYR1^WIN_54,59Q;159A;160I;E94Y,1.0,strong,experimental,1.0,
pair_3242,"WIN 55,212-2",CC1=C(C2=C3N1[C@@H](COC3=CC=C2)CN4CCOCC4)C(=O)C5=CC=CC6=CC=CC=C65,PYR1^WIN_55,59Q;159A;160I;V81A,1.0,strong,experimental,1.0,
pair_3243,"WIN 55,212-2",CC1=C(C2=C3N1[C@@H](COC3=CC=C2)CN4CCOCC4)C(=O)C5=CC=CC6=CC=CC=C65,PYR1^WIN_56,59Q;159A;160I;F108I,1.0,strong,experimental,1.0,
pair_3244,"WIN 55,212-2",CC1=C(C2=C3N1[C@@H](COC3=CC=C2)CN4CCOCC4)C(=O)C5=CC=CC6=CC=CC=C65,PYR1^WIN_57,59Q;159A;160I;S92T,1.0,strong,experimental,1.0,
pair_3245,"WIN 55,212-2",CC1=C(C2=C3N1[C@@H](COC3=CC=C2)CN4CCOCC4)C(=O)C5=CC=CC6=CC=CC=C65,PYR1^WIN_58,59Q;159A;160I;V164Q,1.0,strong,experimental,1.0,
pair_3246,"WIN 55,212-2",CC1=C(C2=C3N1[C@@H](COC3=CC=C2)CN4CCOCC4)C(=O)C5=CC=CC6=CC=CC=C65,PYR1^WIN_59,59Q;159A;160I;S92P,1.0,strong,experimental,1.0,
pair_3247,"WIN 55,212-2",CC1=C(C2=C3N1[C@@H](COC3=CC=C2)CN4CCOCC4)C(=O)C5=CC=CC6=CC=CC=C65,PYR1^WIN_60,59Q;159A;160I;E94T,1.0,strong,experimental,1.0,
pair_3248,"WIN 55,212-2",CC1=C(C2=C3N1[C@@H](COC3=CC=C2)CN4CCOCC4)C(=O)C5=CC=CC6=CC=CC=C65,PYR1^WIN_61,59Q;159A;160I;F108T,1.0,strong,experimental,1.0,
pair_3249,"WIN 55,212-2",CC1=C(C2=C3N1[C@@H](COC3=CC=C2)CN4CCOCC4)C(=O)C5=CC=CC6=CC=CC=C65,PYR1^WIN_62,59Q;159A;160I;V163M,1.0,strong,experimental,1.0,
pair_3250,"WIN 55,212-2",CC1=C(C2=C3N1[C@@H](COC3=CC=C2)CN4CCOCC4)C(=O)C5=CC=CC6=CC=CC=C65,PYR1^WIN_63,59Q;159A;160I;V164F,1.0,strong,experimental,1.0,
pair_3251,"WIN 55,212-2",CC1=C(C2=C3N1[C@@H](COC3=CC=C2)CN4CCOCC4)C(=O)C5=CC=CC6=CC=CC=C65,PYR1^WIN_64,59Q;159A;160I;V164G,1.0,strong,experimental,1.0,
pair_3252,"WIN 55,212-2",CC1=C(C2=C3N1[C@@H](COC3=CC=C2)CN4CCOCC4)C(=O)C5=CC=CC6=CC=CC=C65,PYR1^WIN_65,59Q;159A;160I;V164P,1.0,strong,experimental,1.0,
pair_3253,"WIN 55,212-2",CC1=C(C2=C3N1[C@@H](COC3=CC=C2)CN4CCOCC4)C(=O)C5=CC=CC6=CC=CC=C65,PYR1^WIN_66,59Q;159A;160I;V164W,1.0,strong,experimental,1.0,
pair_3254,"WIN 55,212-2",CC1=C(C2=C3N1[C@@H](COC3=CC=C2)CN4CCOCC4)C(=O)C5=CC=CC6=CC=CC=C65,PYR1^WIN_67,59Q;159A;160I;S122P,1.0,strong,experimental,1.0,
pair_3255,"WIN 55,212-2",CC1=C(C2=C3N1[C@@H](COC3=CC=C2)CN4CCOCC4)C(=O)C5=CC=CC6=CC=CC=C65,PYR1^WIN_68,59Q;159A;160I;S122F,1.0,strong,experimental,1.0,
pair_3256,"WIN 55,212-2",CC1=C(C2=C3N1[C@@H](COC3=CC=C2)CN4CCOCC4)C(=O)C5=CC=CC6=CC=CC=C65,PYR1^WIN_69,59Q;159A;160I;E94H,1.0,strong,experimental,1.0,
pair_3257,"WIN 55,212-2",CC1=C(C2=C3N1[C@@H](COC3=CC=C2)CN4CCOCC4)C(=O)C5=CC=CC6=CC=CC=C65,PYR1^WIN_70,59Q;159A;160I;V163S,1.0,strong,experimental,1.0,
pair_3258,"WIN 55,212-2",CC1=C(C2=C3N1[C@@H](COC3=CC=C2)CN4CCOCC4)C(=O)C5=CC=CC6=CC=CC=C65,PYR1^WIN_71,59Q;159A;160I;S122E,1.0,strong,experimental,1.0,
pair_3259,"WIN 55,212-2",CC1=C(C2=C3N1[C@@H](COC3=CC=C2)CN4CCOCC4)C(=O)C5=CC=CC6=CC=CC=C65,PYR1^WIN_72,59Q;159A;160I;S122D,1.0,strong,experimental,1.0,
pair_3260,"WIN 55,212-2",CC1=C(C2=C3N1[C@@H](COC3=CC=C2)CN4CCOCC4)C(=O)C5=CC=CC6=CC=CC=C65,PYR1^WIN_73,59Q;159A;160I;V164S,1.0,strong,experimental,1.0,
pair_3261,"WIN 55,212-2",CC1=C(C2=C3N1[C@@H](COC3=CC=C2)CN4CCOCC4)C(=O)C5=CC=CC6=CC=CC=C65,PYR1^WIN_74,59Q;159A;160I;S122V,1.0,strong,experimental,1.0,
pair_3262,"WIN 55,212-2",CC1=C(C2=C3N1[C@@H](COC3=CC=C2)CN4CCOCC4)C(=O)C5=CC=CC6=CC=CC=C65,PYR1^WIN_75,59Q;159A;160I;Q59I,1.0,strong,experimental,1.0,
pair_3263,"WIN 55,212-2",CC1=C(C2=C3N1[C@@H](COC3=CC=C2)CN4CCOCC4)C(=O)C5=CC=CC6=CC=CC=C65,PYR1^WIN_76,59Q;159A;160I;Q59E,1.0,strong,experimental,1.0,
pair_3264,"WIN 55,212-2",CC1=C(C2=C3N1[C@@H](COC3=CC=C2)CN4CCOCC4)C(=O)C5=CC=CC6=CC=CC=C65,PYR1^WIN_77,59Q;159A;160I;E94D,1.0,strong,experimental,1.0,
pair_3265,"WIN 55,212-2",CC1=C(C2=C3N1[C@@H](COC3=CC=C2)CN4CCOCC4)C(=O)C5=CC=CC6=CC=CC=C65,PYR1^WIN_78,59Q;159A;160I;N167D,1.0,strong,experimental,1.0,
pair_3266,"WIN 55,212-2",CC1=C(C2=C3N1[C@@H](COC3=CC=C2)CN4CCOCC4)C(=O)C5=CC=CC6=CC=CC=C65,PYR1^WIN_79,59Q;159A;160I;E94S,1.0,strong,experimental,1.0,
pair_3267,"WIN 55,212-2",CC1=C(C2=C3N1[C@@H](COC3=CC=C2)CN4CCOCC4)C(=O)C5=CC=CC6=CC=CC=C65,PYR1^WIN_80,59Q;159A;160I;N167A,1.0,strong,experimental,1.0,
pair_3268,"WIN 55,212-2",CC1=C(C2=C3N1[C@@H](COC3=CC=C2)CN4CCOCC4)C(=O)C5=CC=CC6=CC=CC=C65,PYR1^WIN_81,59Q;159A;160I;A159W,1.0,strong,experimental,1.0,
pair_3269,"WIN 55,212-2",CC1=C(C2=C3N1[C@@H](COC3=CC=C2)CN4CCOCC4)C(=O)C5=CC=CC6=CC=CC=C65,PYR1^WIN_82,59Q;159A;160I;V83A,1.0,strong,experimental,1.0,
pair_3270,"WIN 55,212-2",CC1=C(C2=C3N1[C@@H](COC3=CC=C2)CN4CCOCC4)C(=O)C5=CC=CC6=CC=CC=C65,PYR1^WIN_83,59Q;159A;160I;Y120M,1.0,strong,experimental,1.0,
pair_3271,"WIN 55,212-2",CC1=C(C2=C3N1[C@@H](COC3=CC=C2)CN4CCOCC4)C(=O)C5=CC=CC6=CC=CC=C65,PYR1^WIN_84,59Q;159A;160I;F108S,1.0,strong,experimental,1.0,
pair_3272,"WIN 55,212-2",CC1=C(C2=C3N1[C@@H](COC3=CC=C2)CN4CCOCC4)C(=O)C5=CC=CC6=CC=CC=C65,PYR1^WIN_85,59Q;159A;160I;I160N,1.0,strong,experimental,1.0,
pair_3273,"WIN 55,212-2",CC1=C(C2=C3N1[C@@H](COC3=CC=C2)CN4CCOCC4)C(=O)C5=CC=CC6=CC=CC=C65,PYR1^WIN_86,59Q;159A;160I;Q59V,1.0,strong,experimental,1.0,
pair_3274,"WIN 55,212-2",CC1=C(C2=C3N1[C@@H](COC3=CC=C2)CN4CCOCC4)C(=O)C5=CC=CC6=CC=CC=C65,PYR1^WIN_87,59Q;159A;160I;F108N,1.0,strong,experimental,1.0,
pair_3275,"WIN 55,212-2",CC1=C(C2=C3N1[C@@H](COC3=CC=C2)CN4CCOCC4)C(=O)C5=CC=CC6=CC=CC=C65,PYR1^WIN_88,59Q;159A;160I;I110T,1.0,strong,experimental,1.0,
pair_3276,"WIN 55,212-2",CC1=C(C2=C3N1[C@@H](COC3=CC=C2)CN4CCOCC4)C(=O)C5=CC=CC6=CC=CC=C65,PYR1^WIN_89,59Q;159A;160I;F108E,1.0,strong,experimental,1.0,
pair_3277,"WIN 55,212-2",CC1=C(C2=C3N1[C@@H](COC3=CC=C2)CN4CCOCC4)C(=O)C5=CC=CC6=CC=CC=C65,PYR1^WIN_90,59Q;159A;160I;S122Y,1.0,strong,experimental,1.0,
pair_3278,"WIN 55,212-2",CC1=C(C2=C3N1[C@@H](COC3=CC=C2)CN4CCOCC4)C(=O)C5=CC=CC6=CC=CC=C65,PYR1^WIN_91,59Q;159A;160I;Q59F,1.0,strong,experimental,1.0,
pair_3279,"WIN 55,212-2",CC1=C(C2=C3N1[C@@H](COC3=CC=C2)CN4CCOCC4)C(=O)C5=CC=CC6=CC=CC=C65,PYR1^WIN_92,59Q;159A;160I;V81Q,1.0,strong,experimental,1.0,
pair_3280,"WIN 55,212-2",CC1=C(C2=C3N1[C@@H](COC3=CC=C2)CN4CCOCC4)C(=O)C5=CC=CC6=CC=CC=C65,PYR1^WIN_93,59Q;159A;160I;Y120D,1.0,strong,experimental,1.0,
pair_3281,"WIN 55,212-2",CC1=C(C2=C3N1[C@@H](COC3=CC=C2)CN4CCOCC4)C(=O)C5=CC=CC6=CC=CC=C65,PYR1^WIN_94,59Q;159A;160I;V164D,1.0,strong,experimental,1.0,
pair_3282,"WIN 55,212-2",CC1=C(C2=C3N1[C@@H](COC3=CC=C2)CN4CCOCC4)C(=O)C5=CC=CC6=CC=CC=C65,PYR1^WIN_95,59Q;159A;160I;E94W,1.0,strong,experimental,1.0,
pair_3283,"WIN 55,212-2",CC1=C(C2=C3N1[C@@H](COC3=CC=C2)CN4CCOCC4)C(=O)C5=CC=CC6=CC=CC=C65,PYR1^WIN_96,59Q;159A;160I;Q59R,1.0,strong,experimental,1.0,
pair_3284,"WIN 55,212-2",CC1=C(C2=C3N1[C@@H](COC3=CC=C2)CN4CCOCC4)C(=O)C5=CC=CC6=CC=CC=C65,PYR1^WIN_97,59Q;159A;160I;V81G,1.0,strong,experimental,1.0,
pair_3285,"WIN 55,212-2",CC1=C(C2=C3N1[C@@H](COC3=CC=C2)CN4CCOCC4)C(=O)C5=CC=CC6=CC=CC=C65,PYR1^WIN_98,59Q;159A;160I;S92A,1.0,strong,experimental,1.0,
pair_3286,"WIN 55,212-2",CC1=C(C2=C3N1[C@@H](COC3=CC=C2)CN4CCOCC4)C(=O)C5=CC=CC6=CC=CC=C65,PYR1^WIN_99,59Q;159A;160I;V164A,1.0,strong,experimental,1.0,
pair_3287,"WIN 55,212-2",CC1=C(C2=C3N1[C@@H](COC3=CC=C2)CN4CCOCC4)C(=O)C5=CC=CC6=CC=CC=C65,PYR1^WIN_100,59Q;159A;160I;N167P,1.0,strong,experimental,1.0,
pair_3288,"WIN 55,212-2",CC1=C(C2=C3N1[C@@H](COC3=CC=C2)CN4CCOCC4)C(=O)C5=CC=CC6=CC=CC=C65,PYR1^WIN_101,59Q;159A;160I;N167S,1.0,strong,experimental,1.0,
pair_3289,"WIN 55,212-2",CC1=C(C2=C3N1[C@@H](COC3=CC=C2)CN4CCOCC4)C(=O)C5=CC=CC6=CC=CC=C65,PYR1^WIN_102,59Q;159A;160I;I160T,1.0,strong,experimental,1.0,
pair_3290,"WIN 55,212-2",CC1=C(C2=C3N1[C@@H](COC3=CC=C2)CN4CCOCC4)C(=O)C5=CC=CC6=CC=CC=C65,PYR1^WIN_103,59Q;159A;160I;Q59N,1.0,strong,experimental,1.0,
pair_3291,"WIN 55,212-2",CC1=C(C2=C3N1[C@@H](COC3=CC=C2)CN4CCOCC4)C(=O)C5=CC=CC6=CC=CC=C65,PYR1^WIN_104,59Q;159A;160I;F108M,1.0,strong,experimental,1.0,
pair_3292,"WIN 55,212-2",CC1=C(C2=C3N1[C@@H](COC3=CC=C2)CN4CCOCC4)C(=O)C5=CC=CC6=CC=CC=C65,PYR1^WIN_105,59Q;159A;160I;L117D,1.0,strong,experimental,1.0,
pair_3293,"WIN 55,212-2",CC1=C(C2=C3N1[C@@H](COC3=CC=C2)CN4CCOCC4)C(=O)C5=CC=CC6=CC=CC=C65,PYR1^WIN_106,59Q;159A;160I;S122T,1.0,strong,experimental,1.0,
pair_3294,"WIN 55,212-2",CC1=C(C2=C3N1[C@@H](COC3=CC=C2)CN4CCOCC4)C(=O)C5=CC=CC6=CC=CC=C65,PYR1^WIN_107,59Q;159A;160I;S92L,1.0,strong,experimental,1.0,
pair_3295,"WIN 55,212-2",CC1=C(C2=C3N1[C@@H](COC3=CC=C2)CN4CCOCC4)C(=O)C5=CC=CC6=CC=CC=C65,PYR1^WIN_108,59Q;159A;160I;I160L,1.0,strong,experimental,1.0,
pair_3296,"WIN 55,212-2",CC1=C(C2=C3N1[C@@H](COC3=CC=C2)CN4CCOCC4)C(=O)C5=CC=CC6=CC=CC=C65,PYR1^WIN_109,59Q;159A;160I;V81N,1.0,strong,experimental,1.0,
pair_3297,"WIN 55,212-2",CC1=C(C2=C3N1[C@@H](COC3=CC=C2)CN4CCOCC4)C(=O)C5=CC=CC6=CC=CC=C65,PYR1^WIN_110,59Q;159A;160I;V81T,1.0,strong,experimental,1.0,
pair_3298,"WIN 55,212-2",CC1=C(C2=C3N1[C@@H](COC3=CC=C2)CN4CCOCC4)C(=O)C5=CC=CC6=CC=CC=C65,PYR1^WIN_111,59Q;159A;160I;V163Q,1.0,strong,experimental,1.0,
pair_3299,"WIN 55,212-2",CC1=C(C2=C3N1[C@@H](COC3=CC=C2)CN4CCOCC4)C(=O)C5=CC=CC6=CC=CC=C65,PYR1^WIN_112,59Q;159A;160I;V164N,1.0,strong,experimental,1.0,
pair_3300,abscisic Acid,CC1=CC(=O)CC(C1/C=C/C(=C/C(=O)O)/C)(C)C,wt,,1.0,strong,experimental,1.0,
pair_3301,azinphos-ethyl,CCOP(=S)(OCC)SCN1N=NC2=CC=CC=C2C1=O,PYR1*^AZIN,83W;110Y;164Y,1.0,strong,experimental,1.0,
pair_3302,diazinon,CCOP(=S)(OCC)OC1=CC(=NC(=C1)C(C)C)C(C)C,PYR1^DIAZI,81Y;87M;108Y;159G;160V,1.0,strong,experimental,1.0,
pair_3303,menitazene,CCN(CC)CC1=CC=C(C=C1)/C=C/C(=O)C2=CC=C(C=C2)NC,PYR1^nita,59Q;92M;108V;120A;122G;159A;160V,1.0,strong,experimental,1.0,
pair_3304,menitazene,CCN(CC)CC1=CC=C(C=C1)/C=C/C(=O)C2=CC=C(C=C2)NC,PYR1^nitav2,59Q;81I;83L;92M;108V;120A;122G;141D;159H;160V,1.0,strong,experimental,1.0,
pair_3305,nitazene,CCN(CC)CC1=CC=C(C=C1)/C=C/C(=O)C2=CC=C(C=C2)N3CCCCC3,PYR1^nita,59Q;92M;108V;120A;122G;159A;160V,1.0,strong,experimental,1.0,
pair_3306,nitazene,CCN(CC)CC1=CC=C(C=C1)/C=C/C(=O)C2=CC=C(C=C2)N3CCCCC3,PYR1^nitav2,59Q;81I;83L;92M;108V;120A;122G;141D;159H;160V,1.0,strong,experimental,1.0,
pair_3307,nitazene,CCN(CC)CC1=CC=C(C=C1)/C=C/C(=O)C2=CC=C(C=C2)N3CCCCC3,PYR1^nitav2.1,59Q;81I;92F;108V;120G;122E;141D;159H;160V,1.0,strong,experimental,1.0,
pair_3308,pirimiphos-methyl,CCC1=NC(=NC(=C1OC)C)OP(=S)(OC)OC,PYR1^PIRI,59R;92M;122Q;159T;160T,1.0,strong,experimental,1.0,
pair_3939,"WIN 55,212-2",CC1=C(C2=C3N1[C@@H](COC3=CC=C2)CN4CCOCC4)C(=O)C5=CC=CC6=CC=CC=C65,PYR1^WIN_ssm_E141M,59Q;141M;159A;160I,1.0,strong,win_ssm,0.95,0.0672
pair_3940,"WIN 55,212-2",CC1=C(C2=C3N1[C@@H](COC3=CC=C2)CN4CCOCC4)C(=O)C5=CC=CC6=CC=CC=C65,PYR1^WIN_ssm_E141L,59Q;141L;159A;160I,1.0,strong,win_ssm,0.95,0.0740
pair_3941,"WIN 55,212-2",CC1=C(C2=C3N1[C@@H](COC3=CC=C2)CN4CCOCC4)C(=O)C5=CC=CC6=CC=CC=C65,PYR1^WIN_ssm_Q59M,59M;141I;159A;160I,1.0,strong,win_ssm,0.95,0.0967
pair_3942,"WIN 55,212-2",CC1=C(C2=C3N1[C@@H](COC3=CC=C2)CN4CCOCC4)C(=O)C5=CC=CC6=CC=CC=C65,PYR1^WIN_ssm_E141N,59Q;141N;159A;160I,1.0,strong,win_ssm,0.95,0.1034
pair_3943,"WIN 55,212-2",CC1=C(C2=C3N1[C@@H](COC3=CC=C2)CN4CCOCC4)C(=O)C5=CC=CC6=CC=CC=C65,PYR1^WIN_ssm_E141A,59Q;141A;159A;160I,1.0,strong,win_ssm,0.95,0.1045
pair_3944,"WIN 55,212-2",CC1=C(C2=C3N1[C@@H](COC3=CC=C2)CN4CCOCC4)C(=O)C5=CC=CC6=CC=CC=C65,PYR1^WIN_ssm_V81I,59Q;81I;141I;159A;160I,1.0,strong,win_ssm,0.95,0.1099
pair_3945,"WIN 55,212-2",CC1=C(C2=C3N1[C@@H](COC3=CC=C2)CN4CCOCC4)C(=O)C5=CC=CC6=CC=CC=C65,PYR1^WIN_ssm_E141V,59Q;141V;159A;160I,1.0,strong,win_ssm,0.95,0.1106
pair_3946,"WIN 55,212-2",CC1=C(C2=C3N1[C@@H](COC3=CC=C2)CN4CCOCC4)C(=O)C5=CC=CC6=CC=CC=C65,PYR1^WIN_ssm_Y120F,59Q;120F;141I;159A;160I,1.0,strong,win_ssm,0.95,0.1134
pair_3947,"WIN 55,212-2",CC1=C(C2=C3N1[C@@H](COC3=CC=C2)CN4CCOCC4)C(=O)C5=CC=CC6=CC=CC=C65,PYR1^WIN_ssm_E141I,59Q;141I;159A;160I,1.0,strong,win_ssm,0.95,0.1269
pair_3948,"WIN 55,212-2",CC1=C(C2=C3N1[C@@H](COC3=CC=C2)CN4CCOCC4)C(=O)C5=CC=CC6=CC=CC=C65,PYR1^WIN_ssm_E141T,59Q;141T;159A;160I,1.0,strong,win_ssm,0.95,0.1277
pair_3949,"WIN 55,212-2",CC1=C(C2=C3N1[C@@H](COC3=CC=C2)CN4CCOCC4)C(=O)C5=CC=CC6=CC=CC=C65,PYR1^WIN_ssm_V83L,59Q;83L;141I;159A;160I,1.0,strong,win_ssm,0.95,0.1282
pair_3950,"WIN 55,212-2",CC1=C(C2=C3N1[C@@H](COC3=CC=C2)CN4CCOCC4)C(=O)C5=CC=CC6=CC=CC=C65,PYR1^WIN_ssm_N167G,59Q;141I;159A;160I;167G,1.0,strong,win_ssm,0.95,0.1382
pair_3951,"WIN 55,212-2",CC1=C(C2=C3N1[C@@H](COC3=CC=C2)CN4CCOCC4)C(=O)C5=CC=CC6=CC=CC=C65,PYR1^WIN_ssm_E141Q,59Q;141Q;159A;160I,1.0,strong,win_ssm,0.95,0.1446
pair_3952,"WIN 55,212-2",CC1=C(C2=C3N1[C@@H](COC3=CC=C2)CN4CCOCC4)C(=O)C5=CC=CC6=CC=CC=C65,PYR1^WIN_ssm_V164H,59Q;141I;159A;160I;164H,1.0,strong,win_ssm,0.95,0.1485
pair_3953,"WIN 55,212-2",CC1=C(C2=C3N1[C@@H](COC3=CC=C2)CN4CCOCC4)C(=O)C5=CC=CC6=CC=CC=C65,PYR1^WIN_ssm_V83I,59Q;83I;141I;159A;160I,1.0,strong,win_ssm,0.95,0.1517
pair_3954,"WIN 55,212-2",CC1=C(C2=C3N1[C@@H](COC3=CC=C2)CN4CCOCC4)C(=O)C5=CC=CC6=CC=CC=C65,PYR1^WIN_ssm_Q59K,141I;159A;160I,1.0,strong,win_ssm,0.95,0.1522
pair_3955,"WIN 55,212-2",CC1=C(C2=C3N1[C@@H](COC3=CC=C2)CN4CCOCC4)C(=O)C5=CC=CC6=CC=CC=C65,PYR1^WIN_ssm_V164L,59Q;141I;159A;160I;164L,1.0,strong,win_ssm,0.95,0.1522
pair_3956,"WIN 55,212-2",CC1=C(C2=C3N1[C@@H](COC3=CC=C2)CN4CCOCC4)C(=O)C5=CC=CC6=CC=CC=C65,PYR1^WIN_ssm_V164K,59Q;141I;159A;160I;164K,1.0,strong,win_ssm,0.95,0.1540
pair_3957,"WIN 55,212-2",CC1=C(C2=C3N1[C@@H](COC3=CC=C2)CN4CCOCC4)C(=O)C5=CC=CC6=CC=CC=C65,PYR1^WIN_ssm_Q59A,59A;141I;159A;160I,1.0,strong,win_ssm,0.95,0.1548
pair_3958,"WIN 55,212-2",CC1=C(C2=C3N1[C@@H](COC3=CC=C2)CN4CCOCC4)C(=O)C5=CC=CC6=CC=CC=C65,PYR1^WIN_ssm_S122A,59Q;122A;141I;159A;160I,1.0,strong,win_ssm,0.95,0.1557
pair_3959,"WIN 55,212-2",CC1=C(C2=C3N1[C@@H](COC3=CC=C2)CN4CCOCC4)C(=O)C5=CC=CC6=CC=CC=C65,PYR1^WIN_ssm_Q59S,59S;141I;159A;160I,1.0,strong,win_ssm,0.95,0.1573
pair_3960,"WIN 55,212-2",CC1=C(C2=C3N1[C@@H](COC3=CC=C2)CN4CCOCC4)C(=O)C5=CC=CC6=CC=CC=C65,PYR1^WIN_ssm_V81L,59Q;81L;141I;159A;160I,1.0,strong,win_ssm,0.95,0.1594
pair_3961,"WIN 55,212-2",CC1=C(C2=C3N1[C@@H](COC3=CC=C2)CN4CCOCC4)C(=O)C5=CC=CC6=CC=CC=C65,PYR1^WIN_ssm_I110V,59Q;110V;141I;159A;160I,1.0,strong,win_ssm,0.95,0.1605
pair_3962,"WIN 55,212-2",CC1=C(C2=C3N1[C@@H](COC3=CC=C2)CN4CCOCC4)C(=O)C5=CC=CC6=CC=CC=C65,PYR1^WIN_ssm_E141S,59Q;141S;159A;160I,1.0,strong,win_ssm,0.95,0.1654
pair_3963,"WIN 55,212-2",CC1=C(C2=C3N1[C@@H](COC3=CC=C2)CN4CCOCC4)C(=O)C5=CC=CC6=CC=CC=C65,PYR1^WIN_ssm_E141W,59Q;141W;159A;160I,1.0,strong,win_ssm,0.95,0.1707
pair_3964,"WIN 55,212-2",CC1=C(C2=C3N1[C@@H](COC3=CC=C2)CN4CCOCC4)C(=O)C5=CC=CC6=CC=CC=C65,PYR1^WIN_ssm_V164I,59Q;141I;159A;160I;164I,1.0,strong,win_ssm,0.95,0.1792
pair_3965,"WIN 55,212-2",CC1=C(C2=C3N1[C@@H](COC3=CC=C2)CN4CCOCC4)C(=O)C5=CC=CC6=CC=CC=C65,PYR1^WIN_ssm_E141G,59Q;141G;159A;160I,1.0,strong,win_ssm,0.95,0.1881
pair_3966,"WIN 55,212-2",CC1=C(C2=C3N1[C@@H](COC3=CC=C2)CN4CCOCC4)C(=O)C5=CC=CC6=CC=CC=C65,PYR1^WIN_ssm_V163A,59Q;141I;159A;160I;163A,1.0,strong,win_ssm,0.95,0.1918
pair_3967,"WIN 55,212-2",CC1=C(C2=C3N1[C@@H](COC3=CC=C2)CN4CCOCC4)C(=O)C5=CC=CC6=CC=CC=C65,PYR1^WIN_ssm_S122M,59Q;122M;141I;159A;160I,1.0,strong,win_ssm,0.95,0.2102
pair_3968,"WIN 55,212-2",CC1=C(C2=C3N1[C@@H](COC3=CC=C2)CN4CCOCC4)C(=O)C5=CC=CC6=CC=CC=C65,PYR1^WIN_ssm_E141H,59Q;141H;159A;160I,1.0,strong,win_ssm,0.95,0.2383
pair_3969,"WIN 55,212-2",CC1=C(C2=C3N1[C@@H](COC3=CC=C2)CN4CCOCC4)C(=O)C5=CC=CC6=CC=CC=C65,PYR1^WIN_ssm_V83M,59Q;83M;141I;159A;160I,1.0,strong,win_ssm,0.95,0.2390
pair_3970,"WIN 55,212-2",CC1=C(C2=C3N1[C@@H](COC3=CC=C2)CN4CCOCC4)C(=O)C5=CC=CC6=CC=CC=C65,PYR1^WIN_ssm_E94I,59Q;94I;141I;159A;160I,1.0,strong,win_ssm,0.95,0.2419
pair_3971,"WIN 55,212-2",CC1=C(C2=C3N1[C@@H](COC3=CC=C2)CN4CCOCC4)C(=O)C5=CC=CC6=CC=CC=C65,PYR1^WIN_ssm_A159V,59Q;141I;159V;160I,1.0,strong,win_ssm,0.95,0.2446
pair_3972,"WIN 55,212-2",CC1=C(C2=C3N1[C@@H](COC3=CC=C2)CN4CCOCC4)C(=O)C5=CC=CC6=CC=CC=C65,PYR1^WIN_ssm_V81M,59Q;81M;141I;159A;160I,1.0,strong,win_ssm,0.95,0.2447
pair_3973,"WIN 55,212-2",CC1=C(C2=C3N1[C@@H](COC3=CC=C2)CN4CCOCC4)C(=O)C5=CC=CC6=CC=CC=C65,PYR1^WIN_ssm_V163P,59Q;141I;159A;160I;163P,1.0,strong,win_ssm,0.95,0.2485
pair_3974,"WIN 55,212-2",CC1=C(C2=C3N1[C@@H](COC3=CC=C2)CN4CCOCC4)C(=O)C5=CC=CC6=CC=CC=C65,PYR1^WIN_ssm_V164Y,59Q;141I;159A;160I;164Y,1.0,strong,win_ssm,0.95,0.2544
pair_3975,"WIN 55,212-2",CC1=C(C2=C3N1[C@@H](COC3=CC=C2)CN4CCOCC4)C(=O)C5=CC=CC6=CC=CC=C65,PYR1^WIN_ssm_E94Q,59Q;94Q;141I;159A;160I,1.0,strong,win_ssm,0.95,0.2571
pair_3976,"WIN 55,212-2",CC1=C(C2=C3N1[C@@H](COC3=CC=C2)CN4CCOCC4)C(=O)C5=CC=CC6=CC=CC=C65,PYR1^WIN_ssm_E94P,59Q;94P;141I;159A;160I,1.0,strong,win_ssm,0.95,0.2632
pair_3977,"WIN 55,212-2",CC1=C(C2=C3N1[C@@H](COC3=CC=C2)CN4CCOCC4)C(=O)C5=CC=CC6=CC=CC=C65,PYR1^WIN_ssm_Q59G,59G;141I;159A;160I,1.0,strong,win_ssm,0.95,0.2800
pair_3978,"WIN 55,212-2",CC1=C(C2=C3N1[C@@H](COC3=CC=C2)CN4CCOCC4)C(=O)C5=CC=CC6=CC=CC=C65,PYR1^WIN_ssm_F108L,59Q;108L;141I;159A;160I,1.0,strong,win_ssm,0.95,0.2876
pair_3979,"WIN 55,212-2",CC1=C(C2=C3N1[C@@H](COC3=CC=C2)CN4CCOCC4)C(=O)C5=CC=CC6=CC=CC=C65,PYR1^WIN_ssm_V164E,59Q;141I;159A;160I;164E,1.0,strong,win_ssm,0.95,0.2936
pair_3980,"WIN 55,212-2",CC1=C(C2=C3N1[C@@H](COC3=CC=C2)CN4CCOCC4)C(=O)C5=CC=CC6=CC=CC=C65,PYR1^WIN_ssm_Q59Y,59Y;141I;159A;160I,1.0,strong,win_ssm,0.95,0.2946
pair_3981,"WIN 55,212-2",CC1=C(C2=C3N1[C@@H](COC3=CC=C2)CN4CCOCC4)C(=O)C5=CC=CC6=CC=CC=C65,PYR1^WIN_ssm_V164M,59Q;141I;159A;160I;164M,1.0,strong,win_ssm,0.95,0.2972
pair_3982,"WIN 55,212-2",CC1=C(C2=C3N1[C@@H](COC3=CC=C2)CN4CCOCC4)C(=O)C5=CC=CC6=CC=CC=C65,PYR1^WIN_ssm_S122Q,59Q;122Q;141I;159A;160I,1.0,strong,win_ssm,0.95,0.3113
pair_3983,"WIN 55,212-2",CC1=C(C2=C3N1[C@@H](COC3=CC=C2)CN4CCOCC4)C(=O)C5=CC=CC6=CC=CC=C65,PYR1^WIN_ssm_V163D,59Q;141I;159A;160I;163D,1.0,strong,win_ssm,0.95,0.3139
pair_3984,"WIN 55,212-2",CC1=C(C2=C3N1[C@@H](COC3=CC=C2)CN4CCOCC4)C(=O)C5=CC=CC6=CC=CC=C65,PYR1^WIN_ssm_I160V,59Q;141I;159A;160V,1.0,strong,win_ssm,0.95,0.3166
pair_3985,"WIN 55,212-2",CC1=C(C2=C3N1[C@@H](COC3=CC=C2)CN4CCOCC4)C(=O)C5=CC=CC6=CC=CC=C65,PYR1^WIN_ssm_E141D,59Q;141D;159A;160I,1.0,strong,win_ssm,0.95,0.3225
pair_3986,"WIN 55,212-2",CC1=C(C2=C3N1[C@@H](COC3=CC=C2)CN4CCOCC4)C(=O)C5=CC=CC6=CC=CC=C65,PYR1^WIN_ssm_E94V,59Q;94V;141I;159A;160I,1.0,strong,win_ssm,0.95,0.3234
pair_3987,"WIN 55,212-2",CC1=C(C2=C3N1[C@@H](COC3=CC=C2)CN4CCOCC4)C(=O)C5=CC=CC6=CC=CC=C65,PYR1^WIN_ssm_Q59H,59H;141I;159A;160I,1.0,strong,win_ssm,0.95,0.3388
pair_3988,"WIN 55,212-2",CC1=C(C2=C3N1[C@@H](COC3=CC=C2)CN4CCOCC4)C(=O)C5=CC=CC6=CC=CC=C65,PYR1^WIN_ssm_E94K,59Q;94K;141I;159A;160I,1.0,strong,win_ssm,0.95,0.3468
pair_3989,"WIN 55,212-2",CC1=C(C2=C3N1[C@@H](COC3=CC=C2)CN4CCOCC4)C(=O)C5=CC=CC6=CC=CC=C65,PYR1^WIN_ssm_E94G,59Q;94G;141I;159A;160I,1.0,strong,win_ssm,0.95,0.3510
pair_3990,"WIN 55,212-2",CC1=C(C2=C3N1[C@@H](COC3=CC=C2)CN4CCOCC4)C(=O)C5=CC=CC6=CC=CC=C65,PYR1^WIN_ssm_S92Q,59Q;92Q;141I;159A;160I,1.0,strong,win_ssm,0.95,0.3561
pair_3991,"WIN 55,212-2",CC1=C(C2=C3N1[C@@H](COC3=CC=C2)CN4CCOCC4)C(=O)C5=CC=CC6=CC=CC=C65,PYR1^WIN_ssm_E94Y,59Q;94Y;141I;159A;160I,1.0,strong,win_ssm,0.95,0.3604
pair_3992,"WIN 55,212-2",CC1=C(C2=C3N1[C@@H](COC3=CC=C2)CN4CCOCC4)C(=O)C5=CC=CC6=CC=CC=C65,PYR1^WIN_ssm_V81A,59Q;81A;141I;159A;160I,1.0,strong,win_ssm,0.95,0.3613
pair_3993,"WIN 55,212-2",CC1=C(C2=C3N1[C@@H](COC3=CC=C2)CN4CCOCC4)C(=O)C5=CC=CC6=CC=CC=C65,PYR1^WIN_ssm_F108I,59Q;108I;141I;159A;160I,1.0,strong,win_ssm,0.95,0.3623
pair_3994,"WIN 55,212-2",CC1=C(C2=C3N1[C@@H](COC3=CC=C2)CN4CCOCC4)C(=O)C5=CC=CC6=CC=CC=C65,PYR1^WIN_ssm_S92T,59Q;92T;141I;159A;160I,1.0,strong,win_ssm,0.95,0.3787
pair_3995,"WIN 55,212-2",CC1=C(C2=C3N1[C@@H](COC3=CC=C2)CN4CCOCC4)C(=O)C5=CC=CC6=CC=CC=C65,PYR1^WIN_ssm_V164Q,59Q;141I;159A;160I;164Q,1.0,strong,win_ssm,0.95,0.3879
pair_3996,"WIN 55,212-2",CC1=C(C2=C3N1[C@@H](COC3=CC=C2)CN4CCOCC4)C(=O)C5=CC=CC6=CC=CC=C65,PYR1^WIN_ssm_S92P,59Q;92P;141I;159A;160I,1.0,strong,win_ssm,0.95,0.3888
pair_3997,"WIN 55,212-2",CC1=C(C2=C3N1[C@@H](COC3=CC=C2)CN4CCOCC4)C(=O)C5=CC=CC6=CC=CC=C65,PYR1^WIN_ssm_E94T,59Q;94T;141I;159A;160I,1.0,strong,win_ssm,0.95,0.3957
pair_3998,"WIN 55,212-2",CC1=C(C2=C3N1[C@@H](COC3=CC=C2)CN4CCOCC4)C(=O)C5=CC=CC6=CC=CC=C65,PYR1^WIN_ssm_F108T,59Q;108T;141I;159A;160I,1.0,strong,win_ssm,0.95,0.3994
pair_3999,"WIN 55,212-2",CC1=C(C2=C3N1[C@@H](COC3=CC=C2)CN4CCOCC4)C(=O)C5=CC=CC6=CC=CC=C65,PYR1^WIN_ssm_V163M,59Q;141I;159A;160I;163M,1.0,strong,win_ssm,0.95,0.4060
pair_4000,"WIN 55,212-2",CC1=C(C2=C3N1[C@@H](COC3=CC=C2)CN4CCOCC4)C(=O)C5=CC=CC6=CC=CC=C65,PYR1^WIN_ssm_V164F,59Q;141I;159A;160I;164F,1.0,strong,win_ssm,0.95,0.4346
pair_4001,"WIN 55,212-2",CC1=C(C2=C3N1[C@@H](COC3=CC=C2)CN4CCOCC4)C(=O)C5=CC=CC6=CC=CC=C65,PYR1^WIN_ssm_V164G,59Q;141I;159A;160I;164G,1.0,strong,win_ssm,0.95,0.4416
pair_4002,"WIN 55,212-2",CC1=C(C2=C3N1[C@@H](COC3=CC=C2)CN4CCOCC4)C(=O)C5=CC=CC6=CC=CC=C65,PYR1^WIN_ssm_V164P,59Q;141I;159A;160I;164P,1.0,strong,win_ssm,0.95,0.4536
