pair_id,md_group,label,variant_name,variant_signature,label_tier,pdb_file,structure_type,group_description
pair_3098,binder,1,seq44,59A;81L;83L;92M;94V;108V;141K;159I;160V;163G;167L,strong,pair_3098_open_gate.pdb,open_gate_3kdh,Experimentally validated binder (Y2H/FACS). Open-gate (3KDH backbone) structure with ligand placed before relax.
pair_3092,binder,1,seq39,59V;81D;83L;92M;94V;108A;110V;141K;159I;160V;163G;167L,strong,pair_3092_open_gate.pdb,open_gate_3kdh,Experimentally validated binder (Y2H/FACS). Open-gate (3KDH backbone) structure with ligand placed before relax.
pair_3069,binder,1,seq17,59A;81D;83L;92M;94V;108V;141K;159I;160L;163G;167I,strong,pair_3069_open_gate.pdb,open_gate_3kdh,Experimentally validated binder (Y2H/FACS). Open-gate (3KDH backbone) structure with ligand placed before relax.
pair_3070,binder,1,seq18,59A;81D;83L;92M;94V;108A;110V;141K;159I;160V;163G;167L,strong,pair_3070_open_gate.pdb,open_gate_3kdh,Experimentally validated binder (Y2H/FACS). Open-gate (3KDH backbone) structure with ligand placed before relax.
pair_3074,binder,1,seq21,59A;81D;83L;92M;94V;108V;141K;159H;160V;163L;164T;167A,strong,pair_3074_open_gate.pdb,open_gate_3kdh,Experimentally validated binder (Y2H/FACS). Open-gate (3KDH backbone) structure with ligand placed before relax.
pair_3108,binder,1,seq7,59A;81D;83L;92M;94V;108H;141K;159I;160L;163G;167I,strong,pair_3108_open_gate.pdb,open_gate_3kdh,Experimentally validated binder (Y2H/FACS). Open-gate (3KDH backbone) structure with ligand placed before relax.
pair_3101,binder,1,seq47,59V;81D;83L;92M;94V;108V;141K;159I;160L;163G;167I,strong,pair_3101_open_gate.pdb,open_gate_3kdh,Experimentally validated binder (Y2H/FACS). Open-gate (3KDH backbone) structure with ligand placed before relax.
pair_0664,non_binder,0,59v_0326,59V;81D;83L;92M;94V;108V;141K;159I;160V;163G;167L,negative,pair_0664_open_gate.pdb,open_gate_3kdh,"Did not show binding experimentally, but predicted as high-quality complex by Boltz2. Open-gate structure for MD comparison."
pair_0777,non_binder,0,59v_0208,59V;81L;92G;94V;108A;110V;120F;122W;141Q;159Y;160V;163F,negative,pair_0777_open_gate.pdb,open_gate_3kdh,"Did not show binding experimentally, but predicted as high-quality complex by Boltz2. Open-gate structure for MD comparison."
pair_3079,binder,1,seq26,59V;81D;83L;92M;94V;108V;141K;159I;160M;163G;164I;167I,strong,pair_3079_open_gate.pdb,open_gate_3kdh,Experimentally validated binder (Y2H/FACS). Open-gate (3KDH backbone) structure with ligand placed before relax.
pair_3076,binder,1,seq23,59V;81D;83L;92M;94V;108H;141K;159I;160L;163G;167I,strong,pair_3076_open_gate.pdb,open_gate_3kdh,Experimentally validated binder (Y2H/FACS). Open-gate (3KDH backbone) structure with ligand placed before relax.
pair_3099,binder,1,seq45,59V;81D;83L;92M;94V;108A;110V;120L;122W;141R;159H;160V;163L;164F;167G,strong,pair_3099_open_gate.pdb,open_gate_3kdh,Experimentally validated binder (Y2H/FACS). Open-gate (3KDH backbone) structure with ligand placed before relax.
pair_3087,binder,1,seq34,59V;81D;83L;92M;94V;108H;141K;159I;160V;163G;167L,strong,pair_3087_open_gate.pdb,open_gate_3kdh,Experimentally validated binder (Y2H/FACS). Open-gate (3KDH backbone) structure with ligand placed before relax.
pair_3062,binder,1,seq10,59V;81D;83L;92M;94V;108A;110V;117V;120L;122T;141K;159I;160V;163G;167L,strong,pair_3062_open_gate.pdb,open_gate_3kdh,Experimentally validated binder (Y2H/FACS). Open-gate (3KDH backbone) structure with ligand placed before relax.
pair_1939,non_binder,0,59a_0028,59A;81L;92A;94V;108A;110V;120F;122W;141Q;159Y;160V;163F;167A,negative,pair_1939_open_gate.pdb,open_gate_3kdh,"Did not show binding experimentally, but predicted as high-quality complex by Boltz2. Open-gate structure for MD comparison."
pair_1824,non_binder,0,59a_0144,59A;81L;83A;92G;94V;108S;110V;120F;122W;141Q;160V;163L;164F;167T,negative,pair_1824_open_gate.pdb,open_gate_3kdh,"Did not show binding experimentally, but predicted as high-quality complex by Boltz2. Open-gate structure for MD comparison."
pair_3059,binder,1,59v_0379,59V;81L;83A;92A;108A;110V;120L;122W;141R;159H;160V;163L;164F;167G,strong,pair_3059_open_gate.pdb,open_gate_3kdh,Experimentally validated binder (Y2H/FACS). Open-gate (3KDH backbone) structure with ligand placed before relax.
pair_3064,binder,1,seq12,59A;81D;83L;92M;94V;108A;110V;117V;120L;122T;141Q;159Y;160V;163F;167A,strong,pair_3064_open_gate.pdb,open_gate_3kdh,Experimentally validated binder (Y2H/FACS). Open-gate (3KDH backbone) structure with ligand placed before relax.
pair_3063,binder,1,seq11,59A;81D;83L;92M;94V;108A;110V;117V;120L;122T;141K;159I;160M;163G;164I;167I,strong,pair_3063_open_gate.pdb,open_gate_3kdh,Experimentally validated binder (Y2H/FACS). Open-gate (3KDH backbone) structure with ligand placed before relax.
pair_0827,non_binder,0,59v_0157,59V;81L;92G;94V;108A;110V;120F;122W;141Q;160V;163F;167V,negative,pair_0827_open_gate.pdb,open_gate_3kdh,"Did not show binding experimentally, but predicted as high-quality complex by Boltz2. Open-gate structure for MD comparison."
pair_1860,non_binder,0,59a_0107,59A;81L;92A;94V;108A;110V;117V;120F;122W;141Q;159Y;160M;163L;164F;167A,negative,pair_1860_open_gate.pdb,open_gate_3kdh,"Did not show binding experimentally, but predicted as high-quality complex by Boltz2. Open-gate structure for MD comparison."
pair_3088,binder,1,seq35,59V;81D;83L;92M;94V;108V;117V;120L;122T;141K;159I;160L;163G;167I,strong,pair_3088_open_gate.pdb,open_gate_3kdh,Experimentally validated binder (Y2H/FACS). Open-gate (3KDH backbone) structure with ligand placed before relax.
pair_3104,binder,1,seq5,59V;81D;83L;92M;94V;108A;110V;117T;120L;122T;141K;159I;160L;163G;167I,strong,pair_3104_open_gate.pdb,open_gate_3kdh,Experimentally validated binder (Y2H/FACS). Open-gate (3KDH backbone) structure with ligand placed before relax.
pair_0647,non_binder,0,59v_0344,59V;81D;83L;92L;94L;108H;141K;159I;160L;163G;164Y;167I,negative,pair_0647_open_gate.pdb,open_gate_3kdh,"Did not show binding experimentally, but predicted as high-quality complex by Boltz2. Open-gate structure for MD comparison."
pair_3077,binder,1,seq24,59V;81D;83L;92M;94L;108A;110V;117V;120L;122T;141K;159I;160V;163G;167L,strong,pair_3077_open_gate.pdb,open_gate_3kdh,Experimentally validated binder (Y2H/FACS). Open-gate (3KDH backbone) structure with ligand placed before relax.
pair_1785,non_binder,0,59a_0184,59A;83F;92A;94V;108A;117V;120F;122W;141R;159I;160V;163G;167M,negative,pair_1785_open_gate.pdb,open_gate_3kdh,"Did not show binding experimentally, but predicted as high-quality complex by Boltz2. Open-gate structure for MD comparison."
pair_3073,binder,1,seq20,59L;81D;83L;92M;94V;108V;141K;159I;160L;163G;167I,strong,pair_3073_open_gate.pdb,open_gate_3kdh,Experimentally validated binder (Y2H/FACS). Open-gate (3KDH backbone) structure with ligand placed before relax.
pair_3068,binder,1,seq16_designed,59V;81D;83L;92M;94V;108A;110V;117V;120L;122T;141K;159I;160L;163G;167I,strong,pair_3068_open_gate.pdb,open_gate_3kdh,Experimentally validated binder (Y2H/FACS). Open-gate (3KDH backbone) structure with ligand placed before relax.
pair_3103,binder,1,seq49,59V;81D;83L;92M;94V;108A;110V;117V;120L;122T;141K;159I;160L;163G;167L,strong,pair_3103_open_gate.pdb,open_gate_3kdh,Experimentally validated binder (Y2H/FACS). Open-gate (3KDH backbone) structure with ligand placed before relax.
pair_1656,non_binder,0,59a_0318,59A;81L;92A;94Q;108S;110V;117V;120L;122W;141Q;159H;160M;163F;164F;167A,negative,pair_1656_open_gate.pdb,open_gate_3kdh,"Did not show binding experimentally, but predicted as high-quality complex by Boltz2. Open-gate structure for MD comparison."
pair_1914,non_binder,0,59a_0053,59A;81L;83A;92A;94V;108Q;110V;120F;122W;141R;159H;160V;163F;164F;167T,negative,pair_1914_open_gate.pdb,open_gate_3kdh,"Did not show binding experimentally, but predicted as high-quality complex by Boltz2. Open-gate structure for MD comparison."
pair_0867,non_binder,0,59v_0116,59V;81L;83A;92G;94V;108Q;110V;120F;122W;141R;160V;163L;164F;167A,negative,pair_0867_open_gate.pdb,open_gate_3kdh,"Did not show binding experimentally, but predicted as high-quality complex by Boltz2. Open-gate structure for MD comparison."
pair_0602,non_binder,0,59v_0390,59V;81L;83A;92A;94V;108A;110V;122W;141Q;159H;160V;163L;164I;167A,negative,pair_0602_open_gate.pdb,open_gate_3kdh,"Did not show binding experimentally, but predicted as high-quality complex by Boltz2. Open-gate structure for MD comparison."
pair_0776,non_binder,0,59v_0209,59V;81L;92G;94V;108S;110V;120F;122W;141Q;159Y;160V;163F;167A,negative,pair_0776_open_gate.pdb,open_gate_3kdh,"Did not show binding experimentally, but predicted as high-quality complex by Boltz2. Open-gate structure for MD comparison."
pair_1961,non_binder,0,59a_0006,59A;81L;92G;94V;108A;110V;117V;120L;122W;141R;159H;160M;163I;164F;167A,negative,pair_1961_open_gate.pdb,open_gate_3kdh,"Did not show binding experimentally, but predicted as high-quality complex by Boltz2. Open-gate structure for MD comparison."
pair_3071,binder,1,seq19,59V;81D;83L;92M;94L;108A;110V;117V;120L;122T;141K;159I;160L;163G;167I,strong,pair_3071_open_gate.pdb,open_gate_3kdh,Experimentally validated binder (Y2H/FACS). Open-gate (3KDH backbone) structure with ligand placed before relax.
pair_0765,non_binder,0,59v_0220,59V;81L;83A;92G;94V;108Q;110V;120F;122W;141Q;160V;163F;164F;167A,negative,pair_0765_open_gate.pdb,open_gate_3kdh,"Did not show binding experimentally, but predicted as high-quality complex by Boltz2. Open-gate structure for MD comparison."
pair_0822,non_binder,0,59v_0163,59V;81D;83A;92A;94V;108A;110V;117V;120L;122W;141Q;159I;160M;163F;164F;167T,negative,pair_0822_open_gate.pdb,open_gate_3kdh,"Did not show binding experimentally, but predicted as high-quality complex by Boltz2. Open-gate structure for MD comparison."
pair_1784,non_binder,0,59a_0185,59A;83F;92A;94V;117V;122T;141R;159I;160V;163G;164I;167D,negative,pair_1784_open_gate.pdb,open_gate_3kdh,"Did not show binding experimentally, but predicted as high-quality complex by Boltz2. Open-gate structure for MD comparison."
pair_3067,binder,1,seq15,59V;81D;83L;92M;94V;108A;110V;117V;120L;122T;141K;159I;160L;163G;164Y;167I,strong,pair_3067_open_gate.pdb,open_gate_3kdh,Experimentally validated binder (Y2H/FACS). Open-gate (3KDH backbone) structure with ligand placed before relax.
pair_3086,binder,1,seq33,59A;81D;83L;92M;94V;108A;110V;117V;120L;122T;141K;159I;160V;163G;167L,strong,pair_3086_open_gate.pdb,open_gate_3kdh,Experimentally validated binder (Y2H/FACS). Open-gate (3KDH backbone) structure with ligand placed before relax.
pair_0506,non_binder,0,59v_0486,59V;81L;92A;108A;110V;120E;122W;141R;160M;163L;164F;167G,negative,pair_0506_open_gate.pdb,open_gate_3kdh,"Did not show binding experimentally, but predicted as high-quality complex by Boltz2. Open-gate structure for MD comparison."
pair_3078,binder,1,seq25,59V;81D;83L;92M;94V;108A;110V;117V;120L;122T;141K;159H;160M;163I;164F;167A,strong,pair_3078_open_gate.pdb,open_gate_3kdh,Experimentally validated binder (Y2H/FACS). Open-gate (3KDH backbone) structure with ligand placed before relax.
pair_3085,binder,1,seq31_designed,59A;81D;83L;92M;94V;108A;110V;117V;120L;122T;141K;159I;160L;163G;167I,strong,pair_3085_open_gate.pdb,open_gate_3kdh,Experimentally validated binder (Y2H/FACS). Open-gate (3KDH backbone) structure with ligand placed before relax.
pair_1397,non_binder,0,59l_0079,59L;81L;83A;92A;94V;108A;110V;120L;122W;141Q;159Y;160V;163L;164F;167A,negative,pair_1397_open_gate.pdb,open_gate_3kdh,"Did not show binding experimentally, but predicted as high-quality complex by Boltz2. Open-gate structure for MD comparison."
pair_0288,non_binder,0,wt_mandi_0208,59R;81L;92G;94V;108A;110V;120F;122W;141Q;159Y;160V;163F,negative,pair_0288_open_gate.pdb,open_gate_3kdh,"Did not show binding experimentally, but predicted as high-quality complex by Boltz2. Open-gate structure for MD comparison."
pair_1023,non_binder,0,59l_0459,59L;81L;83L;92A;94Q;108A;110V;117A;120F;122W;141R;159I;160Y;163F;164F;167A,negative,pair_1023_open_gate.pdb,open_gate_3kdh,"Did not show binding experimentally, but predicted as high-quality complex by Boltz2. Open-gate structure for MD comparison."
pair_0876,non_binder,0,59v_0107,59V;81L;92A;94V;108A;110V;117V;120F;122W;141Q;159Y;160M;163L;164F;167A,negative,pair_0876_open_gate.pdb,open_gate_3kdh,"Did not show binding experimentally, but predicted as high-quality complex by Boltz2. Open-gate structure for MD comparison."
pair_1679,non_binder,0,59a_0293,59A;81L;83A;92G;94V;108A;110V;120E;122W;141Q;159Y;160M;163I;164F;167G,negative,pair_1679_open_gate.pdb,open_gate_3kdh,"Did not show binding experimentally, but predicted as high-quality complex by Boltz2. Open-gate structure for MD comparison."
pair_1938,non_binder,0,59a_0029,59A;81L;92A;94V;108A;110V;120F;122W;141Q;159Y;160M;163F;167A,negative,pair_1938_open_gate.pdb,open_gate_3kdh,"Did not show binding experimentally, but predicted as high-quality complex by Boltz2. Open-gate structure for MD comparison."
pair_0502,non_binder,0,59v_0490,59V;81L;83F;92A;94V;117V;122Q;141K;159V;160V;163G;164I;167V,negative,pair_0502_open_gate.pdb,open_gate_3kdh,"Did not show binding experimentally, but predicted as high-quality complex by Boltz2. Open-gate structure for MD comparison."
pair_0549,non_binder,0,59v_0443,59V;81L;83A;92G;94V;108Q;110V;120F;122W;141R;159L;160V;163F;164F;167T,negative,pair_0549_open_gate.pdb,open_gate_3kdh,"Did not show binding experimentally, but predicted as high-quality complex by Boltz2. Open-gate structure for MD comparison."
pair_3091,binder,1,seq38,59V;81D;83L;92M;94V;108A;110V;117V;120L;122T;141K;159I;160M;163G;164I;167I,strong,pair_3091_open_gate.pdb,open_gate_3kdh,Experimentally validated binder (Y2H/FACS). Open-gate (3KDH backbone) structure with ligand placed before relax.
pair_0932,non_binder,0,59v_0051,59V;81D;83F;92A;94V;108A;117A;120F;122W;141R;159I;160V;163G;164F;167V,negative,pair_0932_open_gate.pdb,open_gate_3kdh,"Did not show binding experimentally, but predicted as high-quality complex by Boltz2. Open-gate structure for MD comparison."
pair_0246,non_binder,0,wt_mandi_0251,59R;81L;92G;94V;108S;110V;120F;122W;141Q;160V;163F;167A,negative,pair_0246_open_gate.pdb,open_gate_3kdh,"Did not show binding experimentally, but predicted as high-quality complex by Boltz2. Open-gate structure for MD comparison."
pair_0748,non_binder,0,59v_0238,59V;81L;92G;94V;108A;110V;141Q;159Y;160M;163F;164Y;167I,negative,pair_0748_open_gate.pdb,open_gate_3kdh,"Did not show binding experimentally, but predicted as high-quality complex by Boltz2. Open-gate structure for MD comparison."
pair_1654,non_binder,0,59a_0320,59A;81D;92A;94Q;108A;110V;117V;120L;122W;141Q;159H;160M;163F;164F;167A,negative,pair_1654_open_gate.pdb,open_gate_3kdh,"Did not show binding experimentally, but predicted as high-quality complex by Boltz2. Open-gate structure for MD comparison."
pair_0269,non_binder,0,wt_mandi_0228,59R;81L;92G;94V;108A;110V;120F;122W;141Q;159Y;160V;163F;164F;167A,negative,pair_0269_open_gate.pdb,open_gate_3kdh,"Did not show binding experimentally, but predicted as high-quality complex by Boltz2. Open-gate structure for MD comparison."
pair_0341,non_binder,0,wt_mandi_0154,59R;81L;92G;94V;108A;110V;120F;122W;141Q;160V;163F;167T,negative,pair_0341_open_gate.pdb,open_gate_3kdh,"Did not show binding experimentally, but predicted as high-quality complex by Boltz2. Open-gate structure for MD comparison."
pair_0584,non_binder,0,59v_0408,59V;81D;83L;92A;94V;108A;110V;117V;120L;122W;141K;159I;160M;163L;164I;167G,negative,pair_0584_open_gate.pdb,open_gate_3kdh,"Did not show binding experimentally, but predicted as high-quality complex by Boltz2. Open-gate structure for MD comparison."
pair_0908,non_binder,0,59v_0075,59V;81L;83A;92G;94V;108A;110V;120F;122W;141Q;160V;163F;167A,negative,pair_0908_open_gate.pdb,open_gate_3kdh,"Did not show binding experimentally, but predicted as high-quality complex by Boltz2. Open-gate structure for MD comparison."
pair_0891,non_binder,0,59v_0092,59V;81L;83A;92G;94V;110L;141R;160V;163F;167A,negative,pair_0891_open_gate.pdb,open_gate_3kdh,"Did not show binding experimentally, but predicted as high-quality complex by Boltz2. Open-gate structure for MD comparison."
pair_0883,non_binder,0,59v_0100,59V;81L;83A;92G;94V;108A;110V;122W;141Q;159Y;160M;163I;164F;167A,negative,pair_0883_open_gate.pdb,open_gate_3kdh,"Did not show binding experimentally, but predicted as high-quality complex by Boltz2. Open-gate structure for MD comparison."
pair_1709,non_binder,0,59a_0263,59A;81L;92A;94V;108A;110V;117V;120L;122W;141Q;159L;160M;163L;164F;167A,negative,pair_1709_open_gate.pdb,open_gate_3kdh,"Did not show binding experimentally, but predicted as high-quality complex by Boltz2. Open-gate structure for MD comparison."
pair_0782,non_binder,0,59v_0203,59V;81D;92A;94V;108A;110V;117V;120E;122W;141Q;159I;160M;163F;164F;167A,negative,pair_0782_open_gate.pdb,open_gate_3kdh,"Did not show binding experimentally, but predicted as high-quality complex by Boltz2. Open-gate structure for MD comparison."
pair_0974,non_binder,0,59v_0009,59V;81L;83A;92G;94V;108A;110V;120F;122W;141Q;159Y;160V;163L;164F;167T,negative,pair_0974_open_gate.pdb,open_gate_3kdh,"Did not show binding experimentally, but predicted as high-quality complex by Boltz2. Open-gate structure for MD comparison."
pair_0684,non_binder,0,59v_0305,59V;81L;83A;92G;94V;108A;110V;120F;122W;141R;159L;160V;163F;164F;167A,negative,pair_0684_open_gate.pdb,open_gate_3kdh,"Did not show binding experimentally, but predicted as high-quality complex by Boltz2. Open-gate structure for MD comparison."
pair_3075,binder,1,seq22_designed,59A;81D;83L;92M;94L;108A;110V;117V;120L;122T;141K;159I;160M;163G;164I;167I,strong,pair_3075_open_gate.pdb,open_gate_3kdh,Experimentally validated binder (Y2H/FACS). Open-gate (3KDH backbone) structure with ligand placed before relax.
pair_3100,binder,1,seq46,59V;81L;83A;92A;108H;110V;141K;159I;160L;163G;167I,strong,pair_3100_open_gate.pdb,open_gate_3kdh,Experimentally validated binder (Y2H/FACS). Open-gate (3KDH backbone) structure with ligand placed before relax.
pair_1792,non_binder,0,59a_0177,59A;81L;83A;92G;94V;108Q;110V;120F;122W;141R;159Y;160V;163L;164F;167G,negative,pair_1792_open_gate.pdb,open_gate_3kdh,"Did not show binding experimentally, but predicted as high-quality complex by Boltz2. Open-gate structure for MD comparison."
pair_1671,non_binder,0,59a_0302,59A;81L;83A;92G;94V;108Q;110V;120F;122W;141Q;159Y;160V;163L;164F;167A,negative,pair_1671_open_gate.pdb,open_gate_3kdh,"Did not show binding experimentally, but predicted as high-quality complex by Boltz2. Open-gate structure for MD comparison."
pair_3066,binder,1,seq14_designed,59V;81D;83L;92M;94L;108A;110V;117V;120L;122T;141K;159I;160M;163G;164I;167I,strong,pair_3066_open_gate.pdb,open_gate_3kdh,Experimentally validated binder (Y2H/FACS). Open-gate (3KDH backbone) structure with ligand placed before relax.
pair_3080,binder,1,seq27,59V;81D;83L;92M;94V;108A;110V;117V;120L;122T;141K;160V;163F;167A,strong,pair_3080_open_gate.pdb,open_gate_3kdh,Experimentally validated binder (Y2H/FACS). Open-gate (3KDH backbone) structure with ligand placed before relax.
pair_0868,non_binder,0,59v_0115,59V;81L;83A;92G;94V;108Q;110V;120F;122W;141R;159Y;160V;163F;164F;167A,negative,pair_0868_open_gate.pdb,open_gate_3kdh,"Did not show binding experimentally, but predicted as high-quality complex by Boltz2. Open-gate structure for MD comparison."
pair_0736,non_binder,0,59v_0250,59V;81L;92A;94V;108S;110V;117W;120F;122W;141Q;159I;160V;163F;167A,negative,pair_0736_open_gate.pdb,open_gate_3kdh,"Did not show binding experimentally, but predicted as high-quality complex by Boltz2. Open-gate structure for MD comparison."
pair_1965,non_binder,0,59a_0002,59A;81L;83F;92A;94V;108Y;117I;120F;122W;141R;159I;160V;163G;167T,negative,pair_1965_open_gate.pdb,open_gate_3kdh,"Did not show binding experimentally, but predicted as high-quality complex by Boltz2. Open-gate structure for MD comparison."
pair_0272,non_binder,0,wt_mandi_0225,59R;81L;92A;94V;108Q;110V;117V;120L;122W;141Q;159L;160M;163L;164F;167A,negative,pair_0272_open_gate.pdb,open_gate_3kdh,"Did not show binding experimentally, but predicted as high-quality complex by Boltz2. Open-gate structure for MD comparison."
pair_0450,non_binder,0,wt_mandi_0044,59R;81L;83L;92A;94V;108Y;110V;117A;141Q;160V;163I;167G,negative,pair_0450_open_gate.pdb,open_gate_3kdh,"Did not show binding experimentally, but predicted as high-quality complex by Boltz2. Open-gate structure for MD comparison."
pair_1922,non_binder,0,59a_0045,59A;81L;83L;92A;94V;108Y;110V;117A;141Q;159Y;160V;163I;167G,negative,pair_1922_open_gate.pdb,open_gate_3kdh,"Did not show binding experimentally, but predicted as high-quality complex by Boltz2. Open-gate structure for MD comparison."
pair_3072,binder,1,seq2,59A;81D;83L;92M;94V;108A;110V;117V;120L;122T;141K;159I;160L;163G;164Y;167I,strong,pair_3072_open_gate.pdb,open_gate_3kdh,Experimentally validated binder (Y2H/FACS). Open-gate (3KDH backbone) structure with ligand placed before relax.
pair_1658,non_binder,0,59a_0316,59A;81D;92A;94Q;108A;110V;117V;120L;122W;141Q;159L;160M;163F;164F;167A,negative,pair_1658_open_gate.pdb,open_gate_3kdh,"Did not show binding experimentally, but predicted as high-quality complex by Boltz2. Open-gate structure for MD comparison."
pair_0091,non_binder,0,wt_mandi_0409,59R;81L;83L;92A;94V;108A;110V;117V;120L;122W;141Q;159R;160M;163L;164I;167G,negative,pair_0091_open_gate.pdb,open_gate_3kdh,"Did not show binding experimentally, but predicted as high-quality complex by Boltz2. Open-gate structure for MD comparison."
pair_0351,non_binder,0,wt_mandi_0144,59R;81L;83A;92G;94V;108S;110V;120F;122W;141Q;160V;163L;164F;167T,negative,pair_0351_open_gate.pdb,open_gate_3kdh,"Did not show binding experimentally, but predicted as high-quality complex by Boltz2. Open-gate structure for MD comparison."
pair_1011,non_binder,0,59l_0471,59L;81L;83A;92A;108A;110V;120E;122W;141R;160V;163F;164X;167X,negative,pair_1011_open_gate.pdb,open_gate_3kdh,"Did not show binding experimentally, but predicted as high-quality complex by Boltz2. Open-gate structure for MD comparison."
pair_1102,non_binder,0,59l_0380,59L;81L;83A;92A;94V;108X;110V;120F;122W;141R;159H;160M;163L;164F;167G,negative,pair_1102_open_gate.pdb,open_gate_3kdh,"Did not show binding experimentally, but predicted as high-quality complex by Boltz2. Open-gate structure for MD comparison."
pair_0052,non_binder,0,wt_mandi_0448,59R;81L;92A;94V;108A;110V;120L;122W;141Q;159Y;160V;163L;167G,negative,pair_0052_open_gate.pdb,open_gate_3kdh,"Did not show binding experimentally, but predicted as high-quality complex by Boltz2. Open-gate structure for MD comparison."
pair_0811,non_binder,0,59v_0174,59V;81L;92G;94V;108A;110V;117V;120L;122W;141R;159Y;160M;163I;164F;167A,negative,pair_0811_open_gate.pdb,open_gate_3kdh,"Did not show binding experimentally, but predicted as high-quality complex by Boltz2. Open-gate structure for MD comparison."
pair_1758,non_binder,0,59a_0211,59A;81L;83A;92A;108A;110V;120E;122W;141R;159H;160V;163F;164F;167A,negative,pair_1758_open_gate.pdb,open_gate_3kdh,"Did not show binding experimentally, but predicted as high-quality complex by Boltz2. Open-gate structure for MD comparison."
pair_0878,non_binder,0,59v_0105,59V;81L;83A;92G;94V;108L;110V;120F;122M;141Q;160V;163F;164M;167A,negative,pair_0878_open_gate.pdb,open_gate_3kdh,"Did not show binding experimentally, but predicted as high-quality complex by Boltz2. Open-gate structure for MD comparison."
pair_1710,non_binder,0,59a_0262,59A;81L;92A;94V;108Q;110V;117V;120L;122W;141Q;159L;160M;163F;164F;167A,negative,pair_1710_open_gate.pdb,open_gate_3kdh,"Did not show binding experimentally, but predicted as high-quality complex by Boltz2. Open-gate structure for MD comparison."
pair_0276,non_binder,0,wt_mandi_0220,59R;81L;83A;92G;94V;108Q;110V;120F;122W;141Q;160V;163F;164F;167A,negative,pair_0276_open_gate.pdb,open_gate_3kdh,"Did not show binding experimentally, but predicted as high-quality complex by Boltz2. Open-gate structure for MD comparison."
pair_1737,non_binder,0,59a_0233,59A;81D;83F;92A;94V;108W;117I;120F;122W;141R;159I;160V;163G;167T,negative,pair_1737_open_gate.pdb,open_gate_3kdh,"Did not show binding experimentally, but predicted as high-quality complex by Boltz2. Open-gate structure for MD comparison."
pair_1313,non_binder,0,59l_0165,59L;81D;83A;92A;94V;108A;110V;117V;120L;122W;141Q;159I;160M;163F;164F;167A,negative,pair_1313_open_gate.pdb,open_gate_3kdh,"Did not show binding experimentally, but predicted as high-quality complex by Boltz2. Open-gate structure for MD comparison."
pair_1835,non_binder,0,59a_0133,59A;81L;92A;94V;108W;110V;120L;122W;141R;159H;160M;163L;164Y;167G,negative,pair_1835_open_gate.pdb,open_gate_3kdh,"Did not show binding experimentally, but predicted as high-quality complex by Boltz2. Open-gate structure for MD comparison."
pair_3061,binder,1,seq1,59V;81D;83L;92M;94V;108A;110V;117V;120L;122T;141Q;159Y;160V;163F;167A,strong,pair_3061_open_gate.pdb,open_gate_3kdh,Experimentally validated binder (Y2H/FACS). Open-gate (3KDH backbone) structure with ligand placed before relax.
pair_0940,non_binder,0,59v_0043,59V;81D;83L;92A;94V;108Y;110V;117A;141K;160I;163I;167G,negative,pair_0940_open_gate.pdb,open_gate_3kdh,"Did not show binding experimentally, but predicted as high-quality complex by Boltz2. Open-gate structure for MD comparison."
pair_0977,non_binder,0,59v_0006,59V;81L;92G;94V;108A;110V;117V;120L;122W;141R;159H;160M;163I;164F;167A,negative,pair_0977_open_gate.pdb,open_gate_3kdh,"Did not show binding experimentally, but predicted as high-quality complex by Boltz2. Open-gate structure for MD comparison."
pair_1847,non_binder,0,59a_0121,59A;81L;83A;92A;94V;108A;110V;120E;122W;141R;159H;160M;163F;164F;167A,negative,pair_1847_open_gate.pdb,open_gate_3kdh,"Did not show binding experimentally, but predicted as high-quality complex by Boltz2. Open-gate structure for MD comparison."
pair_0567,non_binder,0,59v_0425,59V;81L;92A;94V;108A;110V;120F;122W;141R;159I;160V;163F;164F;167A,negative,pair_0567_open_gate.pdb,open_gate_3kdh,"Did not show binding experimentally, but predicted as high-quality complex by Boltz2. Open-gate structure for MD comparison."
pair_0865,non_binder,0,59v_0118,59V;81L;83A;92G;94V;108Q;110L;122W;141Q;159Y;160V;163L;164I;167A,negative,pair_0865_open_gate.pdb,open_gate_3kdh,"Did not show binding experimentally, but predicted as high-quality complex by Boltz2. Open-gate structure for MD comparison."
pair_1331,negative_low_pocket,0,59l_0146,59L;81D;92A;94V;108Y;110V;117V;120L;122T;141Q;159R;160M;163F;164I;167G,negative,pair_1331_open_gate.pdb,open_gate_3kdh,Predicted with correct ligand placement but low pocket confidence. Open-gate structure for MD negative control.
pair_1931,negative_low_pocket,0,59a_0036,59A;81L;92A;108S;110V;117V;120E;122W;141R;159L;160M;163F;164F;167A,negative,pair_1931_open_gate.pdb,open_gate_3kdh,Predicted with correct ligand placement but low pocket confidence. Open-gate structure for MD negative control.
pair_0482,negative_low_pocket,0,wt_mandi_0012,59R;81D;92A;94Q;110V;117V;120E;122W;141R;159L;160M;163F;164F;167A,negative,pair_0482_open_gate.pdb,open_gate_3kdh,Predicted with correct ligand placement but low pocket confidence. Open-gate structure for MD negative control.
pair_0008,negative_low_pocket,0,wt_mandi_0492,59R;81I;83A;92A;108A;110V;120E;122W;141R;159Y;160V;163I;164F;167A,negative,pair_0008_open_gate.pdb,open_gate_3kdh,Predicted with correct ligand placement but low pocket confidence. Open-gate structure for MD negative control.
pair_0393,negative_low_pocket,0,wt_mandi_0101,59R;81L;92A;94V;110V;117V;120E;141R;159L;160M;163F;164Y;167A,negative,pair_0393_open_gate.pdb,open_gate_3kdh,Predicted with correct ligand placement but low pocket confidence. Open-gate structure for MD negative control.
pair_0065,negative_low_pocket,0,wt_mandi_0435,59R;81L;83A;92A;94V;110V;117V;120E;122W;141R;159H;160M;163L;164I;167A,negative,pair_0065_open_gate.pdb,open_gate_3kdh,Predicted with correct ligand placement but low pocket confidence. Open-gate structure for MD negative control.
pair_0947,negative_low_pocket,0,59v_0036,59V;81L;92A;108S;110V;117V;120E;122W;141R;159L;160M;163F;164F;167A,negative,pair_0947_open_gate.pdb,open_gate_3kdh,Predicted with correct ligand placement but low pocket confidence. Open-gate structure for MD negative control.
pair_1413,negative_low_pocket,0,59l_0063,59L;81L;92A;108G;110V;117V;120E;122W;141R;159H;160M;163F;164F;167A,negative,pair_1413_open_gate.pdb,open_gate_3kdh,Predicted with correct ligand placement but low pocket confidence. Open-gate structure for MD negative control.
pair_1708,negative_low_pocket,0,59a_0264,59A;81D;92A;94V;108Q;110V;117V;120L;122W;141Q;159H;160M;163L;164F;167A,negative,pair_1708_open_gate.pdb,open_gate_3kdh,Predicted with correct ligand placement but low pocket confidence. Open-gate structure for MD negative control.
pair_0948,negative_low_pocket,0,59v_0035,59V;81L;92A;108A;110V;117V;120E;122W;141R;159L;160M;163F;164F;167A,negative,pair_0948_open_gate.pdb,open_gate_3kdh,Predicted with correct ligand placement but low pocket confidence. Open-gate structure for MD negative control.
pair_1941,negative_fail_gate,0,59a_0026,59A;81L;83A;92A;94V;108G;110V;122W;141Q;159H;160V;163F;167A,negative,pair_1941_open_gate.pdb,open_gate_3kdh,Predicted with low-confidence ligand placement or incorrect H-bonding. Open-gate structure for MD negative control.
pair_1739,negative_fail_gate,0,59a_0231,59A;81L;92G;94V;108A;110V;120E;122W;141L;159Y;160M;163F;164F;167A,negative,pair_1739_open_gate.pdb,open_gate_3kdh,Predicted with low-confidence ligand placement or incorrect H-bonding. Open-gate structure for MD negative control.
pair_0715,negative_fail_gate,0,59v_0273,59V;81L;83A;92G;94V;108S;110L;141Q;159Y;160V;163I;164I;167T,negative,pair_0715_open_gate.pdb,open_gate_3kdh,Predicted with low-confidence ligand placement or incorrect H-bonding. Open-gate structure for MD negative control.
pair_1094,negative_fail_gate,0,59l_0388,59L;83A;92A;108A;110L;120F;122W;141R;160V;163F;167T,negative,pair_1094_open_gate.pdb,open_gate_3kdh,Predicted with low-confidence ligand placement or incorrect H-bonding. Open-gate structure for MD negative control.
pair_1682,negative_fail_gate,0,59a_0290,59A;81L;83A;92A;108A;110L;120E;122W;141R;159Y;160V;163F;164F;167G,negative,pair_1682_open_gate.pdb,open_gate_3kdh,Predicted with low-confidence ligand placement or incorrect H-bonding. Open-gate structure for MD negative control.
pair_0014,negative_fail_gate,0,wt_mandi_0486,59R;81L;92A;108A;110V;120E;122W;141R;160M;163L;164F;167G,negative,pair_0014_open_gate.pdb,open_gate_3kdh,Predicted with low-confidence ligand placement or incorrect H-bonding. Open-gate structure for MD negative control.
pair_0263,negative_fail_gate,0,wt_mandi_0234,59R;81D;83F;92A;94V;108W;117V;122T;141K;159I;160V;163G;164I;167T,negative,pair_0263_open_gate.pdb,open_gate_3kdh,Predicted with low-confidence ligand placement or incorrect H-bonding. Open-gate structure for MD negative control.
pair_1745,negative_fail_gate,0,59a_0225,59A;81L;92A;94V;108Q;110V;117V;120L;122W;141Q;159L;160M;163L;164F;167A,negative,pair_1745_open_gate.pdb,open_gate_3kdh,Predicted with low-confidence ligand placement or incorrect H-bonding. Open-gate structure for MD negative control.
pair_0997,negative_fail_gate,0,59l_0485,59L;81L;83A;92A;94V;141R;159H;160V;163L;167A,negative,pair_0997_open_gate.pdb,open_gate_3kdh,Predicted with low-confidence ligand placement or incorrect H-bonding. Open-gate structure for MD negative control.
pair_0540,negative_fail_gate,0,59v_0452,59V;81L;83A;92G;94V;108A;110V;120E;122W;141Q;159Y;160M;163I;164F;167A,negative,pair_0540_open_gate.pdb,open_gate_3kdh,Predicted with low-confidence ligand placement or incorrect H-bonding. Open-gate structure for MD negative control.
